elo,server,patch,label,name,role,role_pickrate,tier,winrate,winrate_evol,pickrate,games
TOUT,TOUT,16.3,1,Briar,jun,91.1%,S+,52.8%,+1.5%,6.7%,599 576
TOUT,TOUT,16.3,2,Miss Fortune,adc,97.0%,S+,51.7%,-0.0%,15.5%,1 386 160
TOUT,TOUT,16.3,3,Malzahar,mid,92.2%,S+,52.3%,+0.0%,8.1%,724 180
TOUT,TOUT,16.3,4,Swain,adc,18.6%,S+,54.6%,-0.1%,1.7%,154 988
TOUT,TOUT,16.3,5,Jinx,adc,99.5%,S+,51.6%,-0.2%,16.6%,1 485 175
TOUT,TOUT,16.3,6,Nami,sup,99.9%,S+,52.1%,+0.0%,11.8%,1 056 128
TOUT,TOUT,16.3,7,Braum,sup,99.7%,S+,51.9%,-0.9%,8.0%,713 525
TOUT,TOUT,16.3,8,Dr.Mundo,jun,45.1%,S+,52.9%,+0.1%,4.5%,399 990
TOUT,TOUT,16.3,9,Mordekaiser,top,88.8%,S+,51.6%,+0.4%,8.1%,726 440
TOUT,TOUT,16.3,10,Kayle,top,85.8%,S,52.8%,+0.1%,5.6%,502 463
TOUT,TOUT,16.3,11,Ahri,mid,97.6%,S,51.1%,+1.1%,12.0%,1 076 619
TOUT,TOUT,16.3,12,Twitch,adc,90.8%,S,51.9%,+0.1%,7.1%,635 403
TOUT,TOUT,16.3,13,Veigar,mid,75.8%,S,52.5%,-0.0%,7.5%,672 226
TOUT,TOUT,16.3,14,Caitlyn,adc,98.1%,S,49.9%,-0.3%,22.1%,1 974 773
TOUT,TOUT,16.3,15,Veigar,adc,16.1%,S,54.2%,-0.4%,1.6%,142 278
TOUT,TOUT,16.3,16,Yasuo,mid,72.8%,S,50.2%,-0.4%,10.9%,979 041
TOUT,TOUT,16.3,17,Morgana,sup,85.9%,S,50.9%,+0.0%,8.4%,755 313
TOUT,TOUT,16.3,18,Amumu,jun,91.6%,S,53.1%,-0.3%,5.1%,455 653
TOUT,TOUT,16.3,19,Rammus,jun,93.3%,S,53.5%,-0.2%,2.7%,245 448
TOUT,TOUT,16.3,20,Leona,sup,99.6%,S,51.3%,+0.1%,8.7%,777 027
TOUT,TOUT,16.3,21,Smolder,adc,86.4%,S,51.4%,-0.1%,9.1%,818 242
TOUT,TOUT,16.3,22,Viego,jun,96.9%,S,49.5%,-0.1%,15.1%,1 347 275
TOUT,TOUT,16.3,23,Volibear,jun,59.4%,S,51.4%,-2.3%,5.8%,522 154
TOUT,TOUT,16.3,24,Naafiri,mid,60.4%,A,51.5%,-0.4%,4.6%,414 588
TOUT,TOUT,16.3,25,Malphite,top,53.4%,A,51.0%,+0.1%,6.4%,574 618
TOUT,TOUT,16.3,26,Milio,sup,99.7%,A,51.8%,-0.2%,6.3%,565 606
TOUT,TOUT,16.3,27,Lux,mid,32.0%,A,51.4%,-0.1%,4.9%,440 798
TOUT,TOUT,16.3,28,Yorick,top,92.2%,A,51.3%,-0.3%,5.0%,450 773
TOUT,TOUT,16.3,29,Swain,mid,18.4%,A,52.7%,-0.5%,1.7%,153 149
TOUT,TOUT,16.3,30,Dr.Mundo,top,52.5%,A,51.1%,-0.3%,5.2%,466 106
TOUT,TOUT,16.3,31,Thresh,sup,99.3%,A,50.3%,+0.2%,11.4%,1 015 754
TOUT,TOUT,16.3,32,Nautilus,sup,97.8%,A,49.4%,-0.1%,10.4%,928 167
TOUT,TOUT,16.3,33,Sett,top,92.5%,A,51.5%,-0.1%,7.1%,637 956
TOUT,TOUT,16.3,34,Fizz,mid,94.4%,A,51.2%,+0.5%,5.3%,477 153
TOUT,TOUT,16.3,35,Diana,mid,35.9%,A,51.2%,-0.1%,4.1%,368 875
TOUT,TOUT,16.3,36,Singed,top,86.5%,A,53.2%,+0.2%,2.5%,221 703
TOUT,TOUT,16.3,37,Vayne,adc,73.6%,A,50.4%,+0.1%,7.5%,669 833
TOUT,TOUT,16.3,38,Jax,jun,42.6%,A,50.8%,-0.2%,4.9%,439 245
TOUT,TOUT,16.3,39,Diana,jun,63.0%,A,50.1%,-1.5%,7.2%,646 102
TOUT,TOUT,16.3,40,Garen,top,92.9%,A,51.0%,+0.1%,7.4%,665 301
TOUT,TOUT,16.3,41,Jhin,adc,97.7%,A,49.9%,-0.1%,14.4%,1 292 758
TOUT,TOUT,16.3,42,Lux,sup,64.2%,A,49.3%,-0.2%,9.9%,884 715
TOUT,TOUT,16.3,43,Xerath,mid,55.7%,A,52.0%,-0.1%,3.8%,339 450
TOUT,TOUT,16.3,44,Teemo,top,69.8%,A,51.0%,+0.3%,4.4%,396 215
TOUT,TOUT,16.3,45,Ornn,top,95.3%,A,52.3%,+0.1%,4.6%,415 172
TOUT,TOUT,16.3,46,Master Yi,jun,86.4%,A,49.9%,+0.1%,7.4%,660 294
TOUT,TOUT,16.3,47,Nilah,adc,98.5%,A,52.6%,-1.6%,2.1%,183 821
TOUT,TOUT,16.3,48,Sona,sup,99.4%,A,52.1%,-0.6%,4.9%,436 388
TOUT,TOUT,16.3,49,Yasuo,adc,7.7%,A,51.7%,+0.2%,1.2%,103 120
TOUT,TOUT,16.3,50,Brand,sup,60.3%,A,51.6%,-0.0%,4.5%,403 077
TOUT,TOUT,16.3,51,Brand,mid,20.2%,A,52.4%,-0.2%,1.5%,135 151
TOUT,TOUT,16.3,52,Nasus,jun,17.6%,A,52.6%,+0.4%,1.1%,102 593
TOUT,TOUT,16.3,53,Aphelios,adc,98.9%,A,50.1%,+0.0%,7.6%,678 236
TOUT,TOUT,16.3,54,Zyra,sup,78.2%,A,51.6%,+0.1%,4.1%,368 615
TOUT,TOUT,16.3,55,Nasus,top,76.4%,A,51.3%,-0.5%,5.0%,446 289
TOUT,TOUT,16.3,56,Malphite,mid,9.0%,B,51.3%,-0.2%,1.1%,96 608
TOUT,TOUT,16.3,57,Blitzcrank,sup,99.0%,B,50.0%,+0.2%,5.4%,479 083
TOUT,TOUT,16.3,58,Jax,top,55.8%,B,49.7%,-0.1%,6.4%,574 938
TOUT,TOUT,16.3,59,Zaahen,jun,35.9%,B,51.0%,+1.4%,3.3%,293 742
TOUT,TOUT,16.3,60,Gwen,top,56.9%,B,50.6%,+0.4%,4.0%,361 055
TOUT,TOUT,16.3,61,Zaahen,top,62.3%,B,50.2%,+0.5%,5.7%,509 681
TOUT,TOUT,16.3,62,Kha'Zix,jun,99.7%,B,49.5%,+0.1%,8.4%,755 535
TOUT,TOUT,16.3,63,Soraka,sup,98.0%,B,51.4%,-0.2%,4.6%,413 269
TOUT,TOUT,16.3,64,Kog'Maw,adc,85.8%,B,52.6%,-0.0%,1.6%,141 642
TOUT,TOUT,16.3,65,Aurelion Sol,mid,82.7%,B,52.0%,+0.2%,3.1%,278 819
TOUT,TOUT,16.3,66,Kayn,jun,94.7%,B,50.0%,+0.8%,7.9%,703 859
TOUT,TOUT,16.3,67,Seraphine,sup,90.7%,B,50.7%,+0.1%,6.9%,614 084
TOUT,TOUT,16.3,68,Xin Zhao,jun,90.6%,B,51.2%,+2.2%,5.4%,485 158
TOUT,TOUT,16.3,69,Shaco,jun,80.0%,B,49.7%,+0.2%,5.3%,471 325
TOUT,TOUT,16.3,70,Syndra,mid,95.0%,B,50.7%,+0.0%,5.6%,501 980
TOUT,TOUT,16.3,71,Akali,mid,77.8%,B,48.9%,+0.5%,7.6%,676 850
TOUT,TOUT,16.3,72,Ashe,adc,86.5%,B,50.1%,+0.0%,8.4%,747 482
TOUT,TOUT,16.3,73,Gwen,jun,40.7%,B,50.6%,-0.0%,2.9%,258 141
TOUT,TOUT,16.3,74,Samira,adc,98.6%,C,49.9%,-0.1%,5.5%,490 781
TOUT,TOUT,16.3,75,Lulu,sup,98.8%,C,49.7%,+0.1%,7.3%,655 064
TOUT,TOUT,16.3,76,Viktor,mid,95.3%,C,51.2%,+0.1%,4.6%,408 661
TOUT,TOUT,16.3,77,Kai'Sa,adc,97.3%,C,48.8%,+0.5%,14.5%,1 300 984
TOUT,TOUT,16.3,78,Nocturne,jun,97.4%,C,50.4%,-0.2%,5.1%,452 600
TOUT,TOUT,16.3,79,Sion,top,77.5%,C,51.2%,-0.1%,4.2%,377 913
TOUT,TOUT,16.3,80,Urgot,top,96.0%,C,51.5%,+0.1%,3.2%,286 213
TOUT,TOUT,16.3,81,Zed,mid,74.9%,C,48.9%,-0.2%,6.8%,606 512
TOUT,TOUT,16.3,82,Ekko,jun,54.4%,C,50.1%,-1.4%,4.8%,431 041
TOUT,TOUT,16.3,83,Swain,sup,52.3%,C,49.9%,-0.1%,4.9%,435 164
TOUT,TOUT,16.3,84,Darius,top,93.4%,C,48.6%,+0.2%,7.2%,646 208
TOUT,TOUT,16.3,85,Warwick,jun,81.3%,C,50.3%,+0.1%,4.8%,427 262
TOUT,TOUT,16.3,86,Irelia,top,56.3%,C,49.9%,-0.3%,3.8%,339 288
TOUT,TOUT,16.3,87,Kassadin,mid,96.2%,C,50.8%,-0.1%,3.6%,323 888
TOUT,TOUT,16.3,88,Taric,sup,93.7%,C,51.9%,-0.3%,1.5%,134 785
TOUT,TOUT,16.3,89,Yone,mid,58.9%,C,49.5%,+0.8%,7.0%,628 581
TOUT,TOUT,16.3,90,Ziggs,adc,58.6%,C,51.8%,-0.2%,1.8%,160 764
TOUT,TOUT,16.3,91,Katarina,mid,95.4%,C,49.1%,+0.2%,6.5%,580 540
TOUT,TOUT,16.3,92,Sivir,adc,98.9%,C,50.4%,-0.4%,5.1%,457 939
TOUT,TOUT,16.3,93,Pyke,sup,98.5%,C,49.0%,+0.2%,5.7%,508 390
TOUT,TOUT,16.3,94,Naafiri,jun,30.4%,C,49.9%,+1.8%,2.3%,208 625
TOUT,TOUT,16.3,95,Vex,mid,96.5%,C,50.7%,-0.0%,3.7%,333 875
TOUT,TOUT,16.3,96,Illaoi,top,96.6%,C,50.4%,+0.2%,2.9%,262 272
TOUT,TOUT,16.3,97,Maokai,sup,76.0%,C,51.7%,+1.1%,2.2%,196 436
TOUT,TOUT,16.3,98,Janna,sup,98.8%,C,51.4%,+0.2%,2.9%,255 099
TOUT,TOUT,16.3,99,Jarvan IV,jun,93.1%,C,50.8%,+0.1%,4.7%,423 361
TOUT,TOUT,16.3,100,Zac,jun,80.4%,C,51.2%,+0.1%,3.1%,280 052
TOUT,TOUT,16.3,101,Volibear,top,39.4%,C,49.6%,-1.5%,3.9%,346 741
TOUT,TOUT,16.3,102,Ekko,mid,43.3%,C,50.0%,-1.0%,3.8%,342 657
TOUT,TOUT,16.3,103,Irelia,mid,42.7%,C,49.9%,-0.9%,2.9%,257 668
TOUT,TOUT,16.3,104,Yone,top,39.4%,C,50.1%,+1.2%,4.7%,420 441
TOUT,TOUT,16.3,105,Fiddlesticks,jun,78.2%,C,51.1%,-0.2%,3.1%,278 008
TOUT,TOUT,16.3,106,Zilean,sup,86.6%,C,51.4%,+0.1%,2.2%,200 043
TOUT,TOUT,16.3,107,Shen,top,74.5%,C,51.1%,+0.5%,3.4%,303 534
TOUT,TOUT,16.3,108,Vel'Koz,sup,65.8%,C,50.9%,-0.2%,3.2%,284 770
TOUT,TOUT,16.3,109,Heimerdinger,top,62.6%,C,51.2%,+1.4%,1.5%,136 949
TOUT,TOUT,16.3,110,Kled,top,92.6%,C,51.5%,+0.2%,1.5%,135 901
TOUT,TOUT,16.3,111,Shaco,sup,16.6%,C,49.9%,+0.2%,1.1%,97 558
TOUT,TOUT,16.3,112,Vel'Koz,mid,26.7%,C,51.4%,+0.0%,1.3%,115 640
TOUT,TOUT,16.3,113,Anivia,mid,75.6%,C,51.0%,-0.4%,2.5%,227 509
TOUT,TOUT,16.3,114,Malphite,jun,29.2%,C,49.1%,-0.2%,3.5%,313 810
TOUT,TOUT,16.3,115,Sejuani,jun,84.3%,C,51.2%,+0.1%,2.3%,206 832
TOUT,TOUT,16.3,116,Xerath,sup,41.2%,C,50.2%,-0.2%,2.8%,251 491
TOUT,TOUT,16.3,117,Lillia,jun,95.8%,C,50.6%,+0.4%,2.8%,253 259
TOUT,TOUT,16.3,118,Renekton,top,94.2%,C,49.9%,+0.1%,4.8%,428 139
TOUT,TOUT,16.3,119,Vi,jun,95.2%,C,50.1%,+2.0%,5.0%,443 129
TOUT,TOUT,16.3,120,Karma,sup,93.6%,C,49.4%,+0.1%,6.0%,541 179
TOUT,TOUT,16.3,121,Nunu,jun,93.3%,C,50.7%,+1.6%,2.8%,246 267
TOUT,TOUT,16.3,122,Aatrox,top,83.4%,C,49.1%,+0.1%,5.1%,457 051
TOUT,TOUT,16.3,123,Vayne,top,24.0%,C,49.4%,+0.3%,2.4%,218 816
TOUT,TOUT,16.3,124,Yasuo,top,18.9%,C,48.9%,-0.3%,2.8%,254 593
TOUT,TOUT,16.3,125,Trundle,jun,46.8%,C,50.6%,+1.6%,2.0%,179 062
TOUT,TOUT,16.3,126,Ezreal,adc,95.3%,C,47.4%,+1.4%,12.1%,1 081 935
TOUT,TOUT,16.3,127,Leblanc,mid,88.3%,C,48.8%,+0.0%,3.5%,313 084
TOUT,TOUT,16.3,128,Warwick,top,17.9%,C,50.3%,+0.3%,1.0%,93 789
TOUT,TOUT,16.3,129,Gangplank,top,89.7%,D,49.6%,+0.0%,4.3%,388 169
TOUT,TOUT,16.3,130,Wukong,jun,75.1%,D,50.5%,-0.1%,2.4%,213 351
TOUT,TOUT,16.3,131,Akali,top,21.8%,D,48.9%,-0.5%,2.1%,189 557
TOUT,TOUT,16.3,132,Galio,mid,81.7%,D,49.7%,-0.4%,4.2%,373 820
TOUT,TOUT,16.3,133,Sylas,mid,54.5%,D,48.3%,+0.1%,5.4%,482 775
TOUT,TOUT,16.3,134,Kennen,top,76.8%,D,50.1%,+0.6%,2.5%,225 257
TOUT,TOUT,16.3,135,Elise,jun,73.0%,D,50.5%,+0.1%,1.7%,152 803
TOUT,TOUT,16.3,136,Senna,sup,85.3%,D,49.6%,+0.3%,4.5%,401 767
TOUT,TOUT,16.3,137,Draven,adc,96.1%,D,48.3%,+1.2%,3.6%,326 352
TOUT,TOUT,16.3,138,Olaf,top,86.8%,D,50.3%,-0.0%,1.9%,168 233
TOUT,TOUT,16.3,139,Ivern,jun,78.9%,D,50.6%,+0.3%,1.0%,93 693
TOUT,TOUT,16.3,140,Rek'Sai,jun,89.0%,D,50.4%,+0.2%,1.6%,140 333
TOUT,TOUT,16.3,141,Vladimir,mid,60.1%,D,49.6%,+0.1%,2.4%,213 806
TOUT,TOUT,16.3,142,Hwei,mid,78.6%,D,49.9%,+0.1%,2.7%,242 686
TOUT,TOUT,16.3,143,Evelynn,jun,98.0%,D,49.8%,-0.2%,2.5%,220 460
TOUT,TOUT,16.3,144,Tristana,adc,91.0%,D,48.9%,+0.1%,5.4%,482 418
TOUT,TOUT,16.3,145,Sylas,jun,33.4%,D,48.5%,+0.4%,3.3%,296 267
TOUT,TOUT,16.3,146,Varus,top,32.7%,D,48.2%,-4.0%,2.9%,256 972
TOUT,TOUT,16.3,147,Lissandra,mid,89.7%,D,49.9%,-0.1%,2.5%,226 092
TOUT,TOUT,16.3,148,Twisted Fate,mid,91.6%,D,49.8%,+0.1%,3.1%,276 538
TOUT,TOUT,16.3,149,LeeSin,jun,93.5%,D,47.9%,-0.1%,6.9%,614 845
TOUT,TOUT,16.3,150,Cho'Gath,top,67.7%,D,49.5%,+0.3%,3.4%,301 576
TOUT,TOUT,16.3,151,Tahm Kench,top,47.3%,D,49.1%,-0.4%,3.4%,306 637
TOUT,TOUT,16.3,152,Bard,sup,99.0%,D,49.1%,+0.3%,4.6%,408 480
TOUT,TOUT,16.3,153,Talon,mid,36.9%,D,50.0%,+0.1%,1.3%,120 732
TOUT,TOUT,16.3,154,Tahm Kench,sup,49.3%,D,49.0%,+0.1%,3.6%,319 432
TOUT,TOUT,16.3,155,Ziggs,mid,33.3%,D,50.2%,-0.2%,1.0%,91 275
TOUT,TOUT,16.3,156,Renata,sup,99.0%,D,50.3%,-0.4%,1.1%,96 948
TOUT,TOUT,16.3,157,Varus,adc,58.0%,D,47.3%,-1.6%,5.1%,456 612
TOUT,TOUT,16.3,158,Zeri,adc,96.2%,D,50.0%,+0.2%,1.8%,162 124
TOUT,TOUT,16.3,159,Pantheon,top,23.2%,D,49.8%,+0.1%,1.7%,147 858
TOUT,TOUT,16.3,160,Shyvana,jun,91.9%,D,50.1%,+0.6%,1.4%,125 433
TOUT,TOUT,16.3,161,Lucian,adc,96.5%,D,48.4%,-0.0%,6.3%,568 046
TOUT,TOUT,16.3,162,Alistar,sup,97.3%,D,49.3%,+0.1%,3.6%,324 405
TOUT,TOUT,16.3,163,Akshan,mid,89.6%,D,49.4%,-0.3%,2.5%,226 510
TOUT,TOUT,16.3,164,Xayah,adc,99.2%,D,49.6%,+0.1%,2.9%,258 369
TOUT,TOUT,16.3,165,Rakan,sup,98.2%,D,49.5%,+0.1%,3.2%,290 662
TOUT,TOUT,16.3,166,Poppy,sup,55.2%,D,49.7%,+0.3%,1.8%,163 611
TOUT,TOUT,16.3,167,Fiora,top,97.7%,D,49.0%,-0.3%,3.1%,277 855
TOUT,TOUT,16.3,168,Rell,sup,99.2%,D,49.5%,-0.0%,2.5%,225 378
TOUT,TOUT,16.3,169,Yunara,adc,99.0%,D,47.5%,-0.1%,7.9%,705 877
TOUT,TOUT,16.3,170,Tryndamere,top,81.0%,D,49.0%,+1.2%,3.1%,280 876
TOUT,TOUT,16.3,171,Trundle,top,47.1%,D,49.4%,+1.8%,2.0%,180 191
TOUT,TOUT,16.3,172,Gnar,top,97.8%,D,49.1%,-0.1%,3.1%,279 793
TOUT,TOUT,16.3,173,Mel,mid,53.3%,D,47.0%,+0.3%,4.5%,402 366
TOUT,TOUT,16.3,174,Zoe,mid,83.2%,D,48.6%,-0.0%,3.1%,274 877
TOUT,TOUT,16.3,175,Bel'Veth,jun,97.2%,D,49.3%,+0.8%,1.6%,143 161
TOUT,TOUT,16.3,176,Graves,jun,92.8%,D,48.9%,-0.0%,2.9%,260 797
TOUT,TOUT,16.3,177,Neeko,sup,79.6%,D,48.7%,+0.1%,3.2%,284 603
TOUT,TOUT,16.3,178,Yuumi,sup,99.3%,D,48.0%,+0.0%,4.2%,378 492
TOUT,TOUT,16.3,179,Riven,top,89.0%,D,48.5%,-0.8%,3.1%,279 424
TOUT,TOUT,16.3,180,Annie,mid,83.3%,D,49.3%,+0.4%,1.3%,118 028
TOUT,TOUT,16.3,181,Aurora,mid,80.5%,D,48.7%,+0.1%,2.4%,212 922
TOUT,TOUT,16.3,182,Ambessa,jun,45.5%,D,48.0%,-0.8%,2.7%,243 260
TOUT,TOUT,16.3,183,Karthus,jun,74.9%,D,49.2%,+0.2%,1.2%,111 818
TOUT,TOUT,16.3,184,Quinn,top,71.7%,D,49.1%,+0.1%,1.2%,105 119
TOUT,TOUT,16.3,185,Qiyana,mid,55.8%,D,48.7%,+0.3%,1.9%,166 970
TOUT,TOUT,16.3,186,Ambessa,top,51.0%,D,47.8%,+0.3%,3.0%,272 875
TOUT,TOUT,16.3,187,Talon,jun,61.9%,D,48.5%,+0.3%,2.3%,202 572
TOUT,TOUT,16.3,188,Udyr,jun,78.2%,D,48.9%,+0.3%,1.5%,138 528
TOUT,TOUT,16.3,189,Rumble,top,84.9%,D,48.7%,+0.1%,2.2%,198 161
TOUT,TOUT,16.3,190,Hecarim,jun,99.2%,D,48.1%,+1.5%,3.0%,267 600
TOUT,TOUT,16.3,191,Pantheon,jun,14.5%,D,48.7%,+0.1%,1.0%,92 467
TOUT,TOUT,16.3,192,Pantheon,sup,48.2%,D,48.0%,+0.0%,3.4%,306 695
TOUT,TOUT,16.3,193,Kindred,jun,96.4%,D,48.3%,+0.0%,2.1%,186 246
TOUT,TOUT,16.3,194,Corki,adc,87.8%,D,48.1%,-0.3%,2.6%,229 586
TOUT,TOUT,16.3,195,Vladimir,top,36.1%,D,47.9%,-0.2%,1.4%,128 599
TOUT,TOUT,16.3,196,Malphite,sup,8.3%,D,46.8%,-0.4%,1.0%,89 499
TOUT,TOUT,16.3,197,Rengar,jun,91.9%,D,47.0%,-0.5%,3.6%,325 013
TOUT,TOUT,16.3,198,Camille,top,86.7%,D,48.3%,+0.3%,1.4%,129 625
TOUT,TOUT,16.3,199,Cassiopeia,mid,67.6%,D,48.3%,+0.4%,1.2%,106 312
TOUT,TOUT,16.3,200,Zed,jun,20.7%,D,46.3%,-3.0%,1.9%,167 513
TOUT,TOUT,16.3,201,Orianna,mid,96.4%,D,47.2%,-0.5%,4.1%,368 478
TOUT,TOUT,16.3,202,Jayce,top,43.9%,D,47.4%,-0.3%,1.8%,159 884
TOUT,TOUT,16.3,203,Gragas,top,59.7%,D,47.8%,+0.1%,1.4%,127 095
TOUT,TOUT,16.3,204,Ryze,mid,82.5%,D,46.6%,-1.5%,4.6%,411 563
TOUT,TOUT,16.3,205,Taliyah,mid,68.1%,D,47.4%,+0.2%,1.7%,148 448
TOUT,TOUT,16.3,206,Jayce,jun,42.8%,D,46.7%,-1.2%,1.7%,155 796
TOUT,TOUT,16.3,207,Ashe,sup,10.7%,D,46.5%,+0.1%,1.0%,92 523
TOUT,TOUT,16.3,208,Mel,sup,37.5%,D,44.2%,-1.0%,3.2%,283 049
TOUT,TOUT,16.3,209,Nidalee,jun,75.5%,D,46.5%,+0.2%,1.2%,108 693
TOUT,TOUT,16.3,210,K'Sante,top,95.7%,D,45.5%,+0.2%,2.7%,244 234
TOUT,TOUT,16.3,211,Qiyana,jun,40.5%,D,44.5%,-0.2%,1.4%,121 238
TOUT,TOUT,16.3,212,Azir,mid,94.4%,D,44.2%,-0.3%,2.2%,195 075
TOUT,TOUT,15.24,1,Miss Fortune,adc,97.3%,S+,52.2%,-0.0%,22.6%,5 439 399
TOUT,TOUT,15.24,2,Briar,jun,92.1%,S+,53.2%,+1.5%,5.9%,1 424 721
TOUT,TOUT,15.24,3,Malphite,top,47.4%,S+,52.5%,+0.1%,8.1%,1 955 012
TOUT,TOUT,15.24,4,Malzahar,mid,90.0%,S+,52.0%,+0.0%,8.1%,1 955 295
TOUT,TOUT,15.24,5,Milio,sup,99.6%,S+,52.8%,-0.2%,7.4%,1 767 613
TOUT,TOUT,15.24,6,Nami,sup,99.8%,S+,52.3%,+0.0%,10.4%,2 491 832
TOUT,TOUT,15.24,7,Dr.Mundo,top,60.3%,S,52.0%,-0.3%,6.2%,1 495 213
TOUT,TOUT,15.24,8,Viego,jun,97.5%,S,50.9%,-0.1%,11.0%,2 645 201
TOUT,TOUT,15.24,9,Jax,jun,51.6%,S,52.0%,-0.2%,5.9%,1 421 552
TOUT,TOUT,15.24,10,Dr.Mundo,jun,35.0%,S,52.6%,+0.1%,3.6%,866 732
TOUT,TOUT,15.24,11,Mordekaiser,top,89.0%,S,51.4%,+0.4%,7.8%,1 877 304
TOUT,TOUT,15.24,12,Swain,adc,13.5%,S,54.1%,-0.1%,1.3%,320 056
TOUT,TOUT,15.24,13,Vayne,adc,80.1%,S,51.5%,+0.1%,8.8%,2 103 735
TOUT,TOUT,15.24,14,Warwick,jun,82.0%,S,51.9%,+0.1%,6.6%,1 585 624
TOUT,TOUT,15.24,15,Smolder,adc,82.4%,S,51.5%,-0.1%,9.6%,2 310 043
TOUT,TOUT,15.24,16,Malphite,jun,35.4%,S,51.5%,-0.2%,6.1%,1 457 774
TOUT,TOUT,15.24,17,Morgana,sup,74.9%,S,50.9%,+0.0%,8.1%,1 940 416
TOUT,TOUT,15.24,18,Teemo,sup,16.0%,S,52.9%,+0.6%,1.5%,359 652
TOUT,TOUT,15.24,19,Lux,sup,65.7%,S,49.9%,-0.2%,11.3%,2 703 698
TOUT,TOUT,15.24,20,Amumu,jun,88.0%,S,52.9%,-0.3%,4.9%,1 173 438
TOUT,TOUT,15.24,21,Garen,top,91.9%,S,51.4%,+0.1%,8.7%,2 080 149
TOUT,TOUT,15.24,22,Jinx,adc,99.1%,S,50.8%,-0.2%,13.1%,3 158 720
TOUT,TOUT,15.24,23,Sett,top,91.0%,S,51.9%,-0.1%,7.7%,1 848 524
TOUT,TOUT,15.24,24,Teemo,top,63.8%,S,51.3%,+0.3%,6.0%,1 435 942
TOUT,TOUT,15.24,25,Lux,mid,30.1%,S,51.5%,-0.1%,5.2%,1 239 752
TOUT,TOUT,15.24,26,Yorick,top,90.6%,S,51.8%,-0.3%,4.8%,1 141 601
TOUT,TOUT,15.24,27,Yasuo,mid,69.3%,A,50.0%,-0.4%,9.8%,2 347 377
TOUT,TOUT,15.24,28,Leona,sup,99.4%,A,51.0%,+0.1%,8.1%,1 945 981
TOUT,TOUT,15.24,29,Caitlyn,adc,96.5%,A,49.3%,-0.3%,17.4%,4 173 632
TOUT,TOUT,15.24,30,Jhin,adc,97.3%,A,50.4%,-0.1%,16.1%,3 876 511
TOUT,TOUT,15.24,31,Diana,jun,59.9%,A,51.1%,-1.5%,7.2%,1 737 516
TOUT,TOUT,15.24,32,Ashe,adc,88.8%,A,50.1%,+0.0%,11.8%,2 834 915
TOUT,TOUT,15.24,33,Morgana,mid,19.3%,A,52.1%,+0.0%,2.1%,500 614
TOUT,TOUT,15.24,34,Swain,mid,19.8%,A,53.0%,-0.5%,2.0%,469 356
TOUT,TOUT,15.24,35,Malphite,mid,8.2%,A,52.3%,-0.2%,1.4%,340 104
TOUT,TOUT,15.24,36,Teemo,jun,14.2%,A,52.3%,+0.2%,1.3%,319 773
TOUT,TOUT,15.24,37,Master Yi,jun,87.3%,A,50.2%,+0.1%,7.6%,1 829 809
TOUT,TOUT,15.24,38,Fizz,mid,89.4%,A,51.0%,+0.5%,5.7%,1 380 116
TOUT,TOUT,15.24,39,Diana,mid,38.6%,A,51.5%,-0.1%,4.6%,1 117 362
TOUT,TOUT,15.24,40,Brand,sup,66.0%,A,52.0%,-0.0%,4.5%,1 092 996
TOUT,TOUT,15.24,41,Zyra,sup,84.0%,A,52.0%,+0.1%,4.5%,1 076 282
TOUT,TOUT,15.24,42,Ahri,mid,96.2%,A,50.7%,+1.1%,9.6%,2 297 155
TOUT,TOUT,15.24,43,Veigar,mid,79.8%,A,51.6%,-0.0%,6.8%,1 628 763
TOUT,TOUT,15.24,44,Zaahen,top,72.3%,A,49.7%,+0.5%,8.5%,2 042 489
TOUT,TOUT,15.24,45,Kayn,jun,93.4%,A,50.4%,+0.8%,8.4%,2 008 556
TOUT,TOUT,15.24,46,Rammus,jun,91.7%,A,52.5%,-0.2%,2.2%,534 188
TOUT,TOUT,15.24,47,Naafiri,mid,50.0%,A,52.3%,-0.4%,2.7%,657 962
TOUT,TOUT,15.24,48,Kayle,mid,20.5%,A,53.0%,+0.7%,1.2%,283 995
TOUT,TOUT,15.24,49,Kayle,top,77.4%,A,52.0%,+0.1%,4.5%,1 073 447
TOUT,TOUT,15.24,50,Warwick,top,17.1%,A,51.9%,+0.3%,1.4%,330 492
TOUT,TOUT,15.24,51,Soraka,sup,97.9%,A,51.8%,-0.2%,4.7%,1 141 132
TOUT,TOUT,15.24,52,Nautilus,sup,96.7%,A,49.0%,-0.1%,9.3%,2 243 634
TOUT,TOUT,15.24,53,Shaco,sup,21.4%,A,51.3%,+0.2%,1.5%,364 900
TOUT,TOUT,15.24,54,Nilah,adc,97.8%,B,52.5%,-1.6%,1.7%,410 843
TOUT,TOUT,15.24,55,Swain,sup,51.7%,B,51.0%,-0.1%,5.1%,1 222 615
TOUT,TOUT,15.24,56,Xerath,mid,51.2%,B,51.5%,-0.1%,3.5%,843 691
TOUT,TOUT,15.24,57,Volibear,jun,51.9%,B,51.6%,-2.3%,3.7%,884 722
TOUT,TOUT,15.24,58,Brand,mid,19.3%,B,52.1%,-0.2%,1.3%,319 796
TOUT,TOUT,15.24,59,Singed,top,87.0%,B,52.3%,+0.2%,2.5%,605 851
TOUT,TOUT,15.24,60,Akali,mid,84.0%,B,49.3%,+0.5%,7.3%,1 763 011
TOUT,TOUT,15.24,61,Samira,adc,98.3%,B,50.1%,-0.1%,5.4%,1 292 221
TOUT,TOUT,15.24,62,Urgot,top,94.3%,B,52.0%,+0.1%,3.1%,743 718
TOUT,TOUT,15.24,63,Viktor,mid,95.0%,B,51.1%,+0.1%,5.6%,1 356 568
TOUT,TOUT,15.24,64,Taric,sup,93.2%,B,52.6%,-0.3%,1.5%,370 065
TOUT,TOUT,15.24,65,Yasuo,adc,8.1%,B,51.0%,+0.2%,1.1%,275 145
TOUT,TOUT,15.24,66,Thresh,sup,98.8%,B,49.7%,+0.2%,9.7%,2 323 696
TOUT,TOUT,15.24,67,Swain,top,14.8%,B,51.8%,+0.1%,1.5%,350 793
TOUT,TOUT,15.24,68,Darius,top,92.1%,B,48.8%,+0.2%,8.3%,1 985 666
TOUT,TOUT,15.24,69,Kai'Sa,adc,97.0%,B,49.0%,+0.5%,15.1%,3 637 385
TOUT,TOUT,15.24,70,Illaoi,top,95.8%,B,50.9%,+0.2%,3.2%,766 267
TOUT,TOUT,15.24,71,Jax,top,46.4%,B,49.7%,-0.1%,5.3%,1 277 927
TOUT,TOUT,15.24,72,Sona,sup,98.8%,B,52.1%,-0.6%,2.7%,636 850
TOUT,TOUT,15.24,73,Sylas,jun,47.6%,C,48.9%,+0.4%,7.4%,1 769 651
TOUT,TOUT,15.24,74,Katarina,mid,96.2%,C,49.4%,+0.2%,7.2%,1 735 809
TOUT,TOUT,15.24,75,Sion,top,76.6%,C,51.3%,-0.1%,4.4%,1 052 505
TOUT,TOUT,15.24,76,Janna,sup,96.9%,C,51.8%,+0.2%,3.0%,712 439
TOUT,TOUT,15.24,77,Nocturne,jun,97.0%,C,50.4%,-0.2%,4.9%,1 174 340
TOUT,TOUT,15.24,78,Sylas,mid,41.6%,C,49.1%,+0.1%,6.4%,1 546 313
TOUT,TOUT,15.24,79,Syndra,mid,93.8%,C,50.5%,+0.0%,5.4%,1 296 955
TOUT,TOUT,15.24,80,Vel'Koz,sup,66.2%,C,51.4%,-0.2%,3.4%,811 269
TOUT,TOUT,15.24,81,Lulu,sup,98.5%,C,49.6%,+0.1%,6.6%,1 588 611
TOUT,TOUT,15.24,82,Braum,sup,99.2%,C,50.8%,-0.9%,4.6%,1 096 777
TOUT,TOUT,15.24,83,Nasus,top,80.6%,C,50.7%,-0.5%,4.5%,1 086 135
TOUT,TOUT,15.24,84,Blitzcrank,sup,98.6%,C,49.1%,+0.2%,5.7%,1 372 263
TOUT,TOUT,15.24,85,Jarvan IV,jun,92.1%,C,50.9%,+0.1%,4.7%,1 128 579
TOUT,TOUT,15.24,86,Vel'Koz,mid,27.6%,C,51.8%,+0.0%,1.4%,338 846
TOUT,TOUT,15.24,87,Karma,sup,93.1%,C,50.3%,+0.1%,5.9%,1 427 144
TOUT,TOUT,15.24,88,Kog'Maw,adc,86.8%,C,51.9%,-0.0%,1.6%,386 018
TOUT,TOUT,15.24,89,Ziggs,adc,59.8%,C,51.7%,-0.2%,2.1%,512 685
TOUT,TOUT,15.24,90,Tristana,adc,91.9%,C,49.6%,+0.1%,7.7%,1 851 544
TOUT,TOUT,15.24,91,Shaco,jun,74.2%,C,49.1%,+0.2%,5.3%,1 265 986
TOUT,TOUT,15.24,92,Zed,mid,63.5%,C,48.7%,-0.2%,6.5%,1 561 717
TOUT,TOUT,15.24,93,Irelia,mid,44.6%,C,50.1%,-0.9%,2.9%,699 054
TOUT,TOUT,15.24,94,Xerath,sup,46.0%,C,50.5%,-0.2%,3.2%,758 138
TOUT,TOUT,15.24,95,Vex,mid,95.1%,C,50.7%,-0.0%,3.4%,821 455
TOUT,TOUT,15.24,96,Kled,top,91.6%,C,51.7%,+0.2%,1.4%,339 576
TOUT,TOUT,15.24,97,Anivia,mid,76.2%,C,51.3%,-0.4%,2.3%,556 890
TOUT,TOUT,15.24,98,Vladimir,mid,59.4%,C,50.4%,+0.1%,3.0%,710 622
TOUT,TOUT,15.24,99,Pyke,sup,97.9%,C,48.4%,+0.2%,6.7%,1 614 118
TOUT,TOUT,15.24,100,Heimerdinger,top,63.2%,C,51.0%,+1.4%,1.8%,441 834
TOUT,TOUT,15.24,101,Lillia,jun,95.3%,C,50.7%,+0.4%,3.4%,826 259
TOUT,TOUT,15.24,102,Seraphine,sup,91.5%,C,49.9%,+0.1%,6.3%,1 519 391
TOUT,TOUT,15.24,103,Ekko,mid,45.6%,C,50.7%,-1.0%,3.5%,842 012
TOUT,TOUT,15.24,104,Aphelios,adc,97.9%,C,50.0%,+0.0%,5.8%,1 385 399
TOUT,TOUT,15.24,105,Irelia,top,54.1%,C,49.6%,-0.3%,3.5%,846 928
TOUT,TOUT,15.24,106,Aatrox,top,60.5%,C,48.7%,+0.1%,5.5%,1 331 724
TOUT,TOUT,15.24,107,Zilean,sup,87.1%,C,51.1%,+0.1%,2.1%,505 258
TOUT,TOUT,15.24,108,Aurelion Sol,mid,82.8%,C,51.0%,+0.2%,2.5%,597 821
TOUT,TOUT,15.24,109,Maokai,sup,78.2%,C,51.3%,+1.1%,1.8%,440 421
TOUT,TOUT,15.24,110,Wukong,jun,78.0%,C,50.9%,-0.1%,2.8%,673 690
TOUT,TOUT,15.24,111,Twitch,adc,80.9%,C,49.7%,+0.1%,4.3%,1 029 291
TOUT,TOUT,15.24,112,Kassadin,mid,96.9%,C,50.9%,-0.1%,2.4%,570 430
TOUT,TOUT,15.24,113,Sivir,adc,98.3%,C,50.3%,-0.4%,4.2%,1 017 421
TOUT,TOUT,15.24,114,Leblanc,mid,86.1%,C,48.8%,+0.0%,4.1%,996 014
TOUT,TOUT,15.24,115,Trundle,jun,65.3%,C,50.9%,+1.6%,2.4%,565 200
TOUT,TOUT,15.24,116,Ekko,jun,51.2%,C,50.2%,-1.4%,3.9%,947 008
TOUT,TOUT,15.24,117,Bard,sup,98.2%,C,50.2%,+0.3%,4.3%,1 035 916
TOUT,TOUT,15.24,118,Cho'Gath,top,64.4%,C,50.2%,+0.3%,4.0%,971 948
TOUT,TOUT,15.24,119,Poppy,sup,61.7%,C,50.6%,+0.3%,2.3%,542 013
TOUT,TOUT,15.24,120,Vayne,top,17.4%,C,50.0%,+0.3%,1.9%,458 352
TOUT,TOUT,15.24,121,Ornn,top,88.1%,C,50.7%,+0.1%,3.1%,734 785
TOUT,TOUT,15.24,122,Akali,top,15.4%,C,49.4%,-0.5%,1.3%,322 392
TOUT,TOUT,15.24,123,Aatrox,jun,37.1%,C,49.0%,-0.0%,3.4%,816 833
TOUT,TOUT,15.24,124,Ezreal,adc,95.1%,C,48.0%,+1.4%,10.1%,2 418 785
TOUT,TOUT,15.24,125,Draven,adc,95.2%,C,48.5%,+1.2%,4.0%,971 887
TOUT,TOUT,15.24,126,Xin Zhao,jun,89.7%,D,50.2%,+2.2%,3.3%,799 603
TOUT,TOUT,15.24,127,Yasuo,top,21.5%,D,48.7%,-0.3%,3.0%,729 020
TOUT,TOUT,15.24,128,Yone,mid,57.2%,D,48.6%,+0.8%,6.4%,1 549 064
TOUT,TOUT,15.24,129,Zaahen,jun,23.4%,D,48.7%,+1.4%,2.8%,662 286
TOUT,TOUT,15.24,130,Elise,sup,37.1%,D,50.7%,+0.1%,1.1%,262 181
TOUT,TOUT,15.24,131,Olaf,top,83.7%,D,50.5%,-0.0%,1.9%,457 428
TOUT,TOUT,15.24,132,Shyvana,jun,91.7%,D,50.8%,+0.6%,1.4%,340 307
TOUT,TOUT,15.24,133,Renekton,top,93.4%,D,49.6%,+0.1%,4.2%,1 004 931
TOUT,TOUT,15.24,134,Fiddlesticks,jun,71.7%,D,50.3%,-0.2%,2.4%,584 619
TOUT,TOUT,15.24,135,LeeSin,jun,92.7%,D,48.0%,-0.1%,7.6%,1 829 667
TOUT,TOUT,15.24,136,Graves,jun,94.0%,D,49.8%,-0.0%,3.8%,913 998
TOUT,TOUT,15.24,137,Mel,mid,53.8%,D,47.2%,+0.3%,7.4%,1 774 879
TOUT,TOUT,15.24,138,Lucian,adc,96.1%,D,48.7%,-0.0%,7.4%,1 788 173
TOUT,TOUT,15.24,139,Kha'Zix,jun,99.3%,D,49.3%,+0.1%,5.0%,1 199 029
TOUT,TOUT,15.24,140,Fiora,top,97.3%,D,49.6%,-0.3%,3.4%,826 005
TOUT,TOUT,15.24,141,Shen,top,72.4%,D,50.1%,+0.5%,3.2%,764 646
TOUT,TOUT,15.24,142,Malphite,sup,8.8%,D,48.9%,-0.4%,1.5%,361 653
TOUT,TOUT,15.24,143,Xayah,adc,99.1%,D,49.8%,+0.1%,3.8%,922 199
TOUT,TOUT,15.24,144,Tahm Kench,sup,69.2%,D,49.6%,+0.1%,3.3%,800 938
TOUT,TOUT,15.24,145,Galio,mid,79.3%,D,49.6%,-0.4%,3.6%,876 580
TOUT,TOUT,15.24,146,Volibear,top,46.0%,D,49.5%,-1.5%,3.3%,783 464
TOUT,TOUT,15.24,147,Tahm Kench,top,27.2%,D,50.2%,-0.4%,1.3%,314 603
TOUT,TOUT,15.24,148,Yone,top,40.7%,D,48.8%,+1.2%,4.6%,1 102 952
TOUT,TOUT,15.24,149,Hwei,mid,77.2%,D,49.8%,+0.1%,3.1%,738 714
TOUT,TOUT,15.24,150,Lissandra,mid,90.2%,D,50.0%,-0.1%,2.4%,587 830
TOUT,TOUT,15.24,151,Jayce,jun,41.0%,D,49.8%,-1.2%,2.0%,491 431
TOUT,TOUT,15.24,152,Quinn,top,74.3%,D,49.9%,+0.1%,1.9%,461 070
TOUT,TOUT,15.24,153,Cassiopeia,mid,69.2%,D,50.2%,+0.4%,1.5%,372 175
TOUT,TOUT,15.24,154,Zac,jun,74.7%,D,49.9%,+0.1%,2.4%,586 199
TOUT,TOUT,15.24,155,Nunu,jun,91.1%,D,49.9%,+1.6%,2.6%,620 420
TOUT,TOUT,15.24,156,Zed,jun,32.8%,D,48.0%,-3.0%,3.4%,805 199
TOUT,TOUT,15.24,157,Mel,adc,9.4%,D,48.6%,+1.1%,1.3%,311 835
TOUT,TOUT,15.24,158,Ziggs,mid,31.3%,D,50.2%,-0.2%,1.1%,268 566
TOUT,TOUT,15.24,159,Ivern,jun,76.7%,D,50.3%,+0.3%,1.0%,250 611
TOUT,TOUT,15.24,160,Renata,sup,99.1%,D,50.3%,-0.4%,1.1%,269 849
TOUT,TOUT,15.24,161,Kennen,top,63.0%,D,50.0%,+0.6%,1.8%,429 824
TOUT,TOUT,15.24,162,Evelynn,jun,97.2%,D,49.5%,-0.2%,2.6%,627 301
TOUT,TOUT,15.24,163,Udyr,jun,82.1%,D,50.0%,+0.3%,1.9%,445 235
TOUT,TOUT,15.24,164,Pantheon,sup,45.7%,D,49.1%,+0.0%,3.8%,905 339
TOUT,TOUT,15.24,165,Sejuani,jun,79.1%,D,49.9%,+0.1%,2.2%,516 921
TOUT,TOUT,15.24,166,Vladimir,top,39.6%,D,49.1%,-0.2%,2.0%,474 154
TOUT,TOUT,15.24,167,Ambessa,jun,25.9%,D,49.4%,-0.8%,1.3%,302 512
TOUT,TOUT,15.24,168,Talon,mid,32.0%,D,49.8%,+0.1%,1.4%,328 116
TOUT,TOUT,15.24,169,Cho'Gath,jun,17.4%,D,49.9%,+0.6%,1.1%,262 830
TOUT,TOUT,15.24,170,Naafiri,jun,41.4%,D,49.1%,+1.8%,2.3%,545 631
TOUT,TOUT,15.24,171,Elise,jun,59.7%,D,49.7%,+0.1%,1.8%,421 902
TOUT,TOUT,15.24,172,Rell,sup,99.0%,D,49.5%,-0.0%,2.6%,635 938
TOUT,TOUT,15.24,173,Talon,jun,66.5%,D,49.2%,+0.3%,2.8%,681 885
TOUT,TOUT,15.24,174,Pantheon,top,23.5%,D,49.3%,+0.1%,1.9%,464 347
TOUT,TOUT,15.24,175,Senna,sup,87.8%,D,49.0%,+0.3%,4.1%,979 388
TOUT,TOUT,15.24,176,Riven,top,82.3%,D,49.0%,-0.8%,3.5%,833 722
TOUT,TOUT,15.24,177,Bel'Veth,jun,97.3%,D,49.4%,+0.8%,1.8%,426 727
TOUT,TOUT,15.24,178,Annie,mid,82.2%,D,49.7%,+0.4%,1.5%,370 042
TOUT,TOUT,15.24,179,Zeri,adc,95.6%,D,49.3%,+0.2%,2.7%,660 249
TOUT,TOUT,15.24,180,Gwen,top,77.9%,D,48.5%,+0.4%,3.6%,863 043
TOUT,TOUT,15.24,181,Rakan,sup,98.4%,D,49.1%,+0.1%,3.1%,753 147
TOUT,TOUT,15.24,182,Akshan,mid,89.2%,D,48.9%,-0.3%,2.5%,606 420
TOUT,TOUT,15.24,183,Tryndamere,top,79.6%,D,48.7%,+1.2%,3.0%,725 924
TOUT,TOUT,15.24,184,Twisted Fate,mid,88.7%,D,49.1%,+0.1%,2.7%,654 956
TOUT,TOUT,15.24,185,Ambessa,top,69.4%,D,48.1%,+0.3%,3.4%,811 936
TOUT,TOUT,15.24,186,Orianna,mid,96.1%,D,48.3%,-0.5%,4.4%,1 068 419
TOUT,TOUT,15.24,187,Ryze,mid,80.5%,D,49.0%,-1.5%,2.6%,625 525
TOUT,TOUT,15.24,188,Aurora,mid,79.6%,D,48.8%,+0.1%,2.2%,535 563
TOUT,TOUT,15.24,189,Alistar,sup,95.6%,D,48.6%,+0.1%,3.3%,791 034
TOUT,TOUT,15.24,190,Yunara,adc,98.4%,D,47.2%,-0.1%,6.4%,1 546 355
TOUT,TOUT,15.24,191,Gnar,top,96.5%,D,48.8%,-0.1%,2.7%,639 848
TOUT,TOUT,15.24,192,Zoe,mid,80.7%,D,48.1%,-0.0%,3.5%,839 699
TOUT,TOUT,15.24,193,Yuumi,sup,98.7%,D,47.7%,+0.0%,4.3%,1 042 067
TOUT,TOUT,15.24,194,Vi,jun,93.5%,D,48.6%,+2.0%,3.2%,767 335
TOUT,TOUT,15.24,195,Kindred,jun,96.9%,D,48.6%,+0.0%,2.6%,629 381
TOUT,TOUT,15.24,196,Rek'Sai,jun,82.1%,D,49.0%,+0.2%,1.2%,278 046
TOUT,TOUT,15.24,197,Hecarim,jun,99.1%,D,48.5%,+1.5%,2.3%,560 533
TOUT,TOUT,15.24,198,Mel,sup,35.6%,D,46.1%,-1.0%,4.9%,1 174 429
TOUT,TOUT,15.24,199,Smolder,mid,11.3%,D,48.2%,-0.5%,1.3%,318 308
TOUT,TOUT,15.24,200,Neeko,sup,78.7%,D,47.9%,+0.1%,3.3%,789 240
TOUT,TOUT,15.24,201,Qiyana,mid,41.6%,D,48.1%,+0.3%,1.9%,462 031
TOUT,TOUT,15.24,202,Karthus,jun,74.4%,D,48.6%,+0.2%,1.4%,324 956
TOUT,TOUT,15.24,203,Rumble,top,81.2%,D,48.5%,+0.1%,1.7%,410 116
TOUT,TOUT,15.24,204,Camille,top,86.4%,D,48.3%,+0.3%,2.0%,475 114
TOUT,TOUT,15.24,205,Gangplank,top,86.3%,D,48.0%,+0.0%,2.8%,680 030
TOUT,TOUT,15.24,206,Jayce,top,45.4%,D,47.8%,-0.3%,2.3%,544 008
TOUT,TOUT,15.24,207,Trundle,top,31.8%,D,48.1%,+1.8%,1.1%,275 399
TOUT,TOUT,15.24,208,Gragas,top,60.7%,D,47.9%,+0.1%,1.7%,409 244
TOUT,TOUT,15.24,209,Taliyah,mid,74.6%,D,47.9%,+0.2%,1.4%,334 471
TOUT,TOUT,15.24,210,Pantheon,jun,20.5%,D,47.4%,+0.1%,1.7%,405 120
TOUT,TOUT,15.24,211,Rengar,jun,92.0%,D,46.0%,-0.5%,4.1%,976 835
TOUT,TOUT,15.24,212,Varus,adc,76.3%,D,46.3%,-1.6%,3.9%,930 070
TOUT,TOUT,15.24,213,Nidalee,jun,77.5%,D,46.9%,+0.2%,1.9%,444 965
TOUT,TOUT,15.24,214,Kalista,adc,91.1%,D,47.0%,+0.1%,1.4%,329 256
TOUT,TOUT,15.24,215,Corki,adc,76.7%,D,47.0%,-0.3%,1.2%,281 918
TOUT,TOUT,15.24,216,Ashe,sup,8.1%,D,45.7%,+0.1%,1.1%,259 542
TOUT,TOUT,15.24,217,K'Sante,top,95.2%,D,45.8%,+0.2%,2.5%,601 910
TOUT,TOUT,15.24,218,Qiyana,jun,55.1%,D,45.4%,-0.2%,2.5%,611 470
TOUT,TOUT,15.24,219,Azir,mid,93.6%,D,45.3%,-0.3%,2.0%,484 695
TOUT,NA,16.3,1,Briar,jun,91.1%,S+,53.1%,+1.9%,8.5%,95 371
TOUT,NA,16.3,2,Swain,adc,18.6%,S+,54.5%,-0.2%,2.3%,25 770
TOUT,NA,16.3,3,Miss Fortune,adc,97.0%,S+,51.9%,+0.1%,15.9%,178 247
TOUT,NA,16.3,4,Brand,adc,12.3%,S+,54.7%,+0.2%,2.5%,27 863
TOUT,NA,16.3,5,Dr.Mundo,jun,45.1%,S+,53.0%,+0.2%,4.9%,55 258
TOUT,NA,16.3,6,Malzahar,mid,92.2%,S+,51.9%,+0.3%,8.5%,95 271
TOUT,NA,16.3,7,Jinx,adc,99.5%,S+,51.1%,-0.2%,17.8%,198 844
TOUT,NA,16.3,8,Twitch,adc,90.8%,S+,51.7%,+0.2%,7.9%,88 861
TOUT,NA,16.3,9,Yasuo,mid,72.8%,S+,50.7%,-0.7%,11.0%,123 410
TOUT,NA,16.3,10,Nami,sup,99.9%,S+,51.7%,-0.2%,12.2%,136 057
TOUT,NA,16.3,11,Veigar,adc,16.1%,S,54.2%,-0.6%,2.2%,24 395
TOUT,NA,16.3,12,Mordekaiser,top,88.8%,S,51.4%,+0.3%,7.9%,88 122
TOUT,NA,16.3,13,Kayle,top,85.8%,S,52.1%,+0.4%,6.4%,71 933
TOUT,NA,16.3,14,Amumu,jun,91.6%,S,52.6%,-0.7%,6.6%,73 701
TOUT,NA,16.3,15,Leona,sup,99.6%,S,51.7%,+0.4%,8.5%,94 823
TOUT,NA,16.3,16,Caitlyn,adc,98.1%,S,50.0%,+0.2%,22.2%,248 834
TOUT,NA,16.3,17,Swain,mid,18.4%,S,53.0%,-0.1%,2.5%,27 856
TOUT,NA,16.3,18,Ahri,mid,97.6%,S,50.8%,+1.1%,12.1%,135 915
TOUT,NA,16.3,19,Braum,sup,99.7%,S,51.3%,-0.7%,7.3%,81 683
TOUT,NA,16.3,20,Veigar,mid,75.8%,S,52.1%,-0.2%,7.5%,84 453
TOUT,NA,16.3,21,Mordekaiser,jun,7.7%,S,53.0%,+1.2%,1.1%,12 410
TOUT,NA,16.3,22,Brand,sup,60.3%,S,51.9%,+0.1%,5.6%,62 138
TOUT,NA,16.3,23,Dr.Mundo,top,52.5%,S,51.3%,-0.1%,6.2%,69 020
TOUT,NA,16.3,24,Rammus,jun,93.3%,S,52.8%,+0.2%,3.3%,37 387
TOUT,NA,16.3,25,Fizz,mid,94.4%,S,51.5%,+0.5%,5.1%,57 579
TOUT,NA,16.3,26,Sona,sup,99.4%,S,52.1%,-0.5%,7.5%,84 463
TOUT,NA,16.3,27,Morgana,sup,85.9%,A,50.5%,-0.2%,8.2%,91 474
TOUT,NA,16.3,28,Viego,jun,96.9%,A,49.3%,-0.2%,13.4%,149 945
TOUT,NA,16.3,29,Smolder,adc,86.4%,A,50.9%,-0.1%,9.4%,104 611
TOUT,NA,16.3,30,Yasuo,adc,7.7%,A,52.3%,+0.1%,1.5%,17 137
TOUT,NA,16.3,31,Brand,mid,20.2%,A,52.3%,-0.4%,2.7%,30 579
TOUT,NA,16.3,32,Volibear,jun,59.4%,A,50.7%,-2.4%,6.8%,76 485
TOUT,NA,16.3,33,Yorick,top,92.2%,A,51.1%,-0.4%,5.2%,58 644
TOUT,NA,16.3,34,Naafiri,mid,60.4%,A,51.1%,-0.8%,4.9%,54 273
TOUT,NA,16.3,35,Teemo,sup,12.9%,A,52.2%,+1.4%,1.3%,14 511
TOUT,NA,16.3,36,Lux,mid,32.0%,A,50.9%,+0.1%,5.3%,58 975
TOUT,NA,16.3,37,Garen,top,92.9%,A,50.8%,-0.3%,8.4%,94 132
TOUT,NA,16.3,38,Sett,top,92.5%,A,51.7%,-0.0%,6.6%,73 289
TOUT,NA,16.3,39,Singed,top,86.5%,A,52.8%,+0.3%,3.5%,38 662
TOUT,NA,16.3,40,Lux,sup,64.2%,A,49.4%,-0.3%,10.0%,111 323
TOUT,NA,16.3,41,Thresh,sup,99.3%,A,50.4%,+0.3%,10.2%,113 742
TOUT,NA,16.3,42,Master Yi,jun,86.4%,A,49.9%,+0.0%,8.0%,89 140
TOUT,NA,16.3,43,Shaco,jun,80.0%,A,50.7%,+0.0%,4.9%,55 050
TOUT,NA,16.3,44,Gwen,top,56.9%,A,50.9%,+0.6%,4.3%,48 520
TOUT,NA,16.3,45,Teemo,top,69.8%,A,50.5%,+0.4%,5.4%,60 525
TOUT,NA,16.3,46,Diana,mid,35.9%,A,51.0%,-0.0%,3.6%,40 399
TOUT,NA,16.3,47,Zyra,sup,78.2%,A,51.5%,+0.1%,4.7%,52 771
TOUT,NA,16.3,48,Blitzcrank,sup,99.0%,A,50.5%,+0.7%,4.9%,55 285
TOUT,NA,16.3,49,Malphite,top,53.4%,A,50.3%,-0.2%,5.5%,61 451
TOUT,NA,16.3,50,Jhin,adc,97.7%,A,49.5%,-0.1%,13.5%,150 585
TOUT,NA,16.3,51,Jax,jun,42.6%,A,50.5%,-0.4%,4.6%,51 406
TOUT,NA,16.3,52,Seraphine,sup,90.7%,A,50.7%,+0.0%,7.9%,88 474
TOUT,NA,16.3,53,Nautilus,sup,97.8%,A,49.4%,+0.2%,9.1%,102 358
TOUT,NA,16.3,54,Ashe,adc,86.5%,A,49.9%,-0.1%,10.0%,112 025
TOUT,NA,16.3,55,Illaoi,top,96.6%,A,51.3%,+0.2%,3.4%,37 613
TOUT,NA,16.3,56,Swain,top,10.6%,A,51.6%,+1.3%,1.1%,11 883
TOUT,NA,16.3,57,Nasus,top,76.4%,A,51.1%,-0.0%,5.3%,59 303
TOUT,NA,16.3,58,Morgana,mid,8.7%,B,51.3%,+0.1%,1.2%,13 963
TOUT,NA,16.3,59,Xerath,mid,55.7%,B,51.4%,-0.1%,4.0%,44 743
TOUT,NA,16.3,60,Vayne,adc,73.6%,B,50.2%,-0.2%,6.8%,76 258
TOUT,NA,16.3,61,Aphelios,adc,98.9%,B,50.5%,+0.0%,6.7%,75 485
TOUT,NA,16.3,62,Milio,sup,99.7%,B,51.1%,-0.0%,5.6%,62 107
TOUT,NA,16.3,63,Kayn,jun,94.7%,B,50.3%,+0.8%,7.4%,82 457
TOUT,NA,16.3,64,Aurelion Sol,mid,82.7%,B,51.8%,+0.3%,3.9%,43 764
TOUT,NA,16.3,65,Jax,top,55.8%,B,49.9%,+0.3%,5.4%,60 647
TOUT,NA,16.3,66,Soraka,sup,98.0%,B,51.1%,-0.1%,5.3%,59 673
TOUT,NA,16.3,67,Zed,mid,74.9%,B,49.8%,-0.1%,5.3%,59 384
TOUT,NA,16.3,68,Zaahen,jun,35.9%,B,50.6%,+1.1%,4.1%,45 547
TOUT,NA,16.3,69,Urgot,top,96.0%,B,51.4%,-0.2%,4.5%,50 170
TOUT,NA,16.3,70,Ornn,top,95.3%,B,51.5%,+0.1%,4.8%,53 975
TOUT,NA,16.3,71,Zaahen,top,62.3%,B,49.9%,+0.5%,6.1%,67 715
TOUT,NA,16.3,72,Kayle,mid,12.6%,B,51.3%,-0.5%,1.1%,12 216
TOUT,NA,16.3,73,Nilah,adc,98.5%,B,51.6%,-1.8%,2.4%,27 088
TOUT,NA,16.3,74,Diana,jun,63.0%,B,49.6%,-1.4%,5.7%,63 391
TOUT,NA,16.3,75,Teemo,jun,11.4%,B,50.9%,-0.5%,1.1%,12 773
TOUT,NA,16.3,76,Viktor,mid,95.3%,B,51.2%,-0.0%,4.9%,54 340
TOUT,NA,16.3,77,Gwen,jun,40.7%,B,50.2%,-0.2%,3.4%,38 326
TOUT,NA,16.3,78,Xin Zhao,jun,90.6%,C,51.2%,+2.2%,4.9%,54 812
TOUT,NA,16.3,79,Syndra,mid,95.0%,C,50.5%,-0.0%,5.4%,60 841
TOUT,NA,16.3,80,Akali,mid,77.8%,C,49.1%,+0.8%,6.5%,72 856
TOUT,NA,16.3,81,Pyke,sup,98.5%,C,49.5%,+0.2%,5.3%,59 011
TOUT,NA,16.3,82,Swain,sup,52.3%,C,49.8%,+0.1%,4.4%,49 625
TOUT,NA,16.3,83,Zac,jun,80.4%,C,51.3%,+0.7%,3.4%,38 062
TOUT,NA,16.3,84,Kog'Maw,adc,85.8%,C,51.9%,+0.3%,1.9%,21 274
TOUT,NA,16.3,85,Nocturne,jun,97.4%,C,50.2%,-0.5%,4.9%,54 491
TOUT,NA,16.3,86,Yone,mid,58.9%,C,49.9%,+0.5%,6.5%,72 487
TOUT,NA,16.3,87,Pantheon,mid,13.4%,C,51.8%,+0.9%,1.1%,12 338
TOUT,NA,16.3,88,Volibear,top,39.4%,C,49.7%,-1.3%,3.4%,38 309
TOUT,NA,16.3,89,Sion,top,77.5%,C,50.9%,-0.3%,4.4%,49 156
TOUT,NA,16.3,90,Taric,sup,93.7%,C,51.8%,-0.2%,1.8%,19 931
TOUT,NA,16.3,91,Maokai,sup,76.0%,C,51.6%,+1.1%,2.6%,29 178
TOUT,NA,16.3,92,Malphite,mid,9.0%,C,50.3%,-1.0%,1.1%,12 746
TOUT,NA,16.3,93,Shaco,sup,16.6%,C,50.2%,-0.4%,1.2%,13 419
TOUT,NA,16.3,94,Yone,top,39.4%,C,50.4%,+0.7%,4.0%,44 324
TOUT,NA,16.3,95,Zilean,sup,86.6%,C,51.3%,+0.5%,2.7%,29 932
TOUT,NA,16.3,96,Irelia,top,56.3%,C,50.0%,-0.2%,3.6%,39 736
TOUT,NA,16.3,97,Darius,top,93.4%,C,48.7%,+0.1%,6.7%,74 900
TOUT,NA,16.3,98,Vel'Koz,sup,65.8%,C,50.8%,-0.2%,3.8%,41 963
TOUT,NA,16.3,99,Shen,top,74.5%,C,51.0%,+0.1%,3.9%,43 548
TOUT,NA,16.3,100,Ekko,jun,54.4%,C,49.9%,-1.1%,3.9%,43 721
TOUT,NA,16.3,101,Kled,top,92.6%,C,51.5%,+0.2%,1.9%,21 117
TOUT,NA,16.3,102,Kha'Zix,jun,99.7%,C,49.0%,+0.2%,7.2%,80 195
TOUT,NA,16.3,103,Warwick,jun,81.3%,C,49.6%,-0.1%,5.7%,64 265
TOUT,NA,16.3,104,Jarvan IV,jun,93.1%,C,50.6%,+0.0%,4.5%,49 914
TOUT,NA,16.3,105,Yasuo,top,18.9%,C,49.6%,-0.2%,2.3%,25 325
TOUT,NA,16.3,106,Irelia,mid,42.7%,C,50.1%,-1.1%,2.4%,26 361
TOUT,NA,16.3,107,Heimerdinger,top,62.6%,C,51.0%,+1.1%,1.7%,18 606
TOUT,NA,16.3,108,Galio,mid,81.7%,C,50.3%,+0.2%,4.4%,48 761
TOUT,NA,16.3,109,Lillia,jun,95.8%,C,50.6%,+0.2%,3.2%,35 564
TOUT,NA,16.3,110,Anivia,mid,75.6%,C,50.7%,-0.2%,2.8%,31 168
TOUT,NA,16.3,111,Ekko,mid,43.3%,C,49.7%,-1.6%,3.7%,41 593
TOUT,NA,16.3,112,Senna,sup,85.3%,C,50.0%,+0.4%,5.5%,61 353
TOUT,NA,16.3,113,Nunu,jun,93.3%,C,50.4%,+1.1%,3.7%,41 747
TOUT,NA,16.3,114,Ziggs,adc,58.6%,C,51.0%,-1.0%,2.0%,22 555
TOUT,NA,16.3,115,Janna,sup,98.8%,C,50.7%,+0.3%,3.1%,34 975
TOUT,NA,16.3,116,Kai'Sa,adc,97.3%,C,48.3%,+0.5%,10.8%,120 636
TOUT,NA,16.3,117,Naafiri,jun,30.4%,C,49.5%,+2.4%,1.7%,19 434
TOUT,NA,16.3,118,Akali,top,21.8%,C,49.5%,-0.0%,1.6%,18 150
TOUT,NA,16.3,119,Renekton,top,94.2%,C,49.8%,-0.2%,4.6%,51 884
TOUT,NA,16.3,120,Olaf,top,86.8%,C,50.9%,+0.1%,2.0%,22 851
TOUT,NA,16.3,121,Sivir,adc,98.9%,C,49.5%,-0.4%,5.3%,59 228
TOUT,NA,16.3,122,Leblanc,mid,88.3%,C,49.8%,+0.5%,2.7%,30 513
TOUT,NA,16.3,123,Draven,adc,96.1%,C,49.0%,+1.7%,3.9%,43 991
TOUT,NA,16.3,124,Ivern,jun,78.9%,C,51.0%,+0.3%,1.6%,17 974
TOUT,NA,16.3,125,Malphite,jun,29.2%,C,49.1%,-0.1%,2.6%,28 536
TOUT,NA,16.3,126,Vex,mid,96.5%,C,49.9%,+0.2%,3.6%,40 107
TOUT,NA,16.3,127,Xerath,sup,41.2%,C,50.0%,-0.4%,2.7%,30 149
TOUT,NA,16.3,128,Tryndamere,top,81.0%,C,49.9%,+1.2%,3.6%,40 528
TOUT,NA,16.3,129,Vel'Koz,mid,26.7%,C,50.7%,+0.4%,1.3%,14 868
TOUT,NA,16.3,130,Samira,adc,98.6%,C,49.0%,-0.1%,5.1%,57 615
TOUT,NA,16.3,131,Karma,sup,93.6%,C,49.4%,+0.3%,5.2%,57 918
TOUT,NA,16.3,132,Tristana,adc,91.0%,D,49.2%,+0.3%,5.6%,62 307
TOUT,NA,16.3,133,Vayne,top,24.0%,D,49.6%,+0.5%,2.0%,22 853
TOUT,NA,16.3,134,Fiddlesticks,jun,78.2%,D,50.1%,-0.7%,2.9%,32 798
TOUT,NA,16.3,135,Trundle,jun,46.8%,D,50.3%,+1.6%,2.3%,26 105
TOUT,NA,16.3,136,Vi,jun,95.2%,D,49.8%,+2.0%,4.2%,47 274
TOUT,NA,16.3,137,Rek'Sai,jun,89.0%,D,50.3%,+1.2%,1.7%,19 526
TOUT,NA,16.3,138,Aatrox,top,83.4%,D,48.9%,-0.1%,4.2%,46 592
TOUT,NA,16.3,139,Sejuani,jun,84.3%,D,50.3%,+0.3%,2.2%,24 504
TOUT,NA,16.3,140,Pantheon,top,23.2%,D,50.0%,+0.6%,1.9%,20 960
TOUT,NA,16.3,141,Talon,mid,36.9%,D,50.3%,+0.7%,1.4%,16 157
TOUT,NA,16.3,142,Gangplank,top,89.7%,D,49.4%,-0.3%,4.0%,45 136
TOUT,NA,16.3,143,Wukong,jun,75.1%,D,50.1%,-0.0%,2.2%,24 804
TOUT,NA,16.3,144,Senna,adc,12.6%,D,50.2%,-0.6%,1.4%,15 410
TOUT,NA,16.3,145,Tahm Kench,sup,49.3%,D,49.0%,+0.3%,3.7%,41 064
TOUT,NA,16.3,146,Alistar,sup,97.3%,D,49.6%,+0.4%,3.3%,36 770
TOUT,NA,16.3,147,Cho'Gath,top,67.7%,D,49.3%,+0.4%,3.9%,43 842
TOUT,NA,16.3,148,Ambessa,jun,45.5%,D,49.2%,-0.6%,2.2%,24 701
TOUT,NA,16.3,149,Zeri,adc,96.2%,D,50.0%,+0.3%,2.1%,23 142
TOUT,NA,16.3,150,Shyvana,jun,91.9%,D,50.1%,+0.6%,1.8%,19 967
TOUT,NA,16.3,151,Lissandra,mid,89.7%,D,50.0%,+0.8%,1.9%,21 528
TOUT,NA,16.3,152,Udyr,jun,78.2%,D,49.6%,-0.0%,2.7%,30 004
TOUT,NA,16.3,153,Akshan,mid,89.6%,D,49.2%,-0.3%,3.3%,36 392
TOUT,NA,16.3,154,Kassadin,mid,96.2%,D,49.3%,-0.0%,3.1%,34 282
TOUT,NA,16.3,155,Katarina,mid,95.4%,D,48.3%,+0.2%,4.9%,55 001
TOUT,NA,16.3,156,Varus,top,32.7%,D,48.3%,-4.0%,2.0%,21 999
TOUT,NA,16.3,157,Renata,sup,99.0%,D,50.1%,-0.5%,1.3%,14 348
TOUT,NA,16.3,158,Ziggs,mid,33.3%,D,50.0%,+0.0%,1.4%,15 769
TOUT,NA,16.3,159,Hwei,mid,78.6%,D,49.4%,+0.1%,2.9%,32 834
TOUT,NA,16.3,160,Bard,sup,99.0%,D,49.0%,-0.0%,4.3%,48 205
TOUT,NA,16.3,161,Mel,mid,53.3%,D,47.5%,+0.8%,4.1%,46 364
TOUT,NA,16.3,162,Poppy,sup,55.2%,D,49.6%,-0.0%,1.9%,21 552
TOUT,NA,16.3,163,Shen,sup,16.2%,D,50.0%,-0.7%,1.0%,11 595
TOUT,NA,16.3,164,Lulu,sup,98.8%,D,48.4%,-0.6%,4.9%,54 986
TOUT,NA,16.3,165,Sylas,mid,54.5%,D,48.3%,-0.0%,3.8%,42 569
TOUT,NA,16.3,166,Tahm Kench,top,47.3%,D,48.7%,-0.3%,3.2%,36 106
TOUT,NA,16.3,167,Varus,adc,58.0%,D,47.4%,-1.9%,4.1%,45 589
TOUT,NA,16.3,168,Rakan,sup,98.2%,D,49.5%,+0.6%,2.6%,29 277
TOUT,NA,16.3,169,Cho'Gath,mid,13.3%,D,49.7%,-0.5%,1.1%,12 501
TOUT,NA,16.3,170,Riven,top,89.0%,D,48.5%,-0.5%,3.8%,42 121
TOUT,NA,16.3,171,Hecarim,jun,99.2%,D,48.9%,+1.7%,3.3%,36 521
TOUT,NA,16.3,172,Graves,jun,92.8%,D,49.1%,+0.0%,3.0%,33 729
TOUT,NA,16.3,173,Twisted Fate,mid,91.6%,D,49.1%,-0.1%,3.3%,36 437
TOUT,NA,16.3,174,Trundle,top,47.1%,D,49.2%,+1.4%,2.1%,23 235
TOUT,NA,16.3,175,Fiora,top,97.7%,D,48.6%,-0.4%,2.9%,32 712
TOUT,NA,16.3,176,Rell,sup,99.2%,D,49.3%,+0.4%,2.1%,23 089
TOUT,NA,16.3,177,Elise,jun,73.0%,D,49.4%,-0.8%,1.6%,17 839
TOUT,NA,16.3,178,Ambessa,top,51.0%,D,48.4%,+0.2%,2.6%,28 929
TOUT,NA,16.3,179,Warwick,top,17.9%,D,48.8%,-0.7%,1.1%,12 043
TOUT,NA,16.3,180,Kindred,jun,96.4%,D,48.8%,-0.1%,2.8%,31 768
TOUT,NA,16.3,181,Gnar,top,97.8%,D,49.0%,+0.4%,2.8%,31 400
TOUT,NA,16.3,182,Evelynn,jun,98.0%,D,48.8%,-1.3%,2.4%,26 589
TOUT,NA,16.3,183,Xayah,adc,99.2%,D,49.0%,+0.2%,2.5%,28 527
TOUT,NA,16.3,184,Neeko,sup,79.6%,D,48.8%,+0.9%,2.4%,27 401
TOUT,NA,16.3,185,Karthus,jun,74.9%,D,49.2%,+0.5%,1.5%,16 728
TOUT,NA,16.3,186,Ezreal,adc,95.3%,D,46.6%,+1.4%,9.4%,104 965
TOUT,NA,16.3,187,Lucian,adc,96.5%,D,47.8%,-0.1%,5.5%,61 299
TOUT,NA,16.3,188,Aurora,mid,80.5%,D,48.7%,+0.8%,2.5%,27 460
TOUT,NA,16.3,189,Annie,mid,83.3%,D,49.2%,+0.3%,1.5%,16 361
TOUT,NA,16.3,190,Vladimir,mid,60.1%,D,48.7%,-0.2%,1.9%,21 447
TOUT,NA,16.3,191,Zoe,mid,83.2%,D,48.3%,-0.2%,2.8%,31 085
TOUT,NA,16.3,192,Bel'Veth,jun,97.2%,D,48.7%,-0.1%,1.9%,21 168
TOUT,NA,16.3,193,Sylas,jun,33.4%,D,48.0%,-0.0%,2.3%,25 184
TOUT,NA,16.3,194,Rengar,jun,91.9%,D,47.6%,-0.8%,3.8%,42 352
TOUT,NA,16.3,195,Quinn,top,71.7%,D,48.9%,-0.3%,1.3%,14 883
TOUT,NA,16.3,196,Yunara,adc,99.0%,D,47.0%,-0.5%,6.9%,77 389
TOUT,NA,16.3,197,Pantheon,sup,48.2%,D,48.2%,-0.4%,3.0%,33 843
TOUT,NA,16.3,198,Talon,jun,61.9%,D,48.5%,+0.3%,1.9%,21 222
TOUT,NA,16.3,199,Kennen,top,76.8%,D,48.4%,-0.4%,2.0%,22 848
TOUT,NA,16.3,200,Poppy,top,29.6%,D,48.6%,-0.1%,1.1%,11 922
TOUT,NA,16.3,201,Pantheon,jun,14.5%,D,48.4%,-0.1%,1.1%,11 884
TOUT,NA,16.3,202,Camille,top,86.7%,D,48.3%,-0.3%,1.4%,15 621
TOUT,NA,16.3,203,Master Yi,top,11.2%,D,46.7%,-0.6%,1.2%,13 039
TOUT,NA,16.3,204,Corki,adc,87.8%,D,47.9%,-0.9%,2.5%,27 530
TOUT,NA,16.3,205,Jayce,jun,42.8%,D,48.1%,+0.8%,1.2%,13 214
TOUT,NA,16.3,206,Rumble,top,84.9%,D,48.0%,-0.4%,1.7%,19 097
TOUT,NA,16.3,207,LeeSin,jun,93.5%,D,47.1%,+0.6%,4.0%,44 839
TOUT,NA,16.3,208,Taliyah,mid,68.1%,D,48.0%,+0.6%,1.7%,18 647
TOUT,NA,16.3,209,Orianna,mid,96.4%,D,47.2%,-0.3%,3.5%,39 353
TOUT,NA,16.3,210,Qiyana,mid,55.8%,D,47.7%,-0.3%,1.6%,18 299
TOUT,NA,16.3,211,Jayce,top,43.9%,D,47.3%,-0.5%,1.4%,15 523
TOUT,NA,16.3,212,Vladimir,top,36.1%,D,47.1%,-0.9%,1.2%,13 084
TOUT,NA,16.3,213,Yuumi,sup,99.3%,D,46.0%,-0.9%,4.3%,48 631
TOUT,NA,16.3,214,Ryze,mid,82.5%,D,46.4%,-1.3%,3.9%,43 542
TOUT,NA,16.3,215,Mel,sup,37.5%,D,45.2%,+0.7%,2.4%,27 354
TOUT,NA,16.3,216,Gragas,top,59.7%,D,47.0%,-0.4%,1.3%,14 475
TOUT,NA,16.3,217,Ashe,sup,10.7%,D,45.6%,-0.5%,1.1%,12 600
TOUT,NA,16.3,218,Nidalee,jun,75.5%,D,45.8%,+0.4%,1.1%,11 950
TOUT,NA,16.3,219,K'Sante,top,95.7%,D,45.4%,-0.0%,2.0%,22 691
TOUT,NA,16.3,220,Azir,mid,94.4%,D,44.4%,-0.5%,2.1%,23 513
TOUT,NA,15.24,1,Miss Fortune,adc,97.3%,S+,52.2%,+0.1%,24.6%,695 821
TOUT,NA,15.24,2,Briar,jun,92.1%,S+,53.1%,+1.9%,7.8%,220 617
TOUT,NA,15.24,3,Nami,sup,99.8%,S+,52.1%,-0.2%,11.7%,330 745
TOUT,NA,15.24,4,Malzahar,mid,90.0%,S+,51.6%,+0.3%,8.9%,252 822
TOUT,NA,15.24,5,Dr.Mundo,top,60.3%,S+,52.0%,-0.1%,7.5%,211 046
TOUT,NA,15.24,6,Amumu,jun,88.0%,S+,52.9%,-0.7%,6.7%,189 181
TOUT,NA,15.24,7,Swain,adc,13.5%,S+,53.9%,-0.2%,2.0%,57 432
TOUT,NA,15.24,8,Malphite,top,47.4%,S+,51.8%,-0.2%,7.2%,202 836
TOUT,NA,15.24,9,Teemo,sup,16.0%,S,52.9%,+1.4%,2.3%,66 469
TOUT,NA,15.24,10,Warwick,jun,82.0%,S,51.5%,-0.1%,7.7%,217 498
TOUT,NA,15.24,11,Garen,top,91.9%,S,51.3%,-0.3%,9.6%,270 842
TOUT,NA,15.24,12,Brand,adc,7.2%,S,54.0%,+0.2%,1.2%,34 128
TOUT,NA,15.24,13,Dr.Mundo,jun,35.0%,S,52.4%,+0.2%,3.8%,107 657
TOUT,NA,15.24,14,Mordekaiser,top,89.0%,S,51.3%,+0.3%,7.4%,209 544
TOUT,NA,15.24,15,Milio,sup,99.6%,S,52.0%,-0.0%,7.6%,216 429
TOUT,NA,15.24,16,Jax,jun,51.6%,S,51.7%,-0.4%,6.2%,174 460
TOUT,NA,15.24,17,Teemo,top,63.8%,S,51.2%,+0.4%,7.0%,199 386
TOUT,NA,15.24,18,Swain,mid,19.8%,S,53.0%,-0.1%,3.0%,84 782
TOUT,NA,15.24,19,Sett,top,91.0%,S,52.1%,-0.0%,7.2%,204 176
TOUT,NA,15.24,20,Lux,sup,65.7%,S,49.8%,-0.3%,11.1%,314 660
TOUT,NA,15.24,21,Yorick,top,90.6%,S,51.6%,-0.4%,5.2%,146 317
TOUT,NA,15.24,22,Yasuo,mid,69.3%,S,50.6%,-0.7%,8.4%,239 091
TOUT,NA,15.24,23,Malphite,jun,35.4%,S,51.6%,-0.1%,4.9%,138 536
TOUT,NA,15.24,24,Fizz,mid,89.4%,S,51.4%,+0.5%,5.7%,160 905
TOUT,NA,15.24,25,Smolder,adc,82.4%,S,51.0%,-0.1%,10.0%,282 863
TOUT,NA,15.24,26,Vayne,adc,80.1%,S,51.1%,-0.2%,8.8%,248 510
TOUT,NA,15.24,27,Lux,mid,30.1%,S,51.3%,+0.1%,5.7%,160 710
TOUT,NA,15.24,28,Morgana,sup,74.9%,S,50.6%,-0.2%,7.8%,222 221
TOUT,NA,15.24,29,Viego,jun,97.5%,S,50.7%,-0.2%,9.2%,259 936
TOUT,NA,15.24,30,Jinx,adc,99.1%,S,50.4%,-0.2%,14.0%,397 618
TOUT,NA,15.24,31,Morgana,mid,19.3%,A,52.1%,+0.1%,2.6%,73 970
TOUT,NA,15.24,32,Teemo,jun,14.2%,A,52.3%,-0.5%,1.9%,53 129
TOUT,NA,15.24,33,Ashe,adc,88.8%,A,49.8%,-0.1%,13.1%,372 246
TOUT,NA,15.24,34,Leona,sup,99.4%,A,51.1%,+0.4%,7.9%,224 401
TOUT,NA,15.24,35,Caitlyn,adc,96.5%,A,49.1%,+0.2%,16.3%,461 028
TOUT,NA,15.24,36,Jhin,adc,97.3%,A,50.2%,-0.1%,16.0%,452 434
TOUT,NA,15.24,37,Master Yi,jun,87.3%,A,50.3%,+0.0%,8.1%,228 163
TOUT,NA,15.24,38,Zyra,sup,84.0%,A,51.9%,+0.1%,5.2%,147 021
TOUT,NA,15.24,39,Brand,sup,66.0%,A,51.9%,+0.1%,5.1%,144 485
TOUT,NA,15.24,40,Ahri,mid,96.2%,A,50.3%,+1.1%,10.6%,300 195
TOUT,NA,15.24,41,Shaco,sup,21.4%,A,51.9%,-0.4%,1.7%,48 312
TOUT,NA,15.24,42,Kayn,jun,93.4%,A,50.4%,+0.8%,8.0%,225 599
TOUT,NA,15.24,43,Illaoi,top,95.8%,A,51.5%,+0.2%,3.7%,103 658
TOUT,NA,15.24,44,Yasuo,adc,8.1%,A,51.8%,+0.1%,1.4%,39 200
TOUT,NA,15.24,45,Brand,mid,19.3%,A,52.4%,-0.4%,2.1%,58 399
TOUT,NA,15.24,46,Urgot,top,94.3%,A,52.2%,-0.2%,4.2%,119 167
TOUT,NA,15.24,47,Swain,sup,51.7%,A,51.3%,+0.1%,4.7%,134 005
TOUT,NA,15.24,48,Diana,jun,59.9%,A,50.3%,-1.4%,7.3%,207 631
TOUT,NA,15.24,49,Malphite,mid,8.2%,A,51.6%,-1.0%,1.4%,40 585
TOUT,NA,15.24,50,Veigar,mid,79.8%,A,51.3%,-0.2%,6.8%,191 647
TOUT,NA,15.24,51,Diana,mid,38.6%,A,51.2%,-0.0%,4.2%,117 619
TOUT,NA,15.24,52,Volibear,jun,51.9%,A,51.6%,-2.4%,4.8%,134 901
TOUT,NA,15.24,53,Zaahen,top,72.3%,A,49.4%,+0.5%,8.4%,236 597
TOUT,NA,15.24,54,Shaco,jun,74.2%,A,50.5%,+0.0%,4.7%,133 931
TOUT,NA,15.24,55,Soraka,sup,97.9%,A,51.5%,-0.1%,5.5%,156 465
TOUT,NA,15.24,56,Naafiri,mid,50.0%,A,51.7%,-0.8%,3.4%,94 909
TOUT,NA,15.24,57,Swain,top,14.8%,A,51.8%,+1.3%,1.7%,48 246
TOUT,NA,15.24,58,Singed,top,87.0%,B,52.0%,+0.3%,3.5%,100 037
TOUT,NA,15.24,59,Warwick,top,17.1%,B,51.3%,-0.7%,1.5%,42 031
TOUT,NA,15.24,60,Heimerdinger,mid,22.2%,B,52.3%,+0.7%,1.0%,29 314
TOUT,NA,15.24,61,Kayle,mid,20.5%,B,52.2%,-0.5%,1.6%,45 658
TOUT,NA,15.24,62,Viktor,mid,95.0%,B,51.2%,-0.0%,5.3%,149 193
TOUT,NA,15.24,63,Tristana,adc,91.9%,B,49.8%,+0.3%,8.4%,238 773
TOUT,NA,15.24,64,Kayle,top,77.4%,B,51.0%,+0.4%,5.0%,140 502
TOUT,NA,15.24,65,Vel'Koz,sup,66.2%,B,51.5%,-0.2%,3.9%,110 735
TOUT,NA,15.24,66,Sona,sup,98.8%,B,51.6%,-0.5%,4.3%,121 776
TOUT,NA,15.24,67,Akali,mid,84.0%,B,49.6%,+0.8%,6.3%,178 802
TOUT,NA,15.24,68,Rammus,jun,91.7%,B,51.5%,+0.2%,2.5%,71 633
TOUT,NA,15.24,69,Sion,top,76.6%,B,51.1%,-0.3%,4.8%,135 944
TOUT,NA,15.24,70,Jax,top,46.4%,C,49.8%,+0.3%,4.3%,122 092
TOUT,NA,15.24,71,Xerath,mid,51.2%,C,51.0%,-0.1%,3.6%,102 972
TOUT,NA,15.24,72,Nautilus,sup,96.7%,C,49.0%,+0.2%,8.2%,232 274
TOUT,NA,15.24,73,Nilah,adc,97.8%,C,51.8%,-1.8%,2.0%,56 170
TOUT,NA,15.24,74,Taric,sup,93.2%,C,52.0%,-0.2%,2.0%,57 307
TOUT,NA,15.24,75,Nocturne,jun,97.0%,C,50.3%,-0.5%,4.8%,137 183
TOUT,NA,15.24,76,Darius,top,92.1%,C,48.7%,+0.1%,7.4%,209 250
TOUT,NA,15.24,77,Syndra,mid,93.8%,C,50.4%,-0.0%,5.5%,154 656
TOUT,NA,15.24,78,Ziggs,adc,59.8%,C,51.8%,-1.0%,2.2%,61 244
TOUT,NA,15.24,79,Pyke,sup,97.9%,C,49.1%,+0.2%,6.0%,171 254
TOUT,NA,15.24,80,Thresh,sup,98.8%,C,49.5%,+0.3%,8.5%,240 783
TOUT,NA,15.24,81,Lillia,jun,95.3%,C,50.7%,+0.2%,3.9%,110 726
TOUT,NA,15.24,82,Blitzcrank,sup,98.6%,C,49.2%,+0.7%,5.2%,145 910
TOUT,NA,15.24,83,Nasus,top,80.6%,C,50.5%,-0.0%,4.6%,130 644
TOUT,NA,15.24,84,Kled,top,91.6%,C,51.7%,+0.2%,1.7%,47 802
TOUT,NA,15.24,85,Ekko,mid,45.6%,C,50.8%,-1.6%,3.8%,108 023
TOUT,NA,15.24,86,Zed,mid,63.5%,C,49.1%,-0.1%,4.8%,136 302
TOUT,NA,15.24,87,Seraphine,sup,91.5%,C,49.8%,+0.0%,6.9%,196 733
TOUT,NA,15.24,88,Heimerdinger,top,63.2%,C,51.0%,+1.1%,2.0%,55 985
TOUT,NA,15.24,89,Kai'Sa,adc,97.0%,C,48.8%,+0.5%,10.8%,304 659
TOUT,NA,15.24,90,Anivia,mid,76.2%,C,51.1%,-0.2%,2.6%,74 504
TOUT,NA,15.24,91,Sylas,mid,41.6%,C,49.0%,-0.0%,4.6%,131 290
TOUT,NA,15.24,92,Janna,sup,96.9%,C,50.9%,+0.3%,3.6%,102 340
TOUT,NA,15.24,93,Twitch,adc,80.9%,C,49.5%,+0.2%,4.9%,138 578
TOUT,NA,15.24,94,Aphelios,adc,97.9%,C,50.1%,+0.0%,5.5%,155 704
TOUT,NA,15.24,95,Vel'Koz,mid,27.6%,C,51.2%,+0.4%,1.5%,43 216
TOUT,NA,15.24,96,Draven,adc,95.2%,C,48.9%,+1.7%,4.6%,130 157
TOUT,NA,15.24,97,Braum,sup,99.2%,C,50.4%,-0.7%,4.0%,113 821
TOUT,NA,15.24,98,Irelia,mid,44.6%,C,50.3%,-1.1%,2.3%,64 150
TOUT,NA,15.24,99,Jarvan IV,jun,92.1%,C,50.4%,+0.0%,4.5%,126 769
TOUT,NA,15.24,100,Aurelion Sol,mid,82.8%,C,50.8%,+0.3%,3.1%,87 180
TOUT,NA,15.24,101,Irelia,top,54.1%,C,49.9%,-0.2%,3.1%,88 630
TOUT,NA,15.24,102,Karma,sup,93.1%,C,50.0%,+0.3%,5.0%,142 550
TOUT,NA,15.24,103,Samira,adc,98.3%,C,49.5%,-0.1%,4.9%,138 107
TOUT,NA,15.24,104,Maokai,sup,78.2%,C,51.1%,+1.1%,2.2%,62 418
TOUT,NA,15.24,105,Zilean,sup,87.1%,C,50.8%,+0.5%,2.5%,69 645
TOUT,NA,15.24,106,Bard,sup,98.2%,C,50.0%,-0.0%,4.8%,135 480
TOUT,NA,15.24,107,Xerath,sup,46.0%,C,50.1%,-0.4%,2.8%,79 490
TOUT,NA,15.24,108,Yasuo,top,21.5%,C,49.2%,-0.2%,2.3%,65 585
TOUT,NA,15.24,109,Graves,jun,94.0%,C,50.1%,+0.0%,4.0%,112 402
TOUT,NA,15.24,110,Ekko,jun,51.2%,C,50.2%,-1.1%,3.5%,99 328
TOUT,NA,15.24,111,Aatrox,top,60.5%,C,48.9%,-0.1%,4.6%,131 676
TOUT,NA,15.24,112,Udyr,jun,82.1%,C,50.3%,-0.0%,3.2%,90 555
TOUT,NA,15.24,113,Kog'Maw,adc,86.8%,C,50.9%,+0.3%,1.9%,54 876
TOUT,NA,15.24,114,Nunu,jun,91.1%,C,50.3%,+1.1%,3.6%,100 799
TOUT,NA,15.24,115,Poppy,sup,61.7%,C,50.5%,-0.0%,2.2%,61 614
TOUT,NA,15.24,116,Sylas,jun,47.6%,C,48.2%,-0.0%,5.2%,148 182
TOUT,NA,15.24,117,Katarina,mid,96.2%,C,48.8%,+0.2%,6.0%,170 481
TOUT,NA,15.24,118,Akali,top,15.4%,C,49.7%,-0.0%,1.1%,30 337
TOUT,NA,15.24,119,Trundle,jun,65.3%,C,50.4%,+1.6%,2.6%,73 675
TOUT,NA,15.24,120,Renekton,top,93.4%,C,49.9%,-0.2%,4.0%,113 372
TOUT,NA,15.24,121,Zac,jun,74.7%,C,50.5%,+0.7%,2.5%,70 722
TOUT,NA,15.24,122,Yone,mid,57.2%,C,49.1%,+0.5%,5.5%,156 157
TOUT,NA,15.24,123,Zaahen,jun,23.4%,C,48.9%,+1.1%,2.6%,74 354
TOUT,NA,15.24,124,Yone,top,40.7%,C,49.6%,+0.7%,3.6%,102 584
TOUT,NA,15.24,125,Shen,top,72.4%,C,50.2%,+0.1%,3.6%,102 611
TOUT,NA,15.24,126,Cho'Gath,top,64.4%,C,49.7%,+0.4%,4.7%,132 120
TOUT,NA,15.24,127,Galio,mid,79.3%,C,49.8%,+0.2%,3.8%,106 490
TOUT,NA,15.24,128,Vex,mid,95.1%,C,49.9%,+0.2%,3.3%,92 589
TOUT,NA,15.24,129,Cho'Gath,mid,11.6%,D,50.7%,-0.5%,1.1%,29 991
TOUT,NA,15.24,130,Malphite,sup,8.8%,D,49.2%,+0.1%,1.1%,32 367
TOUT,NA,15.24,131,Tahm Kench,sup,69.2%,D,49.7%,+0.3%,3.5%,98 680
TOUT,NA,15.24,132,Shyvana,jun,91.7%,D,50.6%,+0.6%,1.9%,53 702
TOUT,NA,15.24,133,Sivir,adc,98.3%,D,49.7%,-0.4%,4.3%,121 603
TOUT,NA,15.24,134,Tryndamere,top,79.6%,D,49.6%,+1.2%,3.7%,104 800
TOUT,NA,15.24,135,Leblanc,mid,86.1%,D,48.9%,+0.5%,3.3%,92 624
TOUT,NA,15.24,136,Shen,sup,19.6%,D,50.7%,-0.7%,1.2%,34 322
TOUT,NA,15.24,137,Hwei,mid,77.2%,D,49.9%,+0.1%,3.2%,90 274
TOUT,NA,15.24,138,Vladimir,mid,59.4%,D,49.9%,-0.2%,2.4%,68 024
TOUT,NA,15.24,139,Wukong,jun,78.0%,D,50.3%,-0.0%,2.5%,71 639
TOUT,NA,15.24,140,Pantheon,sup,45.7%,D,49.5%,-0.4%,3.7%,104 086
TOUT,NA,15.24,141,Ivern,jun,76.7%,D,50.5%,+0.3%,1.5%,43 080
TOUT,NA,15.24,142,Ornn,top,88.1%,D,50.1%,+0.1%,2.9%,83 272
TOUT,NA,15.24,143,Gwen,top,77.9%,D,48.8%,+0.6%,4.5%,126 621
TOUT,NA,15.24,144,Ambessa,jun,25.9%,D,49.9%,-0.6%,1.1%,31 543
TOUT,NA,15.24,145,Fiora,top,97.3%,D,49.4%,-0.4%,3.4%,95 272
TOUT,NA,15.24,146,Tahm Kench,top,27.2%,D,50.0%,-0.3%,1.5%,42 843
TOUT,NA,15.24,147,Mel,adc,9.4%,D,48.8%,+1.9%,1.6%,44 560
TOUT,NA,15.24,148,Olaf,top,83.7%,D,50.2%,+0.1%,1.9%,53 325
TOUT,NA,15.24,149,Gwen,jun,18.7%,D,49.6%,-0.2%,1.5%,41 484
TOUT,NA,15.24,150,Volibear,top,46.0%,D,49.4%,-1.3%,2.9%,82 744
TOUT,NA,15.24,151,Vayne,top,17.4%,D,49.3%,+0.5%,1.7%,48 946
TOUT,NA,15.24,152,Evelynn,jun,97.2%,D,49.6%,-1.3%,2.6%,74 509
TOUT,NA,15.24,153,Xayah,adc,99.1%,D,49.7%,+0.2%,3.5%,98 399
TOUT,NA,15.24,154,Xin Zhao,jun,89.7%,D,49.8%,+2.2%,2.8%,78 870
TOUT,NA,15.24,155,Senna,sup,87.8%,D,49.1%,+0.4%,4.9%,140 028
TOUT,NA,15.24,156,Mel,mid,53.8%,D,47.1%,+0.8%,6.5%,183 742
TOUT,NA,15.24,157,Talon,mid,32.0%,D,50.0%,+0.7%,1.5%,42 630
TOUT,NA,15.24,158,Riven,top,82.3%,D,49.1%,-0.5%,4.0%,113 857
TOUT,NA,15.24,159,Fiddlesticks,jun,71.7%,D,49.7%,-0.7%,2.6%,72 687
TOUT,NA,15.24,160,Lucian,adc,96.1%,D,48.5%,-0.1%,6.4%,180 389
TOUT,NA,15.24,161,Lulu,sup,98.5%,D,48.6%,-0.6%,4.6%,130 385
TOUT,NA,15.24,162,Talon,jun,66.5%,D,49.5%,+0.3%,2.7%,75 089
TOUT,NA,15.24,163,Renata,sup,99.1%,D,50.1%,-0.5%,1.3%,36 277
TOUT,NA,15.24,164,Aatrox,jun,37.1%,D,48.4%,-0.5%,2.8%,77 988
TOUT,NA,15.24,165,Ziggs,mid,31.3%,D,49.9%,+0.0%,1.4%,40 904
TOUT,NA,15.24,166,Kha'Zix,jun,99.3%,D,48.8%,+0.2%,4.4%,125 865
TOUT,NA,15.24,167,Lissandra,mid,90.2%,D,49.7%,+0.8%,2.0%,55 658
TOUT,NA,15.24,168,Pantheon,top,23.5%,D,49.3%,+0.6%,2.0%,57 831
TOUT,NA,15.24,169,Quinn,top,74.3%,D,49.3%,-0.3%,2.0%,56 180
TOUT,NA,15.24,170,Ezreal,adc,95.1%,D,47.8%,+1.4%,7.6%,214 710
TOUT,NA,15.24,171,Akshan,mid,89.2%,D,48.7%,-0.3%,3.4%,95 837
TOUT,NA,15.24,172,Kindred,jun,96.9%,D,48.8%,-0.1%,3.4%,96 369
TOUT,NA,15.24,173,Kassadin,mid,96.9%,D,49.4%,-0.0%,2.1%,59 736
TOUT,NA,15.24,174,Cassiopeia,mid,69.2%,D,49.6%,+1.6%,1.2%,34 734
TOUT,NA,15.24,175,Zeri,adc,95.6%,D,49.1%,+0.3%,3.3%,92 102
TOUT,NA,15.24,176,Rakan,sup,98.4%,D,49.3%,+0.6%,2.5%,72 126
TOUT,NA,15.24,177,Aurora,mid,79.6%,D,49.0%,+0.8%,2.4%,68 106
TOUT,NA,15.24,178,Jayce,jun,41.0%,D,49.4%,+0.8%,1.3%,35 915
TOUT,NA,15.24,179,Rell,sup,99.0%,D,49.2%,+0.4%,2.1%,59 799
TOUT,NA,15.24,180,Zed,jun,32.8%,D,47.7%,-2.1%,1.7%,48 652
TOUT,NA,15.24,181,Annie,mid,82.2%,D,49.2%,+0.3%,1.9%,53 943
TOUT,NA,15.24,182,Elise,jun,59.7%,D,49.2%,-0.8%,1.6%,44 673
TOUT,NA,15.24,183,Hecarim,jun,99.1%,D,48.7%,+1.7%,2.9%,81 509
TOUT,NA,15.24,184,Kennen,top,63.0%,D,49.3%,-0.4%,1.4%,40 456
TOUT,NA,15.24,185,Alistar,sup,95.6%,D,48.8%,+0.4%,2.9%,83 131
TOUT,NA,15.24,186,Cho'Gath,jun,17.4%,D,49.1%,+0.4%,1.2%,32 952
TOUT,NA,15.24,187,Zoe,mid,80.7%,D,48.2%,-0.2%,3.2%,89 329
TOUT,NA,15.24,188,Bel'Veth,jun,97.3%,D,48.4%,-0.1%,2.2%,63 069
TOUT,NA,15.24,189,Ambessa,top,69.4%,D,48.1%,+0.2%,2.7%,77 307
TOUT,NA,15.24,190,Gnar,top,96.5%,D,48.8%,+0.4%,2.4%,67 246
TOUT,NA,15.24,191,Sejuani,jun,79.1%,D,48.9%,+0.3%,1.9%,53 844
TOUT,NA,15.24,192,Vi,jun,93.5%,D,48.4%,+2.0%,3.0%,84 993
TOUT,NA,15.24,193,Smolder,mid,11.3%,D,48.2%,-0.2%,1.3%,35 478
TOUT,NA,15.24,194,Ryze,mid,80.5%,D,48.6%,-1.3%,2.2%,61 397
TOUT,NA,15.24,195,Trundle,top,31.8%,D,48.7%,+1.4%,1.3%,37 194
TOUT,NA,15.24,196,Yunara,adc,98.4%,D,47.2%,-0.5%,5.6%,159 735
TOUT,NA,15.24,197,Neeko,sup,78.7%,D,48.2%,+0.9%,2.6%,72 704
TOUT,NA,15.24,198,Vladimir,top,39.6%,D,48.2%,-0.9%,1.6%,46 184
TOUT,NA,15.24,199,Rek'Sai,jun,82.1%,D,48.7%,+1.2%,1.4%,38 798
TOUT,NA,15.24,200,Camille,top,86.4%,D,48.5%,-0.3%,1.8%,52 288
TOUT,NA,15.24,201,Twisted Fate,mid,88.7%,D,48.2%,-0.1%,2.9%,82 109
TOUT,NA,15.24,202,Rumble,top,81.2%,D,48.5%,-0.4%,1.6%,43 927
TOUT,NA,15.24,203,Naafiri,jun,41.4%,D,47.8%,+2.4%,1.7%,48 165
TOUT,NA,15.24,204,Mel,sup,35.6%,D,46.1%,+0.7%,3.8%,106 339
TOUT,NA,15.24,205,Karthus,jun,74.4%,D,48.4%,+0.5%,1.5%,42 725
TOUT,NA,15.24,206,Orianna,mid,96.1%,D,47.6%,-0.3%,3.6%,103 031
TOUT,NA,15.24,207,Qiyana,mid,41.6%,D,47.9%,-0.3%,1.7%,48 644
TOUT,NA,15.24,208,Gangplank,top,86.3%,D,47.9%,-0.3%,2.4%,68 891
TOUT,NA,15.24,209,LeeSin,jun,92.7%,D,47.0%,+0.6%,4.6%,129 018
TOUT,NA,15.24,210,Rengar,jun,92.0%,D,46.6%,-0.8%,4.3%,122 446
TOUT,NA,15.24,211,Taliyah,mid,74.6%,D,48.1%,+0.6%,1.4%,38 910
TOUT,NA,15.24,212,Yuumi,sup,98.7%,D,46.7%,-0.9%,4.1%,115 192
TOUT,NA,15.24,213,Jayce,top,45.4%,D,47.7%,-0.5%,1.7%,48 835
TOUT,NA,15.24,214,Pantheon,jun,20.5%,D,47.3%,-0.1%,1.5%,43 066
TOUT,NA,15.24,215,Gragas,top,60.7%,D,47.2%,-0.4%,1.5%,41 835
TOUT,NA,15.24,216,Varus,adc,76.3%,D,46.6%,-1.9%,3.2%,92 038
TOUT,NA,15.24,217,Corki,adc,76.7%,D,47.1%,-0.9%,1.1%,32 399
TOUT,NA,15.24,218,Kalista,adc,91.1%,D,47.1%,+0.1%,1.2%,33 708
TOUT,NA,15.24,219,Ashe,sup,8.1%,D,45.9%,-0.5%,1.1%,30 117
TOUT,NA,15.24,220,Master Yi,top,9.9%,D,44.8%,-0.6%,1.2%,34 465
TOUT,NA,15.24,221,K'Sante,top,95.2%,D,45.9%,-0.0%,1.9%,53 659
TOUT,NA,15.24,222,Azir,mid,93.6%,D,45.8%,-0.5%,2.0%,56 922
TOUT,NA,15.24,223,Nidalee,jun,77.5%,D,45.5%,+0.4%,1.5%,41 689
TOUT,NA,15.24,224,Qiyana,jun,55.1%,D,44.9%,+0.3%,1.5%,43 470
TOUT,KR,16.3,1,Braum,sup,99.7%,S+,53.1%,-1.1%,10.3%,72 746
TOUT,KR,16.3,2,Xin Zhao,jun,90.6%,S+,51.7%,+1.9%,13.7%,97 144
TOUT,KR,16.3,3,Jinx,adc,99.5%,S+,52.1%,+0.0%,13.6%,96 434
TOUT,KR,16.3,4,Swain,adc,18.6%,S+,54.7%,-1.3%,2.6%,18 389
TOUT,KR,16.3,5,Ahri,mid,97.6%,S+,51.6%,+1.4%,14.5%,102 548
TOUT,KR,16.3,6,Leona,sup,99.6%,S+,51.6%,-0.0%,9.9%,70 224
TOUT,KR,16.3,7,Sivir,adc,98.9%,S,51.3%,-0.3%,8.2%,58 037
TOUT,KR,16.3,8,Malphite,top,53.4%,S,51.6%,+0.4%,6.9%,48 499
TOUT,KR,16.3,9,Naafiri,mid,60.4%,S,52.5%,-0.8%,3.9%,27 840
TOUT,KR,16.3,10,Aphelios,adc,98.9%,S,49.9%,+0.2%,13.4%,94 692
TOUT,KR,16.3,11,Caitlyn,adc,98.1%,S,49.8%,-0.4%,18.7%,132 447
TOUT,KR,16.3,12,Kha'Zix,jun,99.7%,S,50.6%,-0.7%,9.3%,65 762
TOUT,KR,16.3,13,Miss Fortune,adc,97.0%,S,51.3%,-0.3%,9.5%,67 448
TOUT,KR,16.3,14,Morgana,sup,85.9%,S,51.5%,+0.4%,6.2%,43 698
TOUT,KR,16.3,15,Vi,jun,95.2%,S,50.7%,+1.6%,12.1%,85 826
TOUT,KR,16.3,16,Nautilus,sup,97.8%,S,49.7%,-0.1%,14.7%,103 936
TOUT,KR,16.3,17,Thresh,sup,99.3%,S,50.4%,-0.1%,14.7%,103 741
TOUT,KR,16.3,18,Singed,top,86.5%,S,54.3%,+0.6%,1.9%,13 340
TOUT,KR,16.3,19,LeeSin,jun,93.5%,S,49.5%,-0.3%,21.5%,151 869
TOUT,KR,16.3,20,Twisted Fate,mid,91.6%,S,52.5%,+0.7%,6.4%,45 633
TOUT,KR,16.3,21,Ornn,top,95.3%,S,53.1%,+0.1%,5.0%,35 083
TOUT,KR,16.3,22,Blitzcrank,sup,99.0%,A,50.1%,-0.2%,9.6%,67 700
TOUT,KR,16.3,23,Malphite,mid,9.0%,A,52.5%,+0.7%,1.0%,7 407
TOUT,KR,16.3,24,Lucian,adc,96.5%,A,50.1%,-0.1%,11.6%,81 994
TOUT,KR,16.3,25,Xerath,mid,55.7%,A,51.6%,-0.1%,4.0%,28 511
TOUT,KR,16.3,26,Rek'Sai,jun,89.0%,A,52.5%,+0.6%,3.0%,21 413
TOUT,KR,16.3,27,Akali,mid,77.8%,A,49.0%,+0.4%,11.5%,81 188
TOUT,KR,16.3,28,Poppy,top,29.6%,A,52.9%,+0.6%,1.5%,10 704
TOUT,KR,16.3,29,Jhin,adc,97.7%,A,50.1%,-0.5%,14.0%,99 397
TOUT,KR,16.3,30,Malzahar,mid,92.2%,A,51.8%,-0.2%,4.5%,31 581
TOUT,KR,16.3,31,Vex,mid,96.5%,A,52.0%,+0.3%,4.1%,28 846
TOUT,KR,16.3,32,Sylas,jun,33.4%,A,49.7%,+0.6%,7.9%,56 213
TOUT,KR,16.3,33,Yasuo,mid,72.8%,A,49.6%,-0.6%,8.2%,57 916
TOUT,KR,16.3,34,Jax,top,55.8%,A,49.9%,-0.4%,7.1%,50 534
TOUT,KR,16.3,35,Naafiri,jun,30.4%,A,51.3%,+1.3%,3.1%,22 045
TOUT,KR,16.3,36,Kennen,top,76.8%,A,51.3%,+0.6%,4.8%,33 793
TOUT,KR,16.3,37,Zaahen,jun,35.9%,A,51.4%,+1.7%,4.2%,29 939
TOUT,KR,16.3,38,Gangplank,top,89.7%,A,51.3%,+0.7%,4.4%,30 851
TOUT,KR,16.3,39,Irelia,top,56.3%,A,50.4%,-0.3%,4.9%,34 401
TOUT,KR,16.3,40,Neeko,sup,79.6%,A,51.0%,+0.0%,5.8%,41 100
TOUT,KR,16.3,41,Zyra,sup,78.2%,A,52.6%,+0.3%,2.4%,16 702
TOUT,KR,16.3,42,Pyke,sup,98.5%,A,50.0%,+0.7%,6.1%,43 016
TOUT,KR,16.3,43,Sylas,mid,54.5%,A,48.5%,+0.1%,10.8%,76 614
TOUT,KR,16.3,44,Sion,top,77.5%,A,52.0%,+0.3%,4.6%,32 574
TOUT,KR,16.3,45,Briar,jun,91.1%,A,51.8%,+1.8%,3.9%,27 822
TOUT,KR,16.3,46,Qiyana,mid,55.8%,A,52.2%,+1.5%,2.0%,14 030
TOUT,KR,16.3,47,Zoe,mid,83.2%,B,50.7%,+0.1%,4.4%,31 089
TOUT,KR,16.3,48,Kai'Sa,adc,97.3%,B,49.4%,+0.6%,24.1%,170 243
TOUT,KR,16.3,49,Elise,jun,73.0%,B,52.4%,+0.5%,2.0%,14 186
TOUT,KR,16.3,50,Zyra,jun,15.9%,B,52.7%,-0.4%,1.2%,8 624
TOUT,KR,16.3,51,Viego,jun,96.9%,B,48.7%,-0.3%,14.5%,102 683
TOUT,KR,16.3,52,Zed,mid,74.9%,B,49.4%,-0.5%,7.2%,51 036
TOUT,KR,16.3,53,Lulu,sup,98.8%,B,49.4%,+0.2%,10.0%,70 497
TOUT,KR,16.3,54,Talon,mid,36.9%,B,52.0%,-0.0%,2.9%,20 472
TOUT,KR,16.3,55,Pantheon,mid,13.4%,B,52.6%,-0.3%,1.3%,9 369
TOUT,KR,16.3,56,Swain,sup,52.3%,B,50.9%,+0.2%,3.9%,27 324
TOUT,KR,16.3,57,Zac,jun,80.4%,B,51.7%,+0.1%,4.1%,29 220
TOUT,KR,16.3,58,Ezreal,adc,95.3%,B,48.4%,+1.7%,28.1%,198 754
TOUT,KR,16.3,59,Renekton,top,94.2%,B,50.6%,+0.2%,6.2%,43 875
TOUT,KR,16.3,60,Leblanc,mid,88.3%,B,49.7%,+0.2%,5.6%,39 616
TOUT,KR,16.3,61,Jax,jun,42.6%,B,50.6%,+0.1%,2.5%,17 569
TOUT,KR,16.3,62,Ashe,adc,86.5%,B,50.5%,+0.1%,7.0%,49 717
TOUT,KR,16.3,63,Varus,adc,58.0%,B,49.1%,-1.2%,7.0%,49 497
TOUT,KR,16.3,64,Rumble,top,84.9%,B,50.3%,+0.4%,5.0%,35 625
TOUT,KR,16.3,65,Sett,top,92.5%,B,51.0%,-0.6%,5.3%,37 862
TOUT,KR,16.3,66,Heimerdinger,top,62.6%,B,52.2%,+2.1%,1.2%,8 199
TOUT,KR,16.3,67,Darius,top,93.4%,C,49.6%,+0.2%,5.6%,39 705
TOUT,KR,16.3,68,Samira,adc,98.6%,C,51.6%,+0.1%,3.3%,23 217
TOUT,KR,16.3,69,Mordekaiser,top,88.8%,C,50.7%,-0.4%,5.3%,37 601
TOUT,KR,16.3,70,Urgot,top,96.0%,C,52.4%,+1.3%,1.2%,8 542
TOUT,KR,16.3,71,Seraphine,sup,90.7%,C,51.3%,+0.8%,4.7%,33 345
TOUT,KR,16.3,72,Gwen,jun,40.7%,C,51.6%,+0.6%,2.0%,14 060
TOUT,KR,16.3,73,Syndra,mid,95.0%,C,51.2%,+0.7%,4.4%,31 198
TOUT,KR,16.3,74,Veigar,mid,75.8%,C,52.0%,-0.4%,2.0%,14 454
TOUT,KR,16.3,75,Irelia,mid,42.7%,C,50.1%,-0.9%,3.1%,22 063
TOUT,KR,16.3,76,Karma,sup,93.6%,C,49.5%,+0.0%,8.7%,61 686
TOUT,KR,16.3,77,Kassadin,mid,96.2%,C,52.2%,+1.4%,1.4%,10 112
TOUT,KR,16.3,78,Rammus,jun,93.3%,C,51.8%,-1.1%,1.6%,11 190
TOUT,KR,16.3,79,Viktor,mid,95.3%,C,50.4%,+0.0%,6.0%,42 199
TOUT,KR,16.3,80,Maokai,sup,76.0%,C,51.9%,+1.1%,2.1%,14 873
TOUT,KR,16.3,81,Twitch,adc,90.8%,C,51.6%,-0.1%,2.5%,17 998
TOUT,KR,16.3,82,Yone,top,39.4%,C,49.4%,+1.1%,7.2%,50 922
TOUT,KR,16.3,83,Xerath,sup,41.2%,C,49.6%,-0.8%,4.9%,34 820
TOUT,KR,16.3,84,Karthus,jun,74.9%,C,51.5%,+0.8%,1.5%,10 724
TOUT,KR,16.3,85,Kayle,top,85.8%,C,51.5%,-0.3%,2.5%,17 508
TOUT,KR,16.3,86,Shaco,jun,80.0%,C,49.7%,-0.3%,3.3%,23 262
TOUT,KR,16.3,87,Olaf,top,86.8%,C,51.2%,+0.1%,2.9%,20 422
TOUT,KR,16.3,88,Ziggs,adc,58.6%,C,51.9%,-0.5%,1.5%,10 843
TOUT,KR,16.3,89,Brand,sup,60.3%,C,51.7%,-0.1%,1.7%,12 250
TOUT,KR,16.3,90,Diana,mid,35.9%,C,50.7%,-0.3%,3.7%,26 042
TOUT,KR,16.3,91,Gwen,top,56.9%,C,50.9%,+0.5%,3.3%,23 219
TOUT,KR,16.3,92,Shen,top,74.5%,C,51.5%,+1.0%,2.7%,19 324
TOUT,KR,16.3,93,Yunara,adc,99.0%,C,48.4%,+0.1%,11.0%,77 986
TOUT,KR,16.3,94,Lux,sup,64.2%,C,49.2%,-0.1%,7.6%,53 759
TOUT,KR,16.3,95,Zaahen,top,62.3%,C,49.5%,-0.3%,5.9%,41 894
TOUT,KR,16.3,96,Nami,sup,99.9%,C,51.0%,+0.3%,4.0%,28 469
TOUT,KR,16.3,97,Galio,mid,81.7%,C,49.5%,-0.7%,7.9%,56 048
TOUT,KR,16.3,98,Akshan,mid,89.6%,C,51.7%,+0.5%,1.4%,10 113
TOUT,KR,16.3,99,Anivia,mid,75.6%,C,51.1%,-0.7%,2.8%,20 085
TOUT,KR,16.3,100,Ekko,jun,54.4%,C,49.4%,-1.9%,4.9%,34 673
TOUT,KR,16.3,101,Bard,sup,99.0%,C,50.1%,+0.5%,6.1%,43 337
TOUT,KR,16.3,102,Garen,top,92.9%,C,50.8%,+0.3%,3.7%,26 296
TOUT,KR,16.3,103,Zilean,sup,86.6%,C,51.6%,-0.2%,1.7%,12 324
TOUT,KR,16.3,104,Nocturne,jun,97.4%,C,50.1%,-0.2%,4.7%,33 008
TOUT,KR,16.3,105,Kled,top,92.6%,C,51.8%,-0.2%,1.1%,8 052
TOUT,KR,16.3,106,Sejuani,jun,84.3%,C,51.6%,+0.1%,1.9%,13 462
TOUT,KR,16.3,107,Jayce,top,43.9%,C,49.1%,+0.1%,4.4%,30 793
TOUT,KR,16.3,108,Aurelion Sol,mid,82.7%,C,51.7%,-0.1%,1.5%,10 910
TOUT,KR,16.3,109,Akali,top,21.8%,C,49.1%,-0.2%,4.1%,29 332
TOUT,KR,16.3,110,Milio,sup,99.7%,C,51.2%,+0.4%,2.8%,19 750
TOUT,KR,16.3,111,Tristana,adc,91.0%,C,50.9%,+0.1%,3.3%,23 627
TOUT,KR,16.3,112,Jarvan IV,jun,93.1%,C,50.2%,-0.2%,5.7%,40 024
TOUT,KR,16.3,113,Poppy,sup,55.2%,C,50.6%,+0.9%,2.3%,16 387
TOUT,KR,16.3,114,Yasuo,top,18.9%,C,49.2%,-0.3%,3.4%,24 174
TOUT,KR,16.3,115,Taliyah,jun,25.1%,C,51.4%,+2.2%,1.4%,9 872
TOUT,KR,16.3,116,Aatrox,top,83.4%,C,49.1%,+0.2%,7.4%,52 181
TOUT,KR,16.3,117,Leblanc,sup,9.9%,C,49.9%,+1.4%,1.1%,7 632
TOUT,KR,16.3,118,Sona,sup,99.4%,C,51.1%,-0.7%,2.6%,18 678
TOUT,KR,16.3,119,Gnar,top,97.8%,C,50.3%,-0.2%,4.7%,32 978
TOUT,KR,16.3,120,Pantheon,top,23.2%,C,51.3%,+0.0%,1.3%,9 247
TOUT,KR,16.3,121,Katarina,mid,95.4%,C,50.1%,+0.3%,4.3%,30 715
TOUT,KR,16.3,122,Fizz,mid,94.4%,C,50.7%,-0.4%,2.9%,20 383
TOUT,KR,16.3,123,Teemo,top,69.8%,C,50.0%,+0.1%,3.0%,21 114
TOUT,KR,16.3,124,Rakan,sup,98.2%,C,50.5%,+0.2%,4.3%,30 180
TOUT,KR,16.3,125,Yone,mid,58.9%,C,48.5%,+0.4%,8.0%,56 596
TOUT,KR,16.3,126,Lillia,jun,95.8%,C,50.5%,-0.3%,3.4%,23 885
TOUT,KR,16.3,127,Xayah,adc,99.2%,C,50.9%,-0.4%,2.6%,18 181
TOUT,KR,16.3,128,Rell,sup,99.2%,C,50.7%,+0.3%,3.0%,21 033
TOUT,KR,16.3,129,Shaco,sup,16.6%,C,49.5%,-0.1%,1.5%,10 583
TOUT,KR,16.3,130,Fiddlesticks,jun,78.2%,C,51.1%,-0.2%,1.5%,10 837
TOUT,KR,16.3,131,Amumu,jun,91.6%,C,51.1%,+0.3%,1.7%,11 765
TOUT,KR,16.3,132,Volibear,jun,59.4%,C,50.5%,-2.3%,1.8%,12 554
TOUT,KR,16.3,133,Nunu,jun,93.3%,C,51.0%,+1.9%,1.9%,13 178
TOUT,KR,16.3,134,Varus,top,32.7%,C,48.9%,-3.5%,3.2%,22 874
TOUT,KR,16.3,135,Evelynn,jun,98.0%,C,51.0%,-0.1%,1.6%,11 389
TOUT,KR,16.3,136,Trundle,jun,46.8%,C,51.1%,+2.0%,1.2%,8 828
TOUT,KR,16.3,137,Ekko,mid,43.3%,C,49.5%,-1.2%,2.3%,16 049
TOUT,KR,16.3,138,Hwei,mid,78.6%,C,50.6%,+1.0%,2.5%,17 670
TOUT,KR,16.3,139,Vel'Koz,sup,65.8%,C,51.0%,+0.2%,1.6%,11 286
TOUT,KR,16.3,140,Warwick,top,17.9%,C,50.9%,+0.3%,1.3%,9 276
TOUT,KR,16.3,141,Lux,mid,32.0%,C,50.2%,+0.1%,1.7%,11 721
TOUT,KR,16.3,142,Janna,sup,98.8%,C,51.1%,+0.4%,1.0%,7 337
TOUT,KR,16.3,143,Kayn,jun,94.7%,C,50.6%,+1.2%,2.6%,18 639
TOUT,KR,16.3,144,Sylas,top,6.4%,C,49.1%,+0.1%,1.7%,11 998
TOUT,KR,16.3,145,Diana,jun,63.0%,C,49.7%,-1.6%,3.8%,26 976
TOUT,KR,16.3,146,Soraka,sup,98.0%,C,50.6%,+0.1%,2.6%,18 481
TOUT,KR,16.3,147,Alistar,sup,97.3%,C,49.6%,+0.2%,5.2%,36 770
TOUT,KR,16.3,148,Warwick,jun,81.3%,C,50.4%,+0.3%,2.3%,16 426
TOUT,KR,16.3,149,Senna,sup,85.3%,D,50.1%,+0.4%,3.9%,27 520
TOUT,KR,16.3,150,Smolder,adc,86.4%,D,50.2%,-0.8%,3.4%,23 889
TOUT,KR,16.3,151,Fiora,top,97.7%,D,49.7%,-0.1%,3.1%,21 648
TOUT,KR,16.3,152,Vayne,adc,73.6%,D,50.0%,+0.2%,2.3%,16 566
TOUT,KR,16.3,153,Zeri,adc,96.2%,D,50.7%,+1.5%,1.8%,12 765
TOUT,KR,16.3,154,Nasus,top,76.4%,D,50.2%,-1.2%,2.9%,20 543
TOUT,KR,16.3,155,Ambessa,top,51.0%,D,48.5%,+0.6%,5.4%,38 274
TOUT,KR,16.3,156,Dr.Mundo,jun,45.1%,D,50.2%,-1.0%,1.7%,12 129
TOUT,KR,16.3,157,Orianna,mid,96.4%,D,48.3%,-0.2%,7.5%,53 200
TOUT,KR,16.3,158,Malphite,jun,29.2%,D,48.4%,-0.4%,2.9%,20 447
TOUT,KR,16.3,159,Volibear,top,39.4%,D,49.3%,-1.5%,3.5%,24 733
TOUT,KR,16.3,160,Master Yi,jun,86.4%,D,49.1%,+0.7%,4.4%,31 071
TOUT,KR,16.3,161,Kindred,jun,96.4%,D,50.5%,+1.0%,1.3%,9 007
TOUT,KR,16.3,162,Illaoi,top,96.6%,D,50.1%,+0.3%,1.9%,13 702
TOUT,KR,16.3,163,Lissandra,mid,89.7%,D,50.1%,-0.5%,2.5%,17 534
TOUT,KR,16.3,164,Nidalee,jun,75.5%,D,49.7%,-0.1%,2.9%,20 221
TOUT,KR,16.3,165,Vayne,top,24.0%,D,49.3%,+0.5%,3.0%,21 107
TOUT,KR,16.3,166,Riven,top,89.0%,D,50.0%,-0.5%,2.0%,14 126
TOUT,KR,16.3,167,Yorick,top,92.2%,D,48.4%,-0.8%,4.2%,29 690
TOUT,KR,16.3,168,Yuumi,sup,99.3%,D,48.0%,+0.3%,5.7%,40 610
TOUT,KR,16.3,169,Wukong,jun,75.1%,D,49.6%,-0.9%,2.9%,20 711
TOUT,KR,16.3,170,Graves,jun,92.8%,D,49.2%,+0.3%,3.5%,25 055
TOUT,KR,16.3,171,Dr.Mundo,top,52.5%,D,49.2%,-0.5%,2.7%,19 105
TOUT,KR,16.3,172,Jayce,jun,42.8%,D,47.3%,-2.0%,3.8%,26 969
TOUT,KR,16.3,173,Aurora,mid,80.5%,D,49.0%,+0.0%,3.4%,23 959
TOUT,KR,16.3,174,Taliyah,mid,68.1%,D,49.4%,+0.9%,2.2%,15 848
TOUT,KR,16.3,175,Talon,jun,61.9%,D,49.0%,-0.0%,2.6%,18 092
TOUT,KR,16.3,176,Vladimir,mid,60.1%,D,49.4%,+0.6%,1.3%,9 522
TOUT,KR,16.3,177,Draven,adc,96.1%,D,48.9%,+0.2%,1.7%,11 798
TOUT,KR,16.3,178,Gragas,top,59.7%,D,49.3%,+0.8%,1.6%,11 202
TOUT,KR,16.3,179,Swain,top,10.6%,D,48.4%,-3.4%,1.2%,8 460
TOUT,KR,16.3,180,Ambessa,jun,45.5%,D,47.4%,-0.9%,4.5%,31 913
TOUT,KR,16.3,181,Vladimir,top,36.1%,D,48.9%,-0.1%,2.0%,14 282
TOUT,KR,16.3,182,Ryze,mid,82.5%,D,47.0%,-1.7%,7.0%,49 195
TOUT,KR,16.3,183,Tahm Kench,sup,49.3%,D,48.9%,-0.3%,1.7%,12 267
TOUT,KR,16.3,184,Tryndamere,top,81.0%,D,49.0%,+2.1%,1.4%,10 050
TOUT,KR,16.3,185,Ryze,top,16.1%,D,48.5%,-1.8%,1.8%,13 027
TOUT,KR,16.3,186,Tahm Kench,top,47.3%,D,49.0%,+1.7%,1.1%,8 075
TOUT,KR,16.3,187,Corki,adc,87.8%,D,48.6%,+0.4%,2.2%,15 737
TOUT,KR,16.3,188,K'Sante,top,95.7%,D,47.2%,+0.6%,5.6%,39 519
TOUT,KR,16.3,189,Camille,top,86.7%,D,48.5%,+0.2%,1.7%,12 269
TOUT,KR,16.3,190,Cassiopeia,mid,67.6%,D,48.4%,+0.4%,1.4%,10 033
TOUT,KR,16.3,191,Hecarim,jun,99.2%,D,48.0%,+1.0%,2.6%,18 267
TOUT,KR,16.3,192,Qiyana,jun,40.5%,D,47.6%,+0.4%,1.7%,11 918
TOUT,KR,16.3,193,Sylas,sup,5.4%,D,46.6%,-0.6%,1.5%,10 462
TOUT,KR,16.3,194,Pantheon,jun,14.5%,D,48.2%,-0.8%,1.4%,9 824
TOUT,KR,16.3,195,Pantheon,sup,48.2%,D,47.5%,-0.2%,3.0%,21 410
TOUT,KR,16.3,196,Rengar,jun,91.9%,D,48.2%,+0.4%,1.0%,7 191
TOUT,KR,16.3,197,Mel,mid,53.3%,D,45.9%,+0.2%,2.9%,20 545
TOUT,KR,16.3,198,Trundle,top,47.1%,D,47.7%,+1.0%,1.3%,9 305
TOUT,KR,16.3,199,Zed,jun,20.7%,D,45.2%,-5.2%,1.9%,13 102
TOUT,KR,16.3,200,Mel,sup,37.5%,D,44.8%,-1.6%,3.1%,21 606
TOUT,KR,16.3,201,Azir,mid,94.4%,D,45.2%,-0.2%,3.4%,23 961
TOUT,KR,15.24,1,Miss Fortune,adc,97.3%,S+,52.4%,-0.3%,18.9%,429 787
TOUT,KR,15.24,2,Malphite,top,47.4%,S+,52.8%,+0.4%,9.3%,210 072
TOUT,KR,15.24,3,Ashe,adc,88.8%,S+,50.9%,+0.1%,14.9%,339 096
TOUT,KR,15.24,4,Leona,sup,99.4%,S+,51.6%,-0.0%,9.4%,212 427
TOUT,KR,15.24,5,LeeSin,jun,92.7%,S,49.8%,-0.3%,19.9%,452 529
TOUT,KR,15.24,6,Viktor,mid,95.0%,S,50.6%,+0.0%,11.7%,264 971
TOUT,KR,15.24,7,Sylas,jun,47.6%,S,49.8%,+0.6%,15.2%,344 593
TOUT,KR,15.24,8,Lucian,adc,96.1%,S,50.4%,-0.1%,12.7%,288 083
TOUT,KR,15.24,9,Jayce,jun,41.0%,S,50.6%,-2.0%,9.2%,208 330
TOUT,KR,15.24,10,Nautilus,sup,96.7%,S,49.9%,-0.1%,11.5%,260 897
TOUT,KR,15.24,11,Naafiri,mid,50.0%,S,53.1%,-0.8%,2.6%,58 036
TOUT,KR,15.24,12,Jhin,adc,97.3%,A,50.7%,-0.5%,16.6%,377 578
TOUT,KR,15.24,13,Akali,mid,84.0%,A,49.7%,+0.4%,10.4%,236 805
TOUT,KR,15.24,14,Blitzcrank,sup,98.6%,A,49.9%,-0.2%,9.4%,213 576
TOUT,KR,15.24,15,Jax,jun,51.6%,A,52.0%,+0.1%,2.9%,66 453
TOUT,KR,15.24,16,Sylas,mid,41.6%,A,49.6%,+0.1%,10.0%,226 266
TOUT,KR,15.24,17,Morgana,sup,74.9%,A,50.9%,+0.4%,5.6%,127 009
TOUT,KR,15.24,18,Malphite,jun,35.4%,A,51.0%,-0.4%,5.2%,118 881
TOUT,KR,15.24,19,Malphite,mid,8.2%,A,52.2%,+0.7%,1.2%,26 200
TOUT,KR,15.24,20,Aatrox,jun,37.1%,A,50.0%,-0.3%,8.3%,189 452
TOUT,KR,15.24,21,Elise,sup,37.1%,A,53.0%,+0.5%,2.1%,46 989
TOUT,KR,15.24,22,Thresh,sup,98.8%,A,50.3%,-0.1%,10.6%,241 061
TOUT,KR,15.24,23,Braum,sup,99.2%,A,51.7%,-1.1%,6.0%,135 982
TOUT,KR,15.24,24,Xerath,mid,51.2%,A,51.2%,-0.1%,3.9%,87 432
TOUT,KR,15.24,25,Jax,top,46.4%,A,50.5%,-0.4%,6.6%,150 809
TOUT,KR,15.24,26,Zaahen,top,72.3%,A,50.0%,-0.3%,7.7%,173 954
TOUT,KR,15.24,27,Irelia,top,54.1%,A,50.9%,-0.3%,4.6%,103 632
TOUT,KR,15.24,28,Shaco,sup,21.4%,A,51.6%,-0.1%,2.0%,45 388
TOUT,KR,15.24,29,Lulu,sup,98.5%,A,49.9%,+0.2%,9.6%,218 575
TOUT,KR,15.24,30,Swain,mid,19.8%,A,53.3%,-1.4%,1.0%,22 913
TOUT,KR,15.24,31,Yasuo,mid,69.3%,A,49.6%,-0.6%,8.2%,185 254
TOUT,KR,15.24,32,Zyra,sup,84.0%,A,52.6%,+0.3%,2.9%,65 896
TOUT,KR,15.24,33,Xin Zhao,jun,89.7%,A,50.9%,+1.9%,8.3%,188 937
TOUT,KR,15.24,34,Poppy,sup,61.7%,A,51.6%,+0.9%,3.7%,82 882
TOUT,KR,15.24,35,Singed,top,87.0%,A,52.9%,+0.6%,2.2%,49 798
TOUT,KR,15.24,36,Malzahar,mid,90.0%,A,51.5%,-0.2%,4.7%,105 650
TOUT,KR,15.24,37,Darius,top,92.1%,A,50.0%,+0.2%,6.6%,148 999
TOUT,KR,15.24,38,Viego,jun,97.5%,A,50.2%,-0.3%,9.9%,225 391
TOUT,KR,15.24,39,Orianna,mid,96.1%,A,49.4%,-0.2%,11.1%,251 230
TOUT,KR,15.24,40,Xerath,sup,46.0%,A,50.2%,-0.8%,5.7%,128 453
TOUT,KR,15.24,41,Leblanc,mid,86.1%,A,50.1%,+0.2%,5.9%,134 626
TOUT,KR,15.24,42,Poppy,top,22.7%,A,52.1%,+0.6%,1.6%,35 351
TOUT,KR,15.24,43,Ahri,mid,96.2%,A,50.8%,+1.4%,8.6%,194 956
TOUT,KR,15.24,44,Jinx,adc,99.1%,A,50.9%,+0.0%,8.4%,189 672
TOUT,KR,15.24,45,Karma,sup,93.1%,A,50.7%,+0.0%,7.4%,167 117
TOUT,KR,15.24,46,Sivir,adc,98.3%,A,51.2%,-0.3%,5.6%,127 858
TOUT,KR,15.24,47,Warwick,jun,82.0%,A,52.2%,+0.3%,3.2%,73 792
TOUT,KR,15.24,48,Kai'Sa,adc,97.0%,B,49.5%,+0.6%,22.8%,518 229
TOUT,KR,15.24,49,Dr.Mundo,jun,35.0%,B,51.3%,-1.0%,3.9%,87 480
TOUT,KR,15.24,50,Irelia,mid,44.6%,B,50.7%,-0.9%,3.2%,73 562
TOUT,KR,15.24,51,Pyke,sup,97.9%,B,49.5%,+0.7%,7.1%,162 043
TOUT,KR,15.24,52,Tristana,adc,91.9%,B,51.1%,+0.1%,6.1%,139 293
TOUT,KR,15.24,53,Volibear,top,46.0%,B,51.7%,-1.5%,4.3%,97 190
TOUT,KR,15.24,54,Sett,top,91.0%,B,51.1%,-0.6%,6.0%,137 183
TOUT,KR,15.24,55,Smolder,adc,82.4%,B,51.2%,-0.8%,6.4%,146 142
TOUT,KR,15.24,56,Warwick,top,17.1%,B,52.5%,+0.3%,1.4%,31 243
TOUT,KR,15.24,57,Katarina,mid,96.2%,B,51.6%,+0.3%,3.9%,88 702
TOUT,KR,15.24,58,Briar,jun,92.1%,B,51.9%,+1.8%,3.0%,68 587
TOUT,KR,15.24,59,Teemo,top,63.8%,B,50.3%,+0.1%,3.9%,88 972
TOUT,KR,15.24,60,Milio,sup,99.6%,B,51.9%,+0.4%,3.7%,84 653
TOUT,KR,15.24,61,Olaf,top,83.7%,B,52.2%,+0.1%,2.3%,51 220
TOUT,KR,15.24,62,Caitlyn,adc,96.5%,B,48.6%,-0.4%,11.1%,252 422
TOUT,KR,15.24,63,Mordekaiser,top,89.0%,B,50.8%,-0.4%,5.5%,125 098
TOUT,KR,15.24,64,Leblanc,sup,11.9%,B,51.0%,+1.4%,1.3%,29 988
TOUT,KR,15.24,65,Lux,sup,65.7%,B,49.5%,-0.1%,8.4%,190 752
TOUT,KR,15.24,66,Brand,sup,66.0%,B,52.2%,-0.1%,2.1%,48 121
TOUT,KR,15.24,67,Aphelios,adc,97.9%,B,50.4%,+0.2%,7.6%,173 287
TOUT,KR,15.24,68,Sion,top,76.6%,B,51.3%,+0.3%,4.8%,108 355
TOUT,KR,15.24,69,Kennen,top,63.0%,B,51.8%,+0.6%,2.8%,63 765
TOUT,KR,15.24,70,Twisted Fate,mid,88.7%,B,51.4%,+0.7%,4.5%,102 789
TOUT,KR,15.24,71,Zed,mid,63.5%,B,49.3%,-0.5%,6.3%,142 533
TOUT,KR,15.24,72,Anivia,mid,76.2%,C,51.9%,-0.7%,2.6%,58 881
TOUT,KR,15.24,73,Vex,mid,95.1%,C,51.2%,+0.3%,3.7%,84 220
TOUT,KR,15.24,74,Heimerdinger,top,63.2%,C,51.9%,+2.1%,1.3%,29 628
TOUT,KR,15.24,75,Ezreal,adc,95.1%,C,48.4%,+1.7%,21.4%,485 766
TOUT,KR,15.24,76,Lillia,jun,95.3%,C,51.1%,-0.3%,4.7%,106 726
TOUT,KR,15.24,77,Teemo,sup,16.0%,C,50.9%,-0.2%,1.1%,24 914
TOUT,KR,15.24,78,Qiyana,mid,41.6%,C,51.5%,+1.5%,1.5%,34 210
TOUT,KR,15.24,79,Morgana,mid,19.3%,C,50.7%,-0.2%,1.3%,29 113
TOUT,KR,15.24,80,Swain,top,14.8%,C,52.2%,-3.4%,1.0%,23 024
TOUT,KR,15.24,81,Kled,top,91.6%,C,52.4%,-0.2%,1.1%,25 133
TOUT,KR,15.24,82,Swain,sup,51.7%,C,51.5%,+0.2%,3.4%,77 330
TOUT,KR,15.24,83,Syndra,mid,93.8%,C,50.7%,+0.7%,5.5%,124 761
TOUT,KR,15.24,84,Nami,sup,99.8%,C,51.3%,+0.3%,4.5%,101 700
TOUT,KR,15.24,85,Veigar,mid,79.8%,C,51.9%,-0.4%,2.2%,50 496
TOUT,KR,15.24,86,Zilean,sup,87.1%,C,52.1%,-0.2%,1.7%,38 910
TOUT,KR,15.24,87,Diana,mid,38.6%,C,51.2%,-0.3%,3.5%,79 776
TOUT,KR,15.24,88,Garen,top,91.9%,C,51.0%,+0.3%,4.5%,101 974
TOUT,KR,15.24,89,Yorick,top,90.6%,C,51.0%,-0.8%,2.9%,64 987
TOUT,KR,15.24,90,Fizz,mid,89.4%,C,51.3%,-0.4%,3.2%,72 202
TOUT,KR,15.24,91,Zoe,mid,80.7%,C,50.1%,+0.1%,4.5%,102 555
TOUT,KR,15.24,92,Aatrox,top,60.5%,C,48.6%,+0.2%,7.4%,167 948
TOUT,KR,15.24,93,Rammus,jun,91.7%,C,51.7%,-1.1%,1.7%,37 890
TOUT,KR,15.24,94,Elise,jun,59.7%,C,51.4%,+0.5%,1.8%,40 465
TOUT,KR,15.24,95,Samira,adc,98.3%,C,51.0%,+0.1%,3.7%,85 085
TOUT,KR,15.24,96,Rek'Sai,jun,82.1%,C,51.8%,+0.6%,1.8%,40 027
TOUT,KR,15.24,97,Talon,mid,32.0%,C,51.7%,-0.0%,2.2%,50 376
TOUT,KR,15.24,98,Pantheon,mid,9.7%,C,51.8%,-0.3%,1.1%,26 045
TOUT,KR,15.24,99,Renekton,top,93.4%,C,50.2%,+0.2%,5.6%,126 406
TOUT,KR,15.24,100,Kassadin,mid,96.9%,C,52.0%,+1.4%,1.4%,32 278
TOUT,KR,15.24,101,Quinn,top,74.3%,C,51.9%,+0.4%,1.1%,25 719
TOUT,KR,15.24,102,Bard,sup,98.2%,C,50.8%,+0.5%,4.6%,105 206
TOUT,KR,15.24,103,Sylas,top,5.1%,C,50.2%,+0.1%,1.5%,34 931
TOUT,KR,15.24,104,Jayce,top,45.4%,C,49.0%,+0.1%,5.3%,120 853
TOUT,KR,15.24,105,Shaco,jun,74.2%,C,49.7%,-0.3%,2.9%,65 232
TOUT,KR,15.24,106,Ekko,jun,51.2%,C,51.2%,-1.9%,3.2%,72 974
TOUT,KR,15.24,107,Seraphine,sup,91.5%,C,50.5%,+0.8%,5.6%,127 345
TOUT,KR,15.24,108,Naafiri,jun,41.4%,C,50.4%,+1.3%,2.8%,62 614
TOUT,KR,15.24,109,Gangplank,top,86.3%,C,50.8%,+0.7%,3.4%,76 640
TOUT,KR,15.24,110,Urgot,top,94.3%,C,51.9%,+1.3%,1.2%,26 202
TOUT,KR,15.24,111,Neeko,sup,78.7%,C,49.7%,+0.0%,5.5%,123 835
TOUT,KR,15.24,112,Maokai,sup,78.2%,C,51.6%,+1.1%,1.8%,41 645
TOUT,KR,15.24,113,Yunara,adc,98.4%,C,47.9%,+0.1%,11.3%,255 516
TOUT,KR,15.24,114,Fiora,top,97.3%,C,50.3%,-0.1%,4.1%,92 200
TOUT,KR,15.24,115,Zaahen,jun,23.4%,C,49.7%,+1.7%,2.1%,48 798
TOUT,KR,15.24,116,Nidalee,jun,77.5%,C,50.0%,-0.1%,4.6%,105 263
TOUT,KR,15.24,117,Nocturne,jun,97.0%,C,50.0%,-0.2%,4.2%,94 517
TOUT,KR,15.24,118,Ornn,top,88.1%,C,51.0%,+0.1%,3.4%,77 204
TOUT,KR,15.24,119,Akali,top,15.4%,C,49.7%,-0.2%,2.1%,46 640
TOUT,KR,15.24,120,Wukong,jun,78.0%,C,50.6%,-0.9%,4.4%,99 267
TOUT,KR,15.24,121,Dr.Mundo,top,60.3%,C,50.1%,-0.5%,3.4%,77 447
TOUT,KR,15.24,122,Ziggs,adc,59.8%,C,51.2%,-0.5%,2.3%,51 337
TOUT,KR,15.24,123,Vel'Koz,sup,66.2%,C,51.4%,+0.2%,1.9%,42 370
TOUT,KR,15.24,124,Vayne,adc,80.1%,C,50.6%,+0.2%,3.6%,81 825
TOUT,KR,15.24,125,Ambessa,top,69.4%,C,48.9%,+0.6%,6.9%,157 275
TOUT,KR,15.24,126,Yone,mid,57.2%,C,48.2%,+0.4%,8.9%,201 346
TOUT,KR,15.24,127,Sylas,sup,5.6%,C,49.5%,-0.6%,1.8%,40 442
TOUT,KR,15.24,128,Ekko,mid,45.6%,C,51.0%,-1.2%,2.1%,46 854
TOUT,KR,15.24,129,Volibear,jun,51.9%,C,51.1%,-2.3%,1.1%,25 623
TOUT,KR,15.24,130,Trundle,jun,65.3%,C,51.1%,+2.0%,1.7%,38 815
TOUT,KR,15.24,131,Diana,jun,59.9%,C,50.2%,-1.6%,3.6%,82 804
TOUT,KR,15.24,132,Kayle,top,77.4%,C,51.1%,-0.3%,1.7%,39 499
TOUT,KR,15.24,133,Kha'Zix,jun,99.3%,C,50.6%,-0.7%,3.2%,73 609
TOUT,KR,15.24,134,Lux,mid,30.1%,C,50.1%,+0.1%,1.9%,43 106
TOUT,KR,15.24,135,Vayne,top,17.4%,C,50.8%,+0.5%,1.8%,40 502
TOUT,KR,15.24,136,Yuumi,sup,98.7%,C,48.4%,+0.3%,6.6%,150 466
TOUT,KR,15.24,137,Jarvan IV,jun,92.1%,C,50.0%,-0.2%,4.9%,111 922
TOUT,KR,15.24,138,Soraka,sup,97.9%,C,50.7%,+0.1%,2.8%,64 614
TOUT,KR,15.24,139,Rell,sup,99.0%,C,50.5%,+0.3%,3.1%,69 497
TOUT,KR,15.24,140,Illaoi,top,95.8%,C,50.4%,+0.3%,2.3%,51 888
TOUT,KR,15.24,141,Rumble,top,81.2%,C,50.2%,+0.4%,3.6%,82 629
TOUT,KR,15.24,142,Xayah,adc,99.1%,C,50.4%,-0.4%,3.6%,82 239
TOUT,KR,15.24,143,Master Yi,jun,87.3%,C,49.4%,+0.7%,4.5%,102 307
TOUT,KR,15.24,144,Yasuo,top,21.5%,C,48.7%,-0.3%,3.6%,81 026
TOUT,KR,15.24,145,Zac,jun,74.7%,C,50.4%,+0.1%,3.1%,69 892
TOUT,KR,15.24,146,Sona,sup,98.8%,C,51.1%,-0.7%,1.0%,23 198
TOUT,KR,15.24,147,Lissandra,mid,90.2%,C,50.7%,-0.5%,2.0%,44 639
TOUT,KR,15.24,148,Bel'Veth,jun,97.3%,C,50.9%,+0.7%,1.2%,26 977
TOUT,KR,15.24,149,Yone,top,40.7%,D,48.0%,+1.1%,7.4%,167 094
TOUT,KR,15.24,150,Galio,mid,79.3%,D,49.5%,-0.7%,4.7%,107 636
TOUT,KR,15.24,151,Rakan,sup,98.4%,D,49.8%,+0.2%,4.5%,101 574
TOUT,KR,15.24,152,Sejuani,jun,79.1%,D,50.5%,+0.1%,2.1%,47 343
TOUT,KR,15.24,153,Riven,top,82.3%,D,50.4%,-0.5%,2.3%,53 005
TOUT,KR,15.24,154,Nunu,jun,91.1%,D,50.6%,+1.9%,1.6%,37 363
TOUT,KR,15.24,155,Graves,jun,94.0%,D,49.4%,+0.3%,4.4%,100 707
TOUT,KR,15.24,156,Evelynn,jun,97.2%,D,50.5%,-0.1%,1.6%,37 465
TOUT,KR,15.24,157,Vi,jun,93.5%,D,49.3%,+1.6%,5.2%,116 969
TOUT,KR,15.24,158,Hwei,mid,77.2%,D,49.7%,+1.0%,3.6%,82 595
TOUT,KR,15.24,159,Cassiopeia,mid,69.2%,D,50.5%,+0.4%,1.4%,31 954
TOUT,KR,15.24,160,Shen,top,72.4%,D,50.2%,+1.0%,2.5%,57 638
TOUT,KR,15.24,161,Alistar,sup,95.6%,D,49.1%,+0.2%,5.3%,121 013
TOUT,KR,15.24,162,Fiddlesticks,jun,71.7%,D,50.5%,-0.2%,1.3%,30 357
TOUT,KR,15.24,163,Akshan,mid,89.2%,D,50.3%,+0.5%,1.6%,36 775
TOUT,KR,15.24,164,Kayn,jun,93.4%,D,49.9%,+1.2%,3.2%,72 848
TOUT,KR,15.24,165,Karthus,jun,74.4%,D,50.1%,+0.8%,1.5%,34 489
TOUT,KR,15.24,166,Nasus,top,80.6%,D,49.9%,-1.2%,2.5%,56 813
TOUT,KR,15.24,167,Draven,adc,95.2%,D,49.5%,+0.2%,2.2%,50 758
TOUT,KR,15.24,168,Gnar,top,96.5%,D,49.7%,-0.2%,3.4%,77 338
TOUT,KR,15.24,169,Pantheon,top,23.5%,D,50.1%,+0.0%,1.6%,36 559
TOUT,KR,15.24,170,Amumu,jun,88.0%,D,50.2%,+0.3%,1.8%,41 506
TOUT,KR,15.24,171,Aurelion Sol,mid,82.8%,D,50.3%,-0.1%,1.5%,34 181
TOUT,KR,15.24,172,Senna,sup,87.8%,D,49.8%,+0.4%,2.7%,61 131
TOUT,KR,15.24,173,Pantheon,sup,45.7%,D,49.3%,-0.2%,3.6%,81 809
TOUT,KR,15.24,174,Tahm Kench,sup,69.2%,D,50.0%,-0.3%,1.7%,37 726
TOUT,KR,15.24,175,Vladimir,top,39.6%,D,49.6%,-0.1%,2.4%,54 883
TOUT,KR,15.24,176,Vladimir,mid,59.4%,D,49.7%,+0.6%,2.0%,44 936
TOUT,KR,15.24,177,Ryze,mid,80.5%,D,49.1%,-1.7%,4.2%,95 624
TOUT,KR,15.24,178,Mel,mid,53.8%,D,46.5%,+0.2%,6.8%,155 143
TOUT,KR,15.24,179,Ryze,top,17.8%,D,49.6%,-1.8%,1.6%,35 948
TOUT,KR,15.24,180,Gwen,top,77.9%,D,49.2%,+0.5%,2.8%,63 157
TOUT,KR,15.24,181,Zed,jun,32.8%,D,47.4%,-5.2%,3.4%,77 134
TOUT,KR,15.24,182,Zeri,adc,95.6%,D,48.9%,+1.5%,3.7%,83 726
TOUT,KR,15.24,183,Kindred,jun,96.9%,D,49.3%,+1.0%,2.0%,44 939
TOUT,KR,15.24,184,Twitch,adc,80.9%,D,49.6%,-0.1%,1.1%,25 023
TOUT,KR,15.24,185,Mel,sup,35.6%,D,46.6%,-1.6%,5.3%,120 277
TOUT,KR,15.24,186,Varus,top,14.6%,D,49.0%,-3.5%,1.7%,39 385
TOUT,KR,15.24,187,Talon,jun,66.5%,D,48.8%,-0.0%,2.7%,60 963
TOUT,KR,15.24,188,Gragas,top,60.7%,D,49.0%,+0.8%,2.2%,49 097
TOUT,KR,15.24,189,Aurora,mid,79.6%,D,48.8%,+0.0%,2.4%,54 007
TOUT,KR,15.24,190,Ambessa,jun,25.9%,D,48.0%,-0.9%,1.8%,40 149
TOUT,KR,15.24,191,Cho'Gath,top,64.4%,D,49.1%,-0.6%,1.2%,27 159
TOUT,KR,15.24,192,Taliyah,mid,74.6%,D,48.6%,+0.9%,2.7%,60 380
TOUT,KR,15.24,193,Camille,top,86.4%,D,48.5%,+0.2%,2.8%,62 625
TOUT,KR,15.24,194,Hecarim,jun,99.1%,D,48.3%,+1.0%,1.9%,42 646
TOUT,KR,15.24,195,K'Sante,top,95.2%,D,46.8%,+0.6%,5.9%,133 006
TOUT,KR,15.24,196,Varus,adc,76.3%,D,46.8%,-1.2%,5.5%,124 669
TOUT,KR,15.24,197,Qiyana,jun,55.1%,D,46.7%,+0.4%,3.6%,82 371
TOUT,KR,15.24,198,Pantheon,jun,20.5%,D,47.5%,-0.8%,2.6%,58 117
TOUT,KR,15.24,199,Corki,adc,76.7%,D,47.7%,+0.4%,1.5%,33 290
TOUT,KR,15.24,200,Tryndamere,top,79.6%,D,47.3%,+2.1%,1.7%,37 788
TOUT,KR,15.24,201,Kalista,adc,91.1%,D,47.2%,-0.4%,1.8%,41 728
TOUT,KR,15.24,202,Azir,mid,93.6%,D,45.5%,-0.2%,4.0%,91 053
TOUT,KR,15.24,203,Smolder,mid,11.3%,D,46.3%,-0.3%,1.0%,23 651
TOUT,EUW,16.3,1,Miss Fortune,adc,97.0%,S+,51.9%,-0.1%,16.7%,478 598
TOUT,EUW,16.3,2,Briar,jun,91.1%,S+,52.7%,+1.4%,7.0%,201 788
TOUT,EUW,16.3,3,Dr.Mundo,jun,45.1%,S+,53.0%,-0.0%,6.1%,174 803
TOUT,EUW,16.3,4,Malzahar,mid,92.2%,S+,52.1%,+0.1%,8.5%,244 665
TOUT,EUW,16.3,5,Nami,sup,99.9%,S+,52.1%,+0.1%,14.0%,401 973
TOUT,EUW,16.3,6,Braum,sup,99.7%,S+,51.7%,-0.6%,8.5%,242 737
TOUT,EUW,16.3,7,Jinx,adc,99.5%,S+,51.3%,-0.1%,16.6%,476 081
TOUT,EUW,16.3,8,Brand,adc,12.3%,S+,54.7%,+0.7%,1.1%,32 529
TOUT,EUW,16.3,9,Kayle,top,85.8%,S+,52.6%,+0.1%,6.1%,175 672
TOUT,EUW,16.3,10,Swain,adc,18.6%,S+,54.0%,+0.4%,1.8%,50 694
TOUT,EUW,16.3,11,Twitch,adc,90.8%,S,51.8%,+0.1%,7.3%,208 800
TOUT,EUW,16.3,12,Ahri,mid,97.6%,S,51.1%,+1.1%,12.4%,354 786
TOUT,EUW,16.3,13,Veigar,mid,75.8%,S,52.4%,+0.2%,7.7%,220 939
TOUT,EUW,16.3,14,Amumu,jun,91.6%,S,53.0%,-0.2%,5.5%,158 529
TOUT,EUW,16.3,15,Veigar,adc,16.1%,S,54.0%,-0.6%,2.0%,56 551
TOUT,EUW,16.3,16,Caitlyn,adc,98.1%,S,49.8%,-0.3%,22.5%,644 915
TOUT,EUW,16.3,17,Mordekaiser,top,88.8%,S,51.2%,+0.6%,7.6%,217 995
TOUT,EUW,16.3,18,Leona,sup,99.6%,S,51.3%,+0.0%,8.4%,241 116
TOUT,EUW,16.3,19,Garen,top,92.9%,S,51.3%,+0.2%,8.5%,244 583
TOUT,EUW,16.3,20,Yasuo,mid,72.8%,S,50.3%,-0.6%,9.7%,278 907
TOUT,EUW,16.3,21,Volibear,jun,59.4%,S,51.2%,-2.4%,6.5%,185 872
TOUT,EUW,16.3,22,Morgana,sup,85.9%,S,50.7%,+0.1%,8.1%,232 290
TOUT,EUW,16.3,23,Nasus,jun,17.6%,S,53.5%,+0.3%,2.3%,65 281
TOUT,EUW,16.3,24,Vayne,adc,73.6%,S,50.7%,+0.1%,8.2%,233 470
TOUT,EUW,16.3,25,Rammus,jun,93.3%,S,53.3%,-0.2%,2.6%,73 550
TOUT,EUW,16.3,26,Viego,jun,96.9%,S,49.4%,-0.0%,15.6%,446 726
TOUT,EUW,16.3,27,Naafiri,mid,60.4%,S,51.5%,-0.2%,5.1%,145 218
TOUT,EUW,16.3,28,Smolder,adc,86.4%,A,50.9%,-0.2%,9.6%,275 021
TOUT,EUW,16.3,29,Dr.Mundo,top,52.5%,A,51.2%,-0.6%,5.8%,166 589
TOUT,EUW,16.3,30,Yorick,top,92.2%,A,51.5%,-0.3%,5.0%,142 501
TOUT,EUW,16.3,31,Fizz,mid,94.4%,A,51.3%,+0.3%,5.5%,158 648
TOUT,EUW,16.3,32,Swain,mid,18.4%,A,52.8%,-0.2%,1.9%,54 575
TOUT,EUW,16.3,33,Kayle,mid,12.6%,A,52.9%,+0.9%,1.1%,31 438
TOUT,EUW,16.3,34,Sett,top,92.5%,A,51.8%,+0.1%,7.2%,204 894
TOUT,EUW,16.3,35,Malphite,top,53.4%,A,50.8%,+0.2%,6.2%,177 749
TOUT,EUW,16.3,36,Milio,sup,99.7%,A,51.4%,-0.2%,6.8%,193 883
TOUT,EUW,16.3,37,Diana,mid,35.9%,A,51.1%,-0.1%,4.2%,120 763
TOUT,EUW,16.3,38,Nautilus,sup,97.8%,A,49.5%,-0.2%,9.9%,283 943
TOUT,EUW,16.3,39,Jhin,adc,97.7%,A,50.0%,+0.1%,13.5%,386 330
TOUT,EUW,16.3,40,Thresh,sup,99.3%,A,50.2%,+0.2%,10.8%,307 801
TOUT,EUW,16.3,41,Diana,jun,63.0%,A,49.8%,-1.4%,8.2%,234 514
TOUT,EUW,16.3,42,Syndra,mid,95.0%,A,50.9%,-0.1%,7.0%,201 021
TOUT,EUW,16.3,43,Lux,mid,32.0%,A,51.0%,-0.0%,4.8%,138 732
TOUT,EUW,16.3,44,Singed,top,86.5%,A,52.9%,+0.2%,2.6%,75 287
TOUT,EUW,16.3,45,Ornn,top,95.3%,A,52.3%,-0.1%,4.8%,137 436
TOUT,EUW,16.3,46,Yasuo,adc,7.7%,A,51.7%,+0.2%,1.3%,38 137
TOUT,EUW,16.3,47,Nilah,adc,98.5%,A,52.4%,-1.3%,2.2%,64 335
TOUT,EUW,16.3,48,Xerath,mid,55.7%,A,51.8%,-0.1%,4.3%,124 058
TOUT,EUW,16.3,49,Jax,jun,42.6%,A,50.5%,-0.3%,5.0%,142 893
TOUT,EUW,16.3,50,Teemo,top,69.8%,A,50.8%,+0.3%,4.4%,126 874
TOUT,EUW,16.3,51,Zaahen,top,62.3%,A,50.4%,+0.5%,6.3%,180 449
TOUT,EUW,16.3,52,Gwen,top,56.9%,A,50.5%,+0.6%,4.5%,128 734
TOUT,EUW,16.3,53,Shaco,jun,80.0%,A,50.2%,-0.0%,5.5%,156 336
TOUT,EUW,16.3,54,Sona,sup,99.4%,A,51.9%,-0.5%,4.9%,139 685
TOUT,EUW,16.3,55,Zyra,sup,78.2%,A,51.4%,-0.1%,4.4%,126 535
TOUT,EUW,16.3,56,Lux,sup,64.2%,A,49.2%,+0.1%,9.5%,272 555
TOUT,EUW,16.3,57,Brand,mid,20.2%,B,52.1%,-0.3%,1.6%,46 259
TOUT,EUW,16.3,58,Master Yi,jun,86.4%,B,49.6%,-0.1%,7.0%,200 011
TOUT,EUW,16.3,59,Brand,sup,60.3%,B,51.2%,-0.3%,4.5%,128 946
TOUT,EUW,16.3,60,Kha'Zix,jun,99.7%,B,49.6%,+0.2%,8.8%,251 312
TOUT,EUW,16.3,61,Nasus,top,76.4%,B,51.1%,-0.6%,4.7%,135 033
TOUT,EUW,16.3,62,Aphelios,adc,98.9%,B,50.0%,-0.2%,7.0%,201 259
TOUT,EUW,16.3,63,Zaahen,jun,35.9%,B,50.7%,+1.3%,3.6%,102 873
TOUT,EUW,16.3,64,Aurelion Sol,mid,82.7%,B,51.9%,+0.3%,3.5%,100 802
TOUT,EUW,16.3,65,Jax,top,55.8%,B,49.4%,-0.3%,6.4%,183 112
TOUT,EUW,16.3,66,Blitzcrank,sup,99.0%,B,50.1%,+0.0%,4.8%,136 858
TOUT,EUW,16.3,67,Kassadin,mid,96.2%,B,50.7%,-0.4%,4.3%,123 879
TOUT,EUW,16.3,68,Katarina,mid,95.4%,B,49.3%,+0.3%,6.7%,192 003
TOUT,EUW,16.3,69,Maokai,sup,76.0%,B,52.2%,+1.8%,2.3%,66 180
TOUT,EUW,16.3,70,Vel'Koz,mid,26.7%,C,51.9%,-0.1%,2.1%,59 640
TOUT,EUW,16.3,71,Sion,top,77.5%,C,51.3%,-0.1%,4.6%,131 139
TOUT,EUW,16.3,72,Urgot,top,96.0%,C,51.5%,-0.1%,3.5%,101 484
TOUT,EUW,16.3,73,Darius,top,93.4%,C,48.9%,+0.3%,7.2%,205 056
TOUT,EUW,16.3,74,Ashe,adc,86.5%,C,50.1%,+0.2%,7.8%,223 050
TOUT,EUW,16.3,75,Soraka,sup,98.0%,C,51.1%,-0.3%,4.4%,126 967
TOUT,EUW,16.3,76,Gwen,jun,40.7%,C,50.1%,+0.1%,3.1%,88 950
TOUT,EUW,16.3,77,Samira,adc,98.6%,C,49.8%,+0.1%,5.6%,161 054
TOUT,EUW,16.3,78,Zed,mid,74.9%,C,49.3%,+0.0%,5.7%,163 062
TOUT,EUW,16.3,79,Akali,mid,77.8%,C,49.0%,+0.5%,6.8%,194 217
TOUT,EUW,16.3,80,Ekko,jun,54.4%,C,49.9%,-1.2%,4.9%,139 130
TOUT,EUW,16.3,81,Kog'Maw,adc,85.8%,C,52.1%,-0.1%,1.7%,47 689
TOUT,EUW,16.3,82,Fiddlesticks,jun,78.2%,C,51.3%,+0.1%,3.6%,103 543
TOUT,EUW,16.3,83,Nocturne,jun,97.4%,C,50.4%,-0.2%,5.0%,141 743
TOUT,EUW,16.3,84,Pyke,sup,98.5%,C,49.1%,+0.2%,5.7%,163 970
TOUT,EUW,16.3,85,Shen,top,74.5%,C,51.5%,+0.3%,3.4%,98 141
TOUT,EUW,16.3,86,Ekko,mid,43.3%,C,50.0%,-0.9%,4.2%,120 594
TOUT,EUW,16.3,87,Janna,sup,98.8%,C,51.3%,+0.1%,3.5%,101 226
TOUT,EUW,16.3,88,Viktor,mid,95.3%,C,50.9%,+0.0%,4.4%,127 061
TOUT,EUW,16.3,89,Kai'Sa,adc,97.3%,C,48.6%,+0.5%,13.4%,382 319
TOUT,EUW,16.3,90,Seraphine,sup,90.7%,C,50.3%,+0.2%,6.4%,184 295
TOUT,EUW,16.3,91,Kayn,jun,94.7%,C,49.6%,+0.9%,7.6%,218 032
TOUT,EUW,16.3,92,Yone,mid,58.9%,C,49.7%,+0.6%,6.8%,193 900
TOUT,EUW,16.3,93,Jarvan IV,jun,93.1%,C,50.8%,+0.0%,4.8%,138 471
TOUT,EUW,16.3,94,Swain,top,10.6%,C,50.9%,+0.0%,1.1%,30 385
TOUT,EUW,16.3,95,Yone,top,39.4%,C,50.4%,+1.2%,4.5%,128 952
TOUT,EUW,16.3,96,Ziggs,adc,58.6%,C,51.7%,+0.4%,1.9%,55 641
TOUT,EUW,16.3,97,Zac,jun,80.4%,C,51.2%,+0.1%,3.1%,90 084
TOUT,EUW,16.3,98,Lulu,sup,98.8%,C,49.6%,+0.1%,6.4%,183 969
TOUT,EUW,16.3,99,Illaoi,top,96.6%,C,50.4%,-0.3%,2.9%,81 762
TOUT,EUW,16.3,100,Kled,top,92.6%,C,51.7%,+0.2%,1.7%,48 107
TOUT,EUW,16.3,101,Xin Zhao,jun,90.6%,C,50.7%,+2.3%,4.7%,135 735
TOUT,EUW,16.3,102,Zilean,sup,86.6%,C,51.3%,+0.0%,2.6%,74 980
TOUT,EUW,16.3,103,Taric,sup,93.7%,C,51.8%,-0.3%,1.6%,44 827
TOUT,EUW,16.3,104,Shaco,sup,16.6%,C,50.2%,+0.8%,1.2%,33 310
TOUT,EUW,16.3,105,Vel'Koz,sup,65.8%,C,50.9%,-0.4%,3.5%,99 225
TOUT,EUW,16.3,106,Warwick,top,17.9%,C,51.2%,+0.9%,1.2%,35 660
TOUT,EUW,16.3,107,Naafiri,jun,30.4%,C,49.7%,+2.1%,2.5%,72 960
TOUT,EUW,16.3,108,Warwick,jun,81.3%,C,50.2%,+0.1%,4.3%,123 253
TOUT,EUW,16.3,109,Kennen,mid,19.7%,C,51.6%,-0.2%,1.0%,29 207
TOUT,EUW,16.3,110,Volibear,top,39.4%,C,49.4%,-1.5%,3.3%,94 605
TOUT,EUW,16.3,111,Irelia,mid,42.7%,C,50.1%,-0.8%,2.4%,68 525
TOUT,EUW,16.3,112,Vex,mid,96.5%,C,50.3%,+0.3%,3.9%,110 661
TOUT,EUW,16.3,113,Heimerdinger,top,62.6%,C,51.0%,+1.3%,1.6%,45 120
TOUT,EUW,16.3,114,Draven,adc,96.1%,C,49.1%,+1.3%,3.8%,107 825
TOUT,EUW,16.3,115,Irelia,top,56.3%,C,49.6%,-0.4%,3.8%,107 600
TOUT,EUW,16.3,116,Nunu,jun,93.3%,C,51.0%,+2.0%,2.9%,81 602
TOUT,EUW,16.3,117,Sejuani,jun,84.3%,C,51.2%,+0.1%,2.2%,64 402
TOUT,EUW,16.3,118,Sivir,adc,98.9%,C,50.1%,-0.2%,4.8%,138 215
TOUT,EUW,16.3,119,Swain,sup,52.3%,C,49.3%,-0.2%,4.5%,128 377
TOUT,EUW,16.3,120,Karma,sup,93.6%,C,49.8%,+0.3%,5.6%,160 587
TOUT,EUW,16.3,121,Anivia,mid,75.6%,C,50.7%,-0.6%,2.7%,77 641
TOUT,EUW,16.3,122,Malphite,jun,29.2%,C,49.0%,-0.0%,2.9%,82 421
TOUT,EUW,16.3,123,Lillia,jun,95.8%,C,50.4%,+0.4%,2.8%,80 894
TOUT,EUW,16.3,124,Vi,jun,95.2%,C,50.1%,+2.1%,4.5%,127 603
TOUT,EUW,16.3,125,Evelynn,jun,98.0%,C,50.2%,-0.3%,2.8%,81 059
TOUT,EUW,16.3,126,Trundle,jun,46.8%,C,50.8%,+2.0%,1.9%,53 650
TOUT,EUW,16.3,127,Vayne,top,24.0%,C,49.1%,+0.0%,2.4%,67 461
TOUT,EUW,16.3,128,Ivern,jun,78.9%,C,51.0%,+0.5%,1.1%,31 814
TOUT,EUW,16.3,129,Yasuo,top,18.9%,C,48.9%,-0.5%,2.6%,73 065
TOUT,EUW,16.3,130,Renekton,top,94.2%,C,49.7%,+0.1%,4.4%,126 527
TOUT,EUW,16.3,131,Elise,jun,73.0%,C,50.6%,+0.3%,2.0%,58 112
TOUT,EUW,16.3,132,Bard,sup,99.0%,D,49.2%,+0.5%,5.6%,161 337
TOUT,EUW,16.3,133,Xerath,sup,41.2%,D,49.9%,+0.4%,2.3%,66 323
TOUT,EUW,16.3,134,Senna,sup,85.3%,D,49.7%,+0.2%,4.8%,137 825
TOUT,EUW,16.3,135,Akshan,mid,89.6%,D,49.7%,-0.4%,3.1%,89 767
TOUT,EUW,16.3,136,Fiora,top,97.7%,D,49.4%,-0.1%,3.4%,97 905
TOUT,EUW,16.3,137,Wukong,jun,75.1%,D,50.3%,+0.0%,2.3%,65 380
TOUT,EUW,16.3,138,Olaf,top,86.8%,D,50.3%,-0.3%,2.1%,59 995
TOUT,EUW,16.3,139,Aatrox,top,83.4%,D,49.3%,+0.3%,3.7%,106 857
TOUT,EUW,16.3,140,Tristana,adc,91.0%,D,49.0%,+0.4%,5.5%,157 510
TOUT,EUW,16.3,141,Leblanc,mid,88.3%,D,49.0%,-0.1%,3.1%,89 012
TOUT,EUW,16.3,142,Galio,mid,81.7%,D,49.7%,-0.3%,3.6%,102 076
TOUT,EUW,16.3,143,Akali,top,21.8%,D,48.7%,-0.6%,1.7%,50 055
TOUT,EUW,16.3,144,Tahm Kench,top,47.3%,D,49.1%,-0.4%,3.7%,105 951
TOUT,EUW,16.3,145,Rek'Sai,jun,89.0%,D,50.3%,+0.3%,1.4%,41 117
TOUT,EUW,16.3,146,Bel'Veth,jun,97.2%,D,49.9%,+1.1%,1.9%,54 376
TOUT,EUW,16.3,147,Tahm Kench,sup,49.3%,D,49.0%,+0.3%,3.7%,105 258
TOUT,EUW,16.3,148,Hwei,mid,78.6%,D,49.8%,+0.2%,2.8%,80 464
TOUT,EUW,16.3,149,Poppy,sup,55.2%,D,49.9%,+0.4%,2.1%,58 957
TOUT,EUW,16.3,150,Kennen,top,76.8%,D,49.8%,+0.8%,2.5%,70 185
TOUT,EUW,16.3,151,Cho'Gath,top,67.7%,D,49.6%,+0.6%,3.4%,96 308
TOUT,EUW,16.3,152,Zeri,adc,96.2%,D,50.1%,+0.0%,2.0%,57 474
TOUT,EUW,16.3,153,Rakan,sup,98.2%,D,49.5%,+0.2%,3.7%,105 219
TOUT,EUW,16.3,154,Varus,adc,58.0%,D,47.5%,-1.6%,4.8%,138 154
TOUT,EUW,16.3,155,Xayah,adc,99.2%,D,49.7%,+0.1%,2.9%,82 037
TOUT,EUW,16.3,156,Renata,sup,99.0%,D,50.2%,-0.6%,1.2%,33 020
TOUT,EUW,16.3,157,Alistar,sup,97.3%,D,49.3%,-0.0%,3.8%,107 606
TOUT,EUW,16.3,158,Yunara,adc,99.0%,D,47.4%,-0.1%,8.7%,248 508
TOUT,EUW,16.3,159,Shyvana,jun,91.9%,D,50.0%,+0.5%,1.6%,46 664
TOUT,EUW,16.3,160,Trundle,top,47.1%,D,49.7%,+1.9%,2.0%,58 122
TOUT,EUW,16.3,161,Ezreal,adc,95.3%,D,47.1%,+1.6%,10.2%,291 245
TOUT,EUW,16.3,162,Varus,top,32.7%,D,47.9%,-3.8%,2.8%,81 072
TOUT,EUW,16.3,163,Gangplank,top,89.7%,D,49.1%,-0.3%,4.0%,115 032
TOUT,EUW,16.3,164,Tryndamere,top,81.0%,D,49.1%,+1.1%,3.4%,96 902
TOUT,EUW,16.3,165,Vladimir,mid,60.1%,D,49.3%,-0.0%,2.1%,58 830
TOUT,EUW,16.3,166,Ziggs,mid,33.3%,D,50.0%,-0.2%,1.1%,30 545
TOUT,EUW,16.3,167,Pantheon,top,23.2%,D,49.7%,-0.1%,1.7%,48 974
TOUT,EUW,16.3,168,Sylas,mid,54.5%,D,48.3%,+0.1%,4.2%,119 452
TOUT,EUW,16.3,169,Rell,sup,99.2%,D,49.3%,-0.0%,2.6%,74 501
TOUT,EUW,16.3,170,Twisted Fate,mid,91.6%,D,49.4%,-0.0%,2.5%,72 679
TOUT,EUW,16.3,171,Gnar,top,97.8%,D,49.1%,+0.3%,3.1%,88 535
TOUT,EUW,16.3,172,Talon,mid,36.9%,D,49.1%,+0.2%,1.1%,31 958
TOUT,EUW,16.3,173,Lissandra,mid,89.7%,D,49.2%,-0.4%,2.3%,64 410
TOUT,EUW,16.3,174,Hecarim,jun,99.2%,D,48.8%,+1.2%,3.0%,86 202
TOUT,EUW,16.3,175,Mel,mid,53.3%,D,46.8%,+0.5%,4.7%,133 377
TOUT,EUW,16.3,176,Zoe,mid,83.2%,D,48.6%,+0.5%,2.9%,82 824
TOUT,EUW,16.3,177,Aurora,mid,80.5%,D,48.8%,-0.0%,2.4%,69 767
TOUT,EUW,16.3,178,Udyr,jun,78.2%,D,49.2%,+0.3%,1.5%,43 864
TOUT,EUW,16.3,179,Qiyana,mid,55.8%,D,48.9%,-0.1%,2.0%,57 690
TOUT,EUW,16.3,180,Rengar,jun,91.9%,D,47.6%,-0.5%,3.9%,111 669
TOUT,EUW,16.3,181,Talon,jun,61.9%,D,48.4%,+0.2%,2.7%,76 250
TOUT,EUW,16.3,182,Sylas,jun,33.4%,D,48.1%,+0.8%,2.5%,71 576
TOUT,EUW,16.3,183,Riven,top,89.0%,D,48.2%,-1.1%,3.2%,90 733
TOUT,EUW,16.3,184,Lucian,adc,96.5%,D,48.0%,-0.1%,4.9%,138 924
TOUT,EUW,16.3,185,Yuumi,sup,99.3%,D,48.1%,+0.4%,3.5%,100 839
TOUT,EUW,16.3,186,Ambessa,jun,45.5%,D,47.8%,-0.8%,2.6%,75 193
TOUT,EUW,16.3,187,Kindred,jun,96.4%,D,48.7%,+0.6%,2.1%,59 487
TOUT,EUW,16.3,188,Camille,top,86.7%,D,48.8%,+0.3%,1.4%,39 829
TOUT,EUW,16.3,189,Cassiopeia,mid,67.6%,D,48.7%,+0.1%,1.3%,38 523
TOUT,EUW,16.3,190,Corki,adc,87.8%,D,48.3%,-0.4%,3.2%,90 940
TOUT,EUW,16.3,191,Neeko,sup,79.6%,D,48.1%,-0.1%,3.3%,94 292
TOUT,EUW,16.3,192,Quinn,top,71.7%,D,48.8%,-0.1%,1.2%,33 229
TOUT,EUW,16.3,193,Ambessa,top,51.0%,D,47.4%,+0.0%,3.1%,89 050
TOUT,EUW,16.3,194,Annie,mid,83.3%,D,48.8%,+0.6%,1.2%,34 514
TOUT,EUW,16.3,195,Pantheon,jun,14.5%,D,48.5%,+0.3%,1.0%,29 996
TOUT,EUW,16.3,196,Pantheon,sup,48.2%,D,47.8%,+0.1%,3.1%,89 673
TOUT,EUW,16.3,197,Zed,jun,20.7%,D,46.6%,-2.9%,1.4%,40 872
TOUT,EUW,16.3,198,Rumble,top,84.9%,D,47.8%,-0.0%,2.0%,56 199
TOUT,EUW,16.3,199,Karthus,jun,74.9%,D,48.1%,-0.0%,1.1%,31 228
TOUT,EUW,16.3,200,Vladimir,top,36.1%,D,47.5%,+0.2%,1.3%,36 788
TOUT,EUW,16.3,201,Orianna,mid,96.4%,D,46.9%,-0.5%,4.4%,125 609
TOUT,EUW,16.3,202,Graves,jun,92.8%,D,47.7%,+0.4%,1.6%,46 511
TOUT,EUW,16.3,203,Master Yi,top,11.2%,D,46.2%,+0.2%,1.1%,31 662
TOUT,EUW,16.3,204,Ryze,mid,82.5%,D,46.5%,-1.1%,4.6%,130 966
TOUT,EUW,16.3,205,LeeSin,jun,93.5%,D,46.8%,+0.2%,4.0%,113 092
TOUT,EUW,16.3,206,Gragas,top,59.7%,D,47.6%,+0.4%,1.4%,40 425
TOUT,EUW,16.3,207,Taliyah,mid,68.1%,D,47.2%,+0.1%,1.9%,53 084
TOUT,EUW,16.3,208,Ashe,sup,10.7%,D,46.4%,+0.0%,1.0%,29 502
TOUT,EUW,16.3,209,Jayce,top,43.9%,D,46.4%,-0.5%,1.4%,39 382
TOUT,EUW,16.3,210,Mel,sup,37.5%,D,44.2%,-0.5%,2.8%,79 371
TOUT,EUW,16.3,211,Jayce,jun,42.8%,D,45.7%,-0.6%,1.5%,42 246
TOUT,EUW,16.3,212,K'Sante,top,95.7%,D,45.1%,+0.5%,2.3%,65 002
TOUT,EUW,16.3,213,Nidalee,jun,75.5%,D,45.5%,+0.2%,1.0%,29 138
TOUT,EUW,16.3,214,Qiyana,jun,40.5%,D,44.6%,-0.3%,1.3%,38 370
TOUT,EUW,16.3,215,Azir,mid,94.4%,D,43.9%,-0.3%,2.3%,65 062
TOUT,EUW,15.24,1,Miss Fortune,adc,97.3%,S+,52.5%,-0.1%,25.4%,1 788 527
TOUT,EUW,15.24,2,Briar,jun,92.1%,S+,53.3%,+1.4%,6.7%,473 938
TOUT,EUW,15.24,3,Malzahar,mid,90.0%,S+,52.0%,+0.1%,8.8%,618 121
TOUT,EUW,15.24,4,Dr.Mundo,top,60.3%,S+,52.4%,-0.6%,7.3%,512 500
TOUT,EUW,15.24,5,Malphite,top,47.4%,S+,52.2%,+0.2%,7.9%,556 083
TOUT,EUW,15.24,6,Garen,top,91.9%,S+,51.7%,+0.2%,10.3%,725 532
TOUT,EUW,15.24,7,Milio,sup,99.6%,S+,52.5%,-0.2%,8.2%,577 543
TOUT,EUW,15.24,8,Dr.Mundo,jun,35.0%,S+,53.1%,-0.0%,4.4%,310 695
TOUT,EUW,15.24,9,Nami,sup,99.8%,S+,52.2%,+0.1%,11.8%,830 890
TOUT,EUW,15.24,10,Viego,jun,97.5%,S+,50.7%,-0.0%,12.2%,859 547
TOUT,EUW,15.24,11,Vayne,adc,80.1%,S+,51.6%,+0.1%,9.4%,664 727
TOUT,EUW,15.24,12,Jax,jun,51.6%,S,51.8%,-0.3%,6.6%,464 917
TOUT,EUW,15.24,13,Teemo,sup,16.0%,S,53.2%,+0.5%,1.8%,125 437
TOUT,EUW,15.24,14,Amumu,jun,88.0%,S,53.0%,-0.2%,5.6%,392 425
TOUT,EUW,15.24,15,Swain,adc,13.5%,S,53.7%,+0.4%,1.7%,120 751
TOUT,EUW,15.24,16,Warwick,jun,82.0%,S,51.9%,+0.1%,6.5%,456 214
TOUT,EUW,15.24,17,Diana,jun,59.9%,S,51.0%,-1.4%,8.5%,596 627
TOUT,EUW,15.24,18,Sett,top,91.0%,S,52.1%,+0.1%,7.8%,550 219
TOUT,EUW,15.24,19,Smolder,adc,82.4%,S,51.3%,-0.2%,10.2%,721 465
TOUT,EUW,15.24,20,Teemo,jun,14.2%,S,52.7%,+0.1%,1.9%,136 597
TOUT,EUW,15.24,21,Teemo,top,63.8%,S,51.3%,+0.3%,6.2%,439 592
TOUT,EUW,15.24,22,Malphite,jun,35.4%,S,51.4%,-0.0%,5.8%,410 714
TOUT,EUW,15.24,23,Yorick,top,90.6%,S,51.8%,-0.3%,4.8%,340 609
TOUT,EUW,15.24,24,Mordekaiser,top,89.0%,S,50.9%,+0.6%,7.6%,535 221
TOUT,EUW,15.24,25,Fizz,mid,89.4%,S,51.3%,+0.3%,6.1%,428 026
TOUT,EUW,15.24,26,Morgana,sup,74.9%,S,50.6%,+0.1%,7.9%,559 369
TOUT,EUW,15.24,27,Leona,sup,99.4%,S,51.2%,+0.0%,8.1%,568 852
TOUT,EUW,15.24,28,Lux,sup,65.7%,A,49.6%,+0.1%,11.1%,782 506
TOUT,EUW,15.24,29,Jinx,adc,99.1%,A,50.4%,-0.1%,13.2%,926 671
TOUT,EUW,15.24,30,Diana,mid,38.6%,A,51.4%,-0.1%,5.0%,354 648
TOUT,EUW,15.24,31,Swain,mid,19.8%,A,52.8%,-0.2%,2.3%,160 004
TOUT,EUW,15.24,32,Jhin,adc,97.3%,A,50.4%,+0.1%,14.6%,1 030 317
TOUT,EUW,15.24,33,Caitlyn,adc,96.5%,A,49.2%,-0.3%,17.3%,1 220 574
TOUT,EUW,15.24,34,Zyra,sup,84.0%,A,52.0%,-0.1%,4.9%,344 960
TOUT,EUW,15.24,35,Malphite,mid,8.2%,A,52.2%,-0.0%,1.3%,93 633
TOUT,EUW,15.24,36,Lux,mid,30.1%,A,51.1%,-0.0%,5.2%,369 304
TOUT,EUW,15.24,37,Yasuo,mid,69.3%,A,50.1%,-0.6%,8.2%,578 608
TOUT,EUW,15.24,38,Ahri,mid,96.2%,A,50.6%,+1.1%,10.3%,726 185
TOUT,EUW,15.24,39,Veigar,mid,79.8%,A,51.5%,+0.2%,7.2%,507 428
TOUT,EUW,15.24,40,Morgana,mid,19.3%,A,51.7%,+0.1%,2.1%,147 819
TOUT,EUW,15.24,41,Kayle,top,77.4%,A,51.9%,+0.1%,5.0%,354 536
TOUT,EUW,15.24,42,Master Yi,jun,87.3%,A,50.1%,-0.1%,7.4%,522 425
TOUT,EUW,15.24,43,Warwick,top,17.1%,A,52.1%,+0.9%,1.7%,116 552
TOUT,EUW,15.24,44,Ashe,adc,88.8%,A,49.9%,+0.2%,11.0%,772 806
TOUT,EUW,15.24,45,Brand,sup,66.0%,A,51.7%,-0.3%,4.7%,333 695
TOUT,EUW,15.24,46,Naafiri,mid,50.0%,A,52.0%,-0.2%,3.3%,233 355
TOUT,EUW,15.24,47,Zaahen,top,72.3%,A,49.5%,+0.5%,8.5%,598 568
TOUT,EUW,15.24,48,Kayle,mid,20.5%,A,52.7%,+0.9%,1.6%,115 021
TOUT,EUW,15.24,49,Urgot,top,94.3%,A,52.3%,-0.1%,3.6%,252 031
TOUT,EUW,15.24,50,Syndra,mid,93.8%,A,50.8%,-0.1%,6.6%,466 357
TOUT,EUW,15.24,51,Rammus,jun,91.7%,A,52.4%,-0.2%,2.0%,142 700
TOUT,EUW,15.24,52,Volibear,jun,51.9%,A,51.7%,-2.4%,4.1%,290 182
TOUT,EUW,15.24,53,Soraka,sup,97.9%,A,51.7%,-0.3%,4.7%,328 586
TOUT,EUW,15.24,54,Nautilus,sup,96.7%,A,49.1%,-0.2%,9.0%,633 013
TOUT,EUW,15.24,55,Kayn,jun,93.4%,B,50.1%,+0.9%,7.9%,554 875
TOUT,EUW,15.24,56,Darius,top,92.1%,B,49.0%,+0.3%,8.6%,608 141
TOUT,EUW,15.24,57,Illaoi,top,95.8%,B,51.2%,-0.3%,3.1%,219 171
TOUT,EUW,15.24,58,Shaco,sup,21.4%,B,51.1%,+0.8%,1.6%,114 007
TOUT,EUW,15.24,59,Xerath,mid,51.2%,B,51.3%,-0.1%,4.2%,294 187
TOUT,EUW,15.24,60,Vel'Koz,mid,27.6%,B,52.1%,-0.1%,2.3%,163 714
TOUT,EUW,15.24,61,Swain,sup,51.7%,B,50.7%,-0.2%,5.0%,349 326
TOUT,EUW,15.24,62,Yasuo,adc,8.1%,B,51.0%,+0.2%,1.3%,89 697
TOUT,EUW,15.24,63,Swain,top,14.8%,B,51.6%,+0.0%,1.7%,117 554
TOUT,EUW,15.24,64,Taric,sup,93.2%,B,52.5%,-0.3%,1.7%,117 057
TOUT,EUW,15.24,65,Janna,sup,96.9%,B,51.8%,+0.1%,3.8%,268 220
TOUT,EUW,15.24,66,Brand,mid,19.3%,B,51.8%,-0.3%,1.5%,103 850
TOUT,EUW,15.24,67,Shaco,jun,74.2%,B,49.7%,-0.0%,5.4%,381 853
TOUT,EUW,15.24,68,Thresh,sup,98.8%,B,49.7%,+0.2%,9.3%,651 792
TOUT,EUW,15.24,69,Jarvan IV,jun,92.1%,B,51.2%,+0.0%,5.0%,352 280
TOUT,EUW,15.24,70,Tristana,adc,91.9%,B,49.7%,+0.4%,8.4%,591 974
TOUT,EUW,15.24,71,Nilah,adc,97.8%,C,51.9%,-1.3%,1.9%,134 974
TOUT,EUW,15.24,72,Akali,mid,84.0%,C,49.1%,+0.5%,6.9%,483 002
TOUT,EUW,15.24,73,Sion,top,76.6%,C,51.3%,-0.1%,4.7%,329 970
TOUT,EUW,15.24,74,Vel'Koz,sup,66.2%,C,51.3%,-0.4%,3.8%,268 043
TOUT,EUW,15.24,75,Samira,adc,98.3%,C,49.8%,+0.1%,5.5%,388 831
TOUT,EUW,15.24,76,Katarina,mid,96.2%,C,49.0%,+0.3%,7.5%,526 506
TOUT,EUW,15.24,77,Singed,top,87.0%,C,51.8%,+0.2%,2.7%,191 280
TOUT,EUW,15.24,78,Nocturne,jun,97.0%,C,50.4%,-0.2%,5.0%,349 736
TOUT,EUW,15.24,79,Kai'Sa,adc,97.0%,C,48.7%,+0.5%,14.0%,985 376
TOUT,EUW,15.24,80,Viktor,mid,95.0%,C,51.0%,+0.0%,4.8%,340 407
TOUT,EUW,15.24,81,Sona,sup,98.8%,C,51.8%,-0.5%,2.8%,195 095
TOUT,EUW,15.24,82,Braum,sup,99.2%,C,50.7%,-0.6%,4.7%,331 196
TOUT,EUW,15.24,83,Jax,top,46.4%,C,49.3%,-0.3%,5.1%,359 722
TOUT,EUW,15.24,84,Nasus,jun,13.0%,C,51.8%,+0.3%,1.0%,71 058
TOUT,EUW,15.24,85,Ziggs,adc,59.8%,C,51.6%,+0.4%,2.3%,163 543
TOUT,EUW,15.24,86,Twitch,adc,80.9%,C,49.9%,+0.1%,4.8%,341 243
TOUT,EUW,15.24,87,Blitzcrank,sup,98.6%,C,49.2%,+0.0%,5.1%,360 948
TOUT,EUW,15.24,88,Bard,sup,98.2%,C,50.3%,+0.5%,5.5%,390 527
TOUT,EUW,15.24,89,Kled,top,91.6%,C,51.8%,+0.2%,1.5%,108 384
TOUT,EUW,15.24,90,Zed,mid,63.5%,C,49.0%,+0.0%,5.3%,371 050
TOUT,EUW,15.24,91,Ekko,mid,45.6%,C,50.7%,-0.9%,4.0%,278 681
TOUT,EUW,15.24,92,Sylas,mid,41.6%,C,48.9%,+0.1%,5.2%,368 135
TOUT,EUW,15.24,93,Nasus,top,80.6%,C,50.6%,-0.6%,4.0%,284 362
TOUT,EUW,15.24,94,Pyke,sup,97.9%,C,48.4%,+0.2%,6.8%,478 950
TOUT,EUW,15.24,95,Kog'Maw,adc,86.8%,C,51.6%,-0.1%,1.7%,116 868
TOUT,EUW,15.24,96,Karma,sup,93.1%,C,50.2%,+0.3%,5.3%,375 768
TOUT,EUW,15.24,97,Heimerdinger,top,63.2%,C,50.8%,+1.3%,2.0%,139 510
TOUT,EUW,15.24,98,Lillia,jun,95.3%,C,50.7%,+0.4%,3.4%,240 533
TOUT,EUW,15.24,99,Anivia,mid,76.2%,C,51.1%,-0.6%,2.5%,176 399
TOUT,EUW,15.24,100,Lulu,sup,98.5%,C,49.6%,+0.1%,5.4%,377 765
TOUT,EUW,15.24,101,Zilean,sup,87.1%,C,51.2%,+0.0%,2.5%,174 361
TOUT,EUW,15.24,102,Irelia,mid,44.6%,C,50.3%,-0.8%,2.4%,169 056
TOUT,EUW,15.24,103,Aphelios,adc,97.9%,C,50.0%,-0.2%,5.6%,390 800
TOUT,EUW,15.24,104,Vex,mid,95.1%,C,50.4%,+0.3%,3.6%,254 057
TOUT,EUW,15.24,105,Sylas,jun,47.6%,C,48.3%,+0.8%,6.4%,453 986
TOUT,EUW,15.24,106,Maokai,sup,78.2%,C,51.3%,+1.8%,1.8%,129 711
TOUT,EUW,15.24,107,Aurelion Sol,mid,82.8%,C,51.0%,+0.3%,2.7%,192 006
TOUT,EUW,15.24,108,Kassadin,mid,96.9%,C,50.9%,-0.4%,2.5%,177 486
TOUT,EUW,15.24,109,Ornn,top,88.1%,C,50.8%,-0.1%,3.0%,210 035
TOUT,EUW,15.24,110,Cho'Gath,top,64.4%,C,50.1%,+0.6%,4.4%,310 162
TOUT,EUW,15.24,111,Trundle,jun,65.3%,C,50.8%,+2.0%,2.3%,161 332
TOUT,EUW,15.24,112,Draven,adc,95.2%,C,48.7%,+1.3%,4.2%,294 971
TOUT,EUW,15.24,113,Irelia,top,54.1%,C,49.6%,-0.4%,3.4%,235 798
TOUT,EUW,15.24,114,Poppy,sup,61.7%,C,50.5%,+0.4%,2.5%,175 956
TOUT,EUW,15.24,115,Seraphine,sup,91.5%,C,49.6%,+0.2%,5.9%,417 468
TOUT,EUW,15.24,116,Vladimir,mid,59.4%,C,50.2%,-0.0%,2.4%,169 450
TOUT,EUW,15.24,117,Xerath,sup,46.0%,C,50.1%,+0.4%,2.7%,188 821
TOUT,EUW,15.24,118,Shen,top,72.4%,C,50.5%,+0.3%,3.3%,229 077
TOUT,EUW,15.24,119,Wukong,jun,78.0%,C,50.6%,+0.0%,2.6%,183 436
TOUT,EUW,15.24,120,Fiora,top,97.3%,C,49.7%,-0.1%,3.8%,269 739
TOUT,EUW,15.24,121,Shyvana,jun,91.7%,C,50.9%,+0.5%,1.7%,117 184
TOUT,EUW,15.24,122,Kennen,mid,32.2%,C,50.7%,-0.2%,1.8%,125 403
TOUT,EUW,15.24,123,Ekko,jun,51.2%,C,49.8%,-1.2%,4.2%,295 121
TOUT,EUW,15.24,124,Tahm Kench,sup,69.2%,C,49.8%,+0.3%,3.6%,255 665
TOUT,EUW,15.24,125,Fiddlesticks,jun,71.7%,C,50.4%,+0.1%,2.8%,199 830
TOUT,EUW,15.24,126,Leblanc,mid,86.1%,C,48.9%,-0.1%,3.8%,263 967
TOUT,EUW,15.24,127,Yone,mid,57.2%,C,48.9%,+0.6%,5.9%,415 013
TOUT,EUW,15.24,128,Cassiopeia,mid,69.2%,C,50.5%,+0.1%,1.9%,135 885
TOUT,EUW,15.24,129,Zaahen,jun,23.4%,C,48.8%,+1.3%,2.6%,185 715
TOUT,EUW,15.24,130,Vayne,top,17.4%,C,49.4%,+0.0%,2.1%,144 750
TOUT,EUW,15.24,131,Yasuo,top,21.5%,C,48.8%,-0.5%,2.7%,188 094
TOUT,EUW,15.24,132,Akali,top,15.4%,D,49.3%,-0.6%,1.2%,87 462
TOUT,EUW,15.24,133,Sivir,adc,98.3%,D,49.9%,-0.2%,4.1%,287 527
TOUT,EUW,15.24,134,Olaf,top,83.7%,D,50.5%,-0.3%,2.2%,153 528
TOUT,EUW,15.24,135,Malphite,sup,8.8%,D,49.1%,-0.9%,1.3%,88 991
TOUT,EUW,15.24,136,Evelynn,jun,97.2%,D,49.8%,-0.3%,3.0%,208 212
TOUT,EUW,15.24,137,Yone,top,40.7%,D,49.2%,+1.2%,4.2%,294 445
TOUT,EUW,15.24,138,Galio,mid,79.3%,D,49.9%,-0.3%,3.3%,231 877
TOUT,EUW,15.24,139,Mel,mid,53.8%,D,47.0%,+0.5%,7.7%,542 049
TOUT,EUW,15.24,140,Tahm Kench,top,27.2%,D,50.1%,-0.4%,1.4%,101 851
TOUT,EUW,15.24,141,Nunu,jun,91.1%,D,50.1%,+2.0%,2.9%,201 852
TOUT,EUW,15.24,142,Bel'Veth,jun,97.3%,D,49.8%,+1.1%,2.1%,149 909
TOUT,EUW,15.24,143,Kha'Zix,jun,99.3%,D,49.2%,+0.2%,4.7%,330 165
TOUT,EUW,15.24,144,Xayah,adc,99.1%,D,49.7%,+0.1%,3.7%,258 096
TOUT,EUW,15.24,145,Talon,jun,66.5%,D,49.3%,+0.2%,3.6%,250 800
TOUT,EUW,15.24,146,Zed,jun,32.8%,D,48.4%,-2.9%,2.7%,187 501
TOUT,EUW,15.24,147,Ivern,jun,76.7%,D,50.5%,+0.5%,1.1%,79 586
TOUT,EUW,15.24,148,Akshan,mid,89.2%,D,49.4%,-0.4%,3.1%,221 345
TOUT,EUW,15.24,149,Quinn,top,74.3%,D,49.9%,-0.1%,2.0%,143 656
TOUT,EUW,15.24,150,Udyr,jun,82.1%,D,50.1%,+0.3%,2.0%,137 800
TOUT,EUW,15.24,151,Ziggs,mid,31.3%,D,50.2%,-0.2%,1.2%,86 202
TOUT,EUW,15.24,152,Sejuani,jun,79.1%,D,50.1%,+0.1%,2.0%,139 843
TOUT,EUW,15.24,153,Aatrox,top,60.5%,D,48.4%,+0.3%,4.4%,308 106
TOUT,EUW,15.24,154,Xin Zhao,jun,89.7%,D,49.8%,+2.3%,2.7%,191 877
TOUT,EUW,15.24,155,Hwei,mid,77.2%,D,49.5%,+0.2%,3.3%,231 345
TOUT,EUW,15.24,156,Zac,jun,74.7%,D,49.8%,+0.1%,2.5%,175 480
TOUT,EUW,15.24,157,Elise,sup,37.1%,D,50.1%,+0.9%,1.3%,90 907
TOUT,EUW,15.24,158,Renekton,top,93.4%,D,49.3%,+0.1%,3.7%,259 135
TOUT,EUW,15.24,159,Renata,sup,99.1%,D,50.2%,-0.6%,1.2%,83 114
TOUT,EUW,15.24,160,Mel,adc,9.4%,D,48.4%,+1.2%,1.7%,120 626
TOUT,EUW,15.24,161,Senna,sup,87.8%,D,49.2%,+0.2%,4.3%,304 029
TOUT,EUW,15.24,162,Elise,jun,59.7%,D,49.7%,+0.3%,2.1%,148 514
TOUT,EUW,15.24,163,Ezreal,adc,95.1%,D,47.8%,+1.6%,7.9%,556 429
TOUT,EUW,15.24,164,Riven,top,82.3%,D,49.1%,-1.1%,3.6%,255 294
TOUT,EUW,15.24,165,Pantheon,sup,45.7%,D,49.0%,+0.1%,3.6%,255 321
TOUT,EUW,15.24,166,Naafiri,jun,41.4%,D,48.8%,+2.1%,2.3%,161 339
TOUT,EUW,15.24,167,Ambessa,jun,25.9%,D,49.1%,-0.8%,1.3%,92 012
TOUT,EUW,15.24,168,Lissandra,mid,90.2%,D,49.6%,-0.4%,2.2%,155 784
TOUT,EUW,15.24,169,Zeri,adc,95.6%,D,49.4%,+0.0%,3.0%,212 003
TOUT,EUW,15.24,170,Rell,sup,99.0%,D,49.3%,-0.0%,2.8%,197 059
TOUT,EUW,15.24,171,Tryndamere,top,79.6%,D,49.0%,+1.1%,3.2%,224 774
TOUT,EUW,15.24,172,Cho'Gath,jun,17.4%,D,49.5%,+1.0%,1.5%,102 283
TOUT,EUW,15.24,173,Lucian,adc,96.1%,D,48.2%,-0.1%,6.1%,432 795
TOUT,EUW,15.24,174,Hecarim,jun,99.1%,D,49.2%,+1.2%,2.4%,168 423
TOUT,EUW,15.24,175,Volibear,top,46.0%,D,48.8%,-1.5%,2.6%,184 347
TOUT,EUW,15.24,176,Annie,mid,82.2%,D,49.5%,+0.6%,1.5%,104 898
TOUT,EUW,15.24,177,Vladimir,top,39.6%,D,48.8%,+0.2%,1.8%,129 232
TOUT,EUW,15.24,178,Talon,mid,32.0%,D,49.1%,+0.2%,1.2%,86 056
TOUT,EUW,15.24,179,Kennen,top,63.0%,D,49.2%,+0.8%,2.0%,138 916
TOUT,EUW,15.24,180,Rakan,sup,98.4%,D,48.9%,+0.2%,3.2%,226 732
TOUT,EUW,15.24,181,Gwen,top,77.9%,D,48.0%,+0.6%,3.8%,269 147
TOUT,EUW,15.24,182,Aurora,mid,79.6%,D,48.8%,-0.0%,2.3%,161 702
TOUT,EUW,15.24,183,Aatrox,jun,37.1%,D,48.0%,+0.3%,2.3%,161 171
TOUT,EUW,15.24,184,Pantheon,top,23.5%,D,48.8%,-0.1%,1.9%,132 414
TOUT,EUW,15.24,185,Graves,jun,94.0%,D,49.0%,+0.4%,2.3%,158 828
TOUT,EUW,15.24,186,Vi,jun,93.5%,D,48.7%,+2.1%,3.0%,210 053
TOUT,EUW,15.24,187,Ambessa,top,69.4%,D,47.9%,+0.0%,3.0%,207 795
TOUT,EUW,15.24,188,Alistar,sup,95.6%,D,48.6%,-0.0%,3.0%,209 152
TOUT,EUW,15.24,189,Gnar,top,96.5%,D,48.8%,+0.3%,2.4%,168 887
TOUT,EUW,15.24,190,Twisted Fate,mid,88.7%,D,48.9%,-0.0%,2.3%,162 283
TOUT,EUW,15.24,191,Camille,top,86.4%,D,48.8%,+0.3%,1.8%,126 950
TOUT,EUW,15.24,192,Ryze,mid,80.5%,D,48.7%,-1.1%,2.3%,159 311
TOUT,EUW,15.24,193,Orianna,mid,96.1%,D,48.1%,-0.5%,4.1%,286 460
TOUT,EUW,15.24,194,Yunara,adc,98.4%,D,46.9%,-0.1%,6.1%,427 211
TOUT,EUW,15.24,195,Rek'Sai,jun,82.1%,D,48.8%,+0.3%,1.1%,76 336
TOUT,EUW,15.24,196,Qiyana,mid,41.6%,D,47.9%,-0.1%,2.0%,143 285
TOUT,EUW,15.24,197,Kindred,jun,96.9%,D,48.0%,+0.6%,2.6%,182 657
TOUT,EUW,15.24,198,Zoe,mid,80.7%,D,47.5%,+0.5%,3.1%,221 113
TOUT,EUW,15.24,199,Smolder,mid,11.3%,D,47.8%,+0.5%,1.3%,94 703
TOUT,EUW,15.24,200,Jayce,jun,41.0%,D,48.4%,-0.6%,1.2%,81 614
TOUT,EUW,15.24,201,Yuumi,sup,98.7%,D,47.3%,+0.4%,3.6%,252 988
TOUT,EUW,15.24,202,Trundle,top,31.8%,D,48.2%,+1.9%,1.3%,91 559
TOUT,EUW,15.24,203,Neeko,sup,78.7%,D,47.5%,-0.1%,3.1%,220 904
TOUT,EUW,15.24,204,Mel,sup,35.6%,D,45.6%,-0.5%,4.3%,303 973
TOUT,EUW,15.24,205,Taliyah,mid,74.6%,D,48.1%,+0.1%,1.3%,93 731
TOUT,EUW,15.24,206,Karthus,jun,74.4%,D,48.1%,-0.0%,1.2%,86 236
TOUT,EUW,15.24,207,LeeSin,jun,92.7%,D,46.8%,+0.2%,4.7%,328 776
TOUT,EUW,15.24,208,Rengar,jun,92.0%,D,46.1%,-0.5%,4.7%,332 274
TOUT,EUW,15.24,209,Rumble,top,81.2%,D,47.9%,-0.0%,1.4%,98 640
TOUT,EUW,15.24,210,Gangplank,top,86.3%,D,47.3%,-0.3%,2.4%,170 818
TOUT,EUW,15.24,211,Pantheon,jun,20.5%,D,47.2%,+0.3%,1.4%,98 417
TOUT,EUW,15.24,212,Gragas,top,60.7%,D,47.4%,+0.4%,1.6%,111 085
TOUT,EUW,15.24,213,Kalista,adc,91.1%,D,47.3%,+0.5%,1.2%,84 702
TOUT,EUW,15.24,214,Jayce,top,45.4%,D,46.8%,-0.5%,1.7%,117 285
TOUT,EUW,15.24,215,Corki,adc,76.7%,D,46.8%,-0.4%,1.2%,85 174
TOUT,EUW,15.24,216,Varus,adc,76.3%,D,46.1%,-1.6%,3.3%,229 368
TOUT,EUW,15.24,217,Qiyana,jun,55.1%,D,45.3%,-0.3%,2.6%,183 545
TOUT,EUW,15.24,218,Ashe,sup,8.1%,D,45.3%,+0.0%,1.0%,72 825
TOUT,EUW,15.24,219,Nidalee,jun,77.5%,D,45.4%,+0.2%,1.5%,108 444
TOUT,EUW,15.24,220,Azir,mid,93.6%,D,45.2%,-0.3%,1.7%,121 585
TOUT,EUW,15.24,221,K'Sante,top,95.2%,D,45.0%,+0.5%,1.9%,130 609
Bronze,TOUT,16.3,1,Briar,jun,92.3%,S+,54.2%,+1.8%,8.1%,65 117
Bronze,TOUT,16.3,2,Malzahar,mid,90.6%,S+,53.8%,+0.1%,8.3%,66 264
Bronze,TOUT,16.3,3,Miss Fortune,adc,96.8%,S+,52.6%,+0.1%,26.9%,214 855
Bronze,TOUT,16.3,4,Dr.Mundo,jun,42.6%,S+,54.6%,+0.4%,4.9%,39 537
Bronze,TOUT,16.3,5,Yorick,top,90.1%,S+,54.0%,-0.2%,6.7%,53 859
Bronze,TOUT,16.3,6,Swain,adc,12.9%,S+,55.6%,-0.2%,1.3%,10 482
Bronze,TOUT,16.3,7,Veigar,mid,78.9%,S+,53.2%,-0.2%,10.9%,87 299
Bronze,TOUT,16.3,8,Amumu,jun,91.9%,S+,54.4%,-0.1%,6.8%,54 053
Bronze,TOUT,16.3,9,Mordekaiser,top,88.2%,S+,51.8%,+0.4%,11.7%,93 511
Bronze,TOUT,16.3,10,Morgana,sup,86.4%,S+,51.5%,+0.1%,13.2%,105 330
Bronze,TOUT,16.3,11,Yasuo,mid,74.9%,S+,51.2%,-0.4%,12.1%,96 426
Bronze,TOUT,16.3,12,Leona,sup,99.3%,S+,52.4%,+0.4%,8.9%,70 813
Bronze,TOUT,16.3,13,Volibear,jun,67.1%,S+,52.2%,-2.1%,8.3%,66 256
Bronze,TOUT,16.3,14,Sett,top,92.2%,S+,52.3%,-0.1%,9.7%,77 236
Bronze,TOUT,16.3,15,Dr.Mundo,top,53.8%,S+,52.5%,-0.2%,6.3%,49 985
Bronze,TOUT,16.3,16,Rammus,jun,94.1%,S+,54.2%,-0.2%,3.0%,24 157
Bronze,TOUT,16.3,17,Lux,sup,72.3%,S+,50.5%,-0.0%,17.8%,142 207
Bronze,TOUT,16.3,18,Veigar,adc,11.7%,S+,54.1%,-1.2%,1.6%,12 935
Bronze,TOUT,16.3,19,Swain,sup,62.6%,S+,52.2%,+0.6%,6.3%,50 740
Bronze,TOUT,16.3,20,Viego,jun,97.1%,S+,50.4%,+0.0%,15.2%,121 726
Bronze,TOUT,16.3,21,Swain,mid,16.6%,S+,53.5%,-0.9%,1.7%,13 475
Bronze,TOUT,16.3,22,Jax,jun,54.6%,S+,51.7%,-0.3%,7.6%,61 103
Bronze,TOUT,16.3,23,Mordekaiser,jun,8.3%,S,53.5%,-0.1%,1.1%,8 810
Bronze,TOUT,16.3,24,Lux,mid,24.9%,S,51.9%,-0.1%,6.1%,49 092
Bronze,TOUT,16.3,25,Brand,sup,64.0%,S,52.5%,-0.3%,5.9%,47 156
Bronze,TOUT,16.3,26,Master Yi,jun,91.1%,S,50.3%,+0.1%,11.6%,92 751
Bronze,TOUT,16.3,27,Jinx,adc,98.8%,S,50.5%,-0.3%,16.9%,135 326
Bronze,TOUT,16.3,28,Caitlyn,adc,96.8%,S,50.1%,-0.4%,23.6%,188 772
Bronze,TOUT,16.3,29,Brand,mid,23.1%,S,53.4%,+0.0%,2.1%,17 024
Bronze,TOUT,16.3,30,Teemo,sup,13.4%,S,53.0%,+0.3%,1.5%,11 850
Bronze,TOUT,16.3,31,Teemo,top,68.4%,S,51.0%,+0.3%,7.6%,60 558
Bronze,TOUT,16.3,32,Singed,top,83.8%,S,54.1%,+0.2%,2.1%,16 437
Bronze,TOUT,16.3,33,Fizz,mid,93.9%,S,51.4%,+0.9%,6.1%,48 626
Bronze,TOUT,16.3,34,Seraphine,sup,94.5%,S,50.6%,+0.5%,12.3%,97 959
Bronze,TOUT,16.3,35,Garen,top,92.0%,S,51.2%,+0.2%,9.1%,72 833
Bronze,TOUT,16.3,36,Yone,mid,62.8%,S,50.7%,+1.0%,9.8%,78 138
Bronze,TOUT,16.3,37,Zyra,sup,81.7%,A,52.4%,-0.1%,4.9%,38 942
Bronze,TOUT,16.3,38,Jhin,adc,96.2%,A,50.1%,+0.1%,13.7%,109 327
Bronze,TOUT,16.3,39,Aurelion Sol,mid,82.9%,A,53.4%,+0.7%,3.2%,25 319
Bronze,TOUT,16.3,40,Sion,top,74.2%,A,53.4%,+1.0%,3.1%,24 705
Bronze,TOUT,16.3,41,Twitch,adc,88.4%,A,51.0%,+0.2%,6.2%,49 705
Bronze,TOUT,16.3,42,Ahri,mid,96.6%,A,50.0%,+0.7%,12.2%,97 515
Bronze,TOUT,16.3,43,Warwick,jun,89.1%,A,49.9%,+0.0%,9.4%,74 811
Bronze,TOUT,16.3,44,Kayle,top,87.6%,A,51.8%,-0.4%,6.1%,48 605
Bronze,TOUT,16.3,45,Diana,mid,40.0%,A,51.1%,+0.2%,5.3%,42 478
Bronze,TOUT,16.3,46,Nautilus,sup,97.5%,A,49.9%,-0.1%,9.9%,79 358
Bronze,TOUT,16.3,47,Illaoi,top,95.1%,A,51.2%,-0.3%,4.5%,35 731
Bronze,TOUT,16.3,48,Nasus,jun,19.8%,A,53.1%,+0.9%,1.6%,12 683
Bronze,TOUT,16.3,49,Nasus,top,74.9%,A,51.6%,-0.4%,6.0%,48 049
Bronze,TOUT,16.3,50,Naafiri,mid,73.4%,A,50.5%,-0.5%,6.1%,48 714
Bronze,TOUT,16.3,51,Malphite,top,45.2%,A,50.4%,-0.0%,6.2%,49 237
Bronze,TOUT,16.3,52,Jax,top,43.3%,A,50.5%,+0.2%,6.1%,48 466
Bronze,TOUT,16.3,53,Teemo,jun,9.6%,A,51.9%,-0.1%,1.1%,8 541
Bronze,TOUT,16.3,54,Braum,sup,99.1%,A,51.8%,-0.1%,4.9%,38 766
Bronze,TOUT,16.3,55,Nami,sup,99.7%,A,51.8%,+0.2%,6.3%,50 312
Bronze,TOUT,16.3,56,Samira,adc,98.1%,A,50.2%,+0.0%,6.4%,51 086
Bronze,TOUT,16.3,57,Smolder,adc,86.4%,A,51.0%,-1.0%,7.4%,58 859
Bronze,TOUT,16.3,58,Yasuo,adc,7.2%,A,51.6%,+0.0%,1.2%,9 253
Bronze,TOUT,16.3,59,Malphite,jun,31.3%,A,50.6%,-0.4%,4.3%,34 105
Bronze,TOUT,16.3,60,Ashe,adc,87.4%,A,49.3%,-0.1%,11.7%,93 685
Bronze,TOUT,16.3,61,Kayn,jun,95.4%,A,49.9%,+0.3%,9.5%,76 319
Bronze,TOUT,16.3,62,Xerath,mid,51.3%,A,51.6%,+0.0%,3.3%,26 640
Bronze,TOUT,16.3,63,Volibear,top,31.1%,A,50.7%,-1.2%,3.8%,30 758
Bronze,TOUT,16.3,64,Shaco,sup,14.8%,A,51.5%,+0.4%,1.0%,8 266
Bronze,TOUT,16.3,65,Heimerdinger,mid,26.1%,A,51.8%,+0.7%,1.2%,9 733
Bronze,TOUT,16.3,66,Malphite,mid,7.9%,A,51.4%,-0.1%,1.1%,8 622
Bronze,TOUT,16.3,67,Taric,sup,92.0%,B,52.9%,-0.8%,1.4%,11 103
Bronze,TOUT,16.3,68,Diana,jun,58.7%,B,49.3%,-1.6%,7.8%,62 435
Bronze,TOUT,16.3,69,Heimerdinger,top,59.9%,B,51.2%,+1.1%,2.8%,22 352
Bronze,TOUT,16.3,70,Blitzcrank,sup,98.3%,B,49.8%,+0.2%,5.9%,47 524
Bronze,TOUT,16.3,71,Vayne,adc,70.4%,B,50.0%,+0.2%,6.6%,52 520
Bronze,TOUT,16.3,72,Milio,sup,99.2%,B,52.0%,-0.2%,3.3%,26 623
Bronze,TOUT,16.3,73,Urgot,top,93.9%,B,51.7%,-0.4%,3.6%,28 980
Bronze,TOUT,16.3,74,Morgana,mid,9.3%,B,51.0%,-0.8%,1.4%,11 350
Bronze,TOUT,16.3,75,Nilah,adc,97.6%,B,52.0%,-1.4%,2.3%,17 989
Bronze,TOUT,16.3,76,Sona,sup,98.9%,B,51.6%,-0.6%,4.2%,33 241
Bronze,TOUT,16.3,77,Lillia,jun,92.8%,B,51.7%,+0.5%,3.1%,24 962
Bronze,TOUT,16.3,78,Xerath,sup,45.5%,B,51.1%,+0.5%,3.0%,23 654
Bronze,TOUT,16.3,79,Aphelios,adc,97.7%,C,50.6%,-0.3%,5.3%,41 988
Bronze,TOUT,16.3,80,Yone,top,34.7%,C,50.2%,+0.7%,5.4%,43 201
Bronze,TOUT,16.3,81,Nocturne,jun,97.3%,C,50.3%,-0.1%,5.7%,45 281
Bronze,TOUT,16.3,82,Kog'Maw,adc,87.9%,C,52.2%,+0.4%,1.5%,12 186
Bronze,TOUT,16.3,83,Xin Zhao,jun,89.0%,C,51.2%,+2.9%,4.7%,37 211
Bronze,TOUT,16.3,84,Maokai,sup,81.0%,C,51.9%,+1.2%,2.3%,18 666
Bronze,TOUT,16.3,85,Ekko,mid,49.7%,C,50.7%,-0.6%,4.2%,33 394
Bronze,TOUT,16.3,86,Ornn,top,91.3%,C,51.6%,+0.2%,3.1%,25 003
Bronze,TOUT,16.3,87,Shaco,jun,80.0%,C,49.1%,+0.2%,5.6%,44 670
Bronze,TOUT,16.3,88,Akali,mid,83.5%,C,48.1%,+0.2%,8.7%,69 828
Bronze,TOUT,16.3,89,Trundle,jun,52.9%,C,51.1%,+1.5%,3.2%,25 635
Bronze,TOUT,16.3,90,Viktor,mid,95.1%,C,51.5%,-0.7%,2.6%,20 431
Bronze,TOUT,16.3,91,Warwick,top,10.1%,C,50.2%,+0.4%,1.1%,8 440
Bronze,TOUT,16.3,92,Ekko,jun,47.2%,C,50.3%,-0.8%,4.0%,31 770
Bronze,TOUT,16.3,93,Irelia,mid,48.5%,C,50.2%,-0.4%,3.3%,26 093
Bronze,TOUT,16.3,94,Ziggs,adc,54.6%,C,51.3%,+0.1%,2.2%,17 853
Bronze,TOUT,16.3,95,Kled,top,92.0%,C,51.7%,-0.4%,1.3%,10 253
Bronze,TOUT,16.3,96,Sejuani,jun,83.3%,C,51.5%,+0.4%,1.9%,15 407
Bronze,TOUT,16.3,97,Zaahen,jun,33.3%,C,50.7%,+2.0%,2.3%,18 157
Bronze,TOUT,16.3,98,Kai'Sa,adc,96.9%,C,48.6%,+0.3%,10.7%,85 773
Bronze,TOUT,16.3,99,Vel'Koz,sup,71.0%,C,50.8%,-0.9%,3.5%,27 635
Bronze,TOUT,16.3,100,Galio,mid,78.3%,C,50.5%,-0.3%,4.2%,33 390
Bronze,TOUT,16.3,101,Vex,mid,95.4%,C,49.8%,+0.2%,5.1%,40 882
Bronze,TOUT,16.3,102,Darius,top,92.5%,C,47.8%,+0.0%,8.3%,66 373
Bronze,TOUT,16.3,103,Soraka,sup,97.5%,C,50.8%,-0.2%,3.4%,27 258
Bronze,TOUT,16.3,104,Syndra,mid,95.1%,C,50.5%,+0.3%,3.3%,26 472
Bronze,TOUT,16.3,105,Tahm Kench,top,40.0%,C,49.9%,-0.7%,3.5%,27 719
Bronze,TOUT,16.3,106,Tahm Kench,sup,56.7%,C,49.4%,-0.2%,4.9%,39 264
Bronze,TOUT,16.3,107,Trundle,top,41.8%,C,50.7%,+1.6%,2.5%,20 240
Bronze,TOUT,16.3,108,Vel'Koz,mid,23.9%,C,51.1%,+0.4%,1.2%,9 282
Bronze,TOUT,16.3,109,Tryndamere,top,75.7%,C,50.0%,+1.2%,4.1%,33 091
Bronze,TOUT,16.3,110,Wukong,jun,77.3%,C,51.0%,+0.2%,2.3%,18 452
Bronze,TOUT,16.3,111,Vi,jun,93.1%,C,50.3%,+2.1%,4.2%,33 349
Bronze,TOUT,16.3,112,Renekton,top,93.8%,C,50.1%,+0.3%,4.1%,33 085
Bronze,TOUT,16.3,113,Jarvan IV,jun,91.1%,C,50.7%,+0.1%,2.7%,21 511
Bronze,TOUT,16.3,114,Shyvana,jun,91.3%,C,51.0%,+0.5%,1.7%,13 542
Bronze,TOUT,16.3,115,Rell,sup,98.6%,C,50.8%,+0.2%,2.2%,17 528
Bronze,TOUT,16.3,116,Tristana,adc,92.3%,C,48.2%,+0.1%,8.3%,66 204
Bronze,TOUT,16.3,117,Pyke,sup,98.3%,C,47.9%,-0.4%,6.4%,50 927
Bronze,TOUT,16.3,118,Mel,adc,8.1%,C,49.4%,+1.0%,1.1%,9 028
Bronze,TOUT,16.3,119,Yasuo,top,16.9%,C,49.0%,-0.3%,2.7%,21 806
Bronze,TOUT,16.3,120,Mel,mid,47.1%,C,47.8%,+0.1%,6.5%,52 213
Bronze,TOUT,16.3,121,Sivir,adc,97.5%,D,49.9%,+0.1%,3.8%,30 306
Bronze,TOUT,16.3,122,Pantheon,mid,13.1%,D,50.7%,-0.9%,1.1%,8 991
Bronze,TOUT,16.3,123,Thresh,sup,97.6%,D,48.9%,-0.0%,6.8%,54 624
Bronze,TOUT,16.3,124,Zaahen,top,63.9%,D,49.1%,+0.0%,4.4%,34 841
Bronze,TOUT,16.3,125,Cho'Gath,top,66.7%,D,49.6%,+0.3%,4.1%,32 805
Bronze,TOUT,16.3,126,Poppy,sup,64.8%,D,50.5%,+0.7%,1.8%,14 525
Bronze,TOUT,16.3,127,Zed,mid,79.2%,D,47.6%,-0.6%,5.7%,45 638
Bronze,TOUT,16.3,128,Veigar,sup,7.4%,D,49.5%,-0.3%,1.0%,8 191
Bronze,TOUT,16.3,129,Anivia,mid,70.4%,D,50.4%,+0.0%,1.5%,12 356
Bronze,TOUT,16.3,130,Gwen,top,60.5%,D,48.8%,+0.4%,4.4%,34 864
Bronze,TOUT,16.3,131,Irelia,top,50.0%,D,48.9%,-0.6%,3.4%,26 934
Bronze,TOUT,16.3,132,Zac,jun,81.8%,D,50.3%,+0.1%,1.8%,14 235
Bronze,TOUT,16.3,133,Karthus,jun,71.7%,D,50.5%,+1.2%,1.0%,8 163
Bronze,TOUT,16.3,134,Pantheon,sup,51.9%,D,49.1%,+0.4%,4.5%,35 653
Bronze,TOUT,16.3,135,Ziggs,mid,32.7%,D,50.1%,-0.4%,1.3%,10 691
Bronze,TOUT,16.3,136,Shen,top,63.6%,D,49.9%,+0.1%,2.2%,17 518
Bronze,TOUT,16.3,137,Kassadin,mid,95.5%,D,49.8%,-0.1%,2.1%,16 520
Bronze,TOUT,16.3,138,Gwen,jun,36.6%,D,48.9%,-0.5%,2.6%,21 078
Bronze,TOUT,16.3,139,Hwei,mid,76.2%,D,49.7%,+0.1%,2.3%,18 651
Bronze,TOUT,16.3,140,Malphite,sup,15.1%,D,48.1%,-0.6%,2.1%,16 472
Bronze,TOUT,16.3,141,Lissandra,mid,87.7%,D,49.9%,+0.1%,1.5%,11 829
Bronze,TOUT,16.3,142,Alistar,sup,94.7%,D,49.7%,+0.2%,2.0%,16 123
Bronze,TOUT,16.3,143,Yunara,adc,97.6%,D,48.0%,+0.4%,6.6%,52 535
Bronze,TOUT,16.3,144,Naafiri,jun,19.0%,D,48.2%,+1.6%,1.6%,12 600
Bronze,TOUT,16.3,145,Zilean,sup,89.1%,D,49.8%,-0.3%,1.3%,10 715
Bronze,TOUT,16.3,146,Janna,sup,96.7%,D,49.8%,-0.3%,1.1%,9 107
Bronze,TOUT,16.3,147,Katarina,mid,95.5%,D,47.7%,-0.0%,5.0%,39 961
Bronze,TOUT,16.3,148,Fiddlesticks,jun,76.7%,D,49.2%,-0.4%,2.6%,20 895
Bronze,TOUT,16.3,149,Akali,top,15.6%,D,47.9%,-1.2%,1.6%,13 067
Bronze,TOUT,16.3,150,Zeri,adc,95.4%,D,49.5%,+0.5%,1.5%,11 632
Bronze,TOUT,16.3,151,Nunu,jun,95.4%,D,49.0%,+1.1%,2.9%,22 994
Bronze,TOUT,16.3,152,Ezreal,adc,92.9%,D,47.2%,+1.3%,8.1%,65 145
Bronze,TOUT,16.3,153,Sylas,mid,58.3%,D,47.6%,+0.5%,4.8%,38 171
Bronze,TOUT,16.3,154,Rakan,sup,97.3%,D,49.1%,+0.0%,2.5%,20 117
Bronze,TOUT,16.3,155,Leblanc,mid,90.7%,D,48.1%,+0.1%,2.8%,22 593
Bronze,TOUT,16.3,156,Neeko,sup,78.0%,D,48.1%,+0.5%,4.5%,35 571
Bronze,TOUT,16.3,157,Varus,adc,58.1%,D,46.7%,-1.4%,5.4%,43 506
Bronze,TOUT,16.3,158,Senna,sup,85.4%,D,48.3%,+0.1%,4.2%,33 941
Bronze,TOUT,16.3,159,Xayah,adc,98.4%,D,48.7%,+0.1%,2.8%,22 509
Bronze,TOUT,16.3,160,Olaf,top,84.3%,D,48.8%,-0.5%,1.9%,15 293
Bronze,TOUT,16.3,161,Vladimir,mid,60.4%,D,48.6%,-0.1%,1.4%,11 428
Bronze,TOUT,16.3,162,Fiora,top,96.2%,D,48.3%,+0.5%,2.6%,20 399
Bronze,TOUT,16.3,163,Ambessa,jun,44.4%,D,48.4%,+0.5%,1.6%,12 623
Bronze,TOUT,16.3,164,Lulu,sup,96.6%,D,48.1%,-0.2%,2.9%,23 400
Bronze,TOUT,16.3,165,Akshan,mid,86.9%,D,48.2%,-0.2%,2.2%,17 342
Bronze,TOUT,16.3,166,Mel,sup,43.6%,D,45.6%,-1.1%,6.0%,48 321
Bronze,TOUT,16.3,167,Karma,sup,90.1%,D,48.1%,-0.7%,2.6%,21 000
Bronze,TOUT,16.3,168,Draven,adc,95.2%,D,47.2%,+1.2%,2.8%,22 550
Bronze,TOUT,16.3,169,Gangplank,top,85.6%,D,48.2%,+0.3%,2.2%,17 901
Bronze,TOUT,16.3,170,Pantheon,jun,14.5%,D,48.3%,-0.2%,1.2%,9 940
Bronze,TOUT,16.3,171,Varus,top,32.4%,D,46.5%,-4.0%,3.0%,24 237
Bronze,TOUT,16.3,172,Bel'Veth,jun,95.3%,D,48.2%,+1.5%,1.3%,10 625
Bronze,TOUT,16.3,173,Rumble,top,84.7%,D,48.2%,-0.2%,1.5%,11 782
Bronze,TOUT,16.3,174,Annie,mid,81.6%,D,48.2%,+0.3%,1.3%,10 201
Bronze,TOUT,16.3,175,Kha'Zix,jun,99.4%,D,46.4%,-0.2%,5.6%,44 387
Bronze,TOUT,16.3,176,Aurora,mid,81.8%,D,47.6%,-0.6%,2.2%,17 628
Bronze,TOUT,16.3,177,Gnar,top,95.1%,D,47.7%,-0.3%,2.1%,16 895
Bronze,TOUT,16.3,178,Ryze,mid,83.7%,D,47.4%,-1.0%,2.9%,23 268
Bronze,TOUT,16.3,179,Lucian,adc,95.3%,D,47.0%,+0.1%,4.0%,32 075
Bronze,TOUT,16.3,180,Quinn,top,69.3%,D,47.7%,-0.5%,1.5%,11 761
Bronze,TOUT,16.3,181,Aatrox,top,82.9%,D,46.6%,+0.0%,3.6%,28 854
Bronze,TOUT,16.3,182,Talon,mid,42.9%,D,47.9%,+0.3%,1.1%,9 069
Bronze,TOUT,16.3,183,Vayne,top,26.7%,D,46.3%,-0.4%,2.5%,19 922
Bronze,TOUT,16.3,184,Twisted Fate,mid,85.2%,D,47.7%,+0.4%,1.7%,13 539
Bronze,TOUT,16.3,185,Graves,jun,85.1%,D,47.7%,-0.6%,1.6%,13 127
Bronze,TOUT,16.3,186,Kennen,top,71.3%,D,47.4%,-0.0%,2.0%,15 775
Bronze,TOUT,16.3,187,Bard,sup,96.8%,D,47.4%,-0.2%,2.1%,16 895
Bronze,TOUT,16.3,188,Pantheon,top,19.7%,D,47.2%,-1.1%,1.7%,13 533
Bronze,TOUT,16.3,189,Sylas,jun,32.2%,D,46.3%,-0.6%,2.6%,21 091
Bronze,TOUT,16.3,190,Udyr,jun,81.6%,D,47.4%,-0.2%,1.4%,11 068
Bronze,TOUT,16.3,191,Evelynn,jun,97.2%,D,46.8%,-1.2%,2.5%,19 765
Bronze,TOUT,16.3,192,Orianna,mid,94.2%,D,46.8%,-1.3%,2.6%,20 786
Bronze,TOUT,16.3,193,Cassiopeia,mid,74.1%,D,47.3%,+0.1%,1.0%,8 323
Bronze,TOUT,16.3,194,Ashe,sup,8.5%,D,46.4%,-0.8%,1.1%,9 111
Bronze,TOUT,16.3,195,Zoe,mid,83.2%,D,46.3%,-0.7%,2.6%,21 003
Bronze,TOUT,16.3,196,Kindred,jun,95.1%,D,46.6%,-0.4%,2.4%,19 463
Bronze,TOUT,16.3,197,Ambessa,top,51.6%,D,46.5%,+0.7%,1.8%,14 655
Bronze,TOUT,16.3,198,Corki,adc,83.3%,D,46.8%,-0.1%,1.2%,9 964
Bronze,TOUT,16.3,199,LeeSin,jun,90.3%,D,45.5%,-0.6%,4.1%,32 832
Bronze,TOUT,16.3,200,Zed,jun,17.1%,D,44.7%,-2.4%,1.2%,9 865
Bronze,TOUT,16.3,201,Talon,jun,55.3%,D,46.0%,+0.9%,1.5%,11 696
Bronze,TOUT,16.3,202,Riven,top,87.0%,D,45.6%,-0.6%,2.0%,16 318
Bronze,TOUT,16.3,203,Hecarim,jun,98.7%,D,45.4%,+0.4%,2.0%,15 782
Bronze,TOUT,16.3,204,Yuumi,sup,98.5%,D,44.5%,-1.1%,4.1%,32 523
Bronze,TOUT,16.3,205,Taliyah,mid,77.3%,D,45.2%,+0.3%,1.2%,9 345
Bronze,TOUT,16.3,206,Rengar,jun,91.8%,D,43.9%,-1.1%,2.4%,19 085
Bronze,TOUT,16.3,207,Qiyana,mid,63.9%,D,43.9%,-0.9%,1.4%,10 796
Bronze,TOUT,16.3,208,K'Sante,top,93.8%,D,43.7%,+0.0%,1.6%,13 061
Bronze,TOUT,16.3,209,Azir,mid,93.2%,D,43.2%,-0.6%,1.8%,14 151
Grandmaster,TOUT,16.3,1,Qiyana,mid,44.5%,S+,54.9%,+1.1%,4.0%,1 706
Grandmaster,TOUT,16.3,2,Singed,top,80.6%,S+,56.2%,+5.5%,3.9%,1 637
Grandmaster,TOUT,16.3,3,Nunu,jun,87.8%,S+,56.0%,+8.9%,3.0%,1 283
Grandmaster,TOUT,16.3,4,Aphelios,adc,99.3%,S+,51.3%,+1.2%,13.2%,5 582
Grandmaster,TOUT,16.3,5,Kennen,top,84.7%,S+,54.8%,+2.0%,4.3%,1 821
Grandmaster,TOUT,16.3,6,Ahri,mid,94.9%,S+,52.7%,+2.6%,11.2%,4 768
Grandmaster,TOUT,16.3,7,Swain,mid,23.7%,S+,55.7%,+6.4%,1.5%,655
Grandmaster,TOUT,16.3,8,Jinx,adc,99.7%,S+,52.6%,+0.1%,12.1%,5 138
Grandmaster,TOUT,16.3,9,Riven,top,88.2%,S+,53.4%,+0.9%,4.6%,1 959
Grandmaster,TOUT,16.3,10,Bel'Veth,jun,96.8%,S+,54.2%,+1.1%,2.9%,1 222
Grandmaster,TOUT,16.3,11,LeeSin,jun,94.1%,S+,51.0%,+0.6%,11.9%,5 037
Grandmaster,TOUT,16.3,12,Swain,adc,37.4%,S,54.6%,-0.3%,2.4%,1 035
Grandmaster,TOUT,16.3,13,Zoe,mid,79.9%,S,52.2%,-1.1%,5.4%,2 291
Grandmaster,TOUT,16.3,14,Kha'Zix,jun,99.8%,S,50.6%,-0.6%,10.2%,4 327
Grandmaster,TOUT,16.3,15,Thresh,sup,99.7%,S,51.0%,+0.3%,11.7%,4 953
Grandmaster,TOUT,16.3,16,Rengar,jun,90.4%,S,52.0%,-0.9%,5.3%,2 234
Grandmaster,TOUT,16.3,17,Katarina,mid,92.4%,S,51.6%,-0.1%,6.5%,2 753
Grandmaster,TOUT,16.3,18,Talon,mid,31.5%,S,52.7%,+1.7%,2.6%,1 121
Grandmaster,TOUT,16.3,19,Sylas,jun,32.4%,S,52.2%,+3.3%,4.2%,1 796
Grandmaster,TOUT,16.3,20,Akali,mid,67.3%,S,51.2%,+1.5%,7.1%,3 005
Grandmaster,TOUT,16.3,21,Caitlyn,adc,99.3%,S,49.4%,-0.4%,12.0%,5 108
Grandmaster,TOUT,16.3,22,Samira,adc,98.8%,S,53.5%,+2.7%,3.0%,1 272
Grandmaster,TOUT,16.3,23,Jayce,mid,12.3%,A,52.5%,-0.6%,1.4%,589
Grandmaster,TOUT,16.3,24,Poppy,sup,51.8%,A,53.1%,-0.9%,1.9%,815
Grandmaster,TOUT,16.3,25,Kindred,jun,95.1%,A,53.2%,+2.2%,2.6%,1 096
Grandmaster,TOUT,16.3,26,Kassadin,mid,95.8%,A,51.6%,+0.0%,4.9%,2 091
Grandmaster,TOUT,16.3,27,Karma,sup,94.2%,A,50.0%,+0.4%,12.8%,5 444
Grandmaster,TOUT,16.3,28,Nautilus,sup,99.2%,A,49.4%,-0.5%,13.0%,5 505
Grandmaster,TOUT,16.3,29,Shaco,jun,80.6%,A,52.6%,+1.4%,3.0%,1 293
Grandmaster,TOUT,16.3,30,Bard,sup,99.8%,A,50.5%,-0.6%,9.7%,4 118
Grandmaster,TOUT,16.3,31,Draven,adc,96.1%,A,51.4%,-1.0%,4.2%,1 797
Grandmaster,TOUT,16.3,32,Sylas,mid,53.3%,A,50.5%,+1.4%,7.0%,2 954
Grandmaster,TOUT,16.3,33,Neeko,sup,84.3%,A,52.1%,-0.7%,5.0%,2 101
Grandmaster,TOUT,16.3,34,Sona,sup,98.6%,A,51.6%,-1.0%,6.7%,2 847
Grandmaster,TOUT,16.3,35,Rakan,sup,99.3%,A,52.2%,+2.1%,6.0%,2 559
Grandmaster,TOUT,16.3,36,Leblanc,mid,86.1%,A,51.1%,+2.7%,4.3%,1 820
Grandmaster,TOUT,16.3,37,Braum,sup,99.9%,A,49.7%,-1.6%,9.0%,3 829
Grandmaster,TOUT,16.3,38,Annie,mid,86.3%,A,53.7%,+2.2%,1.0%,441
Grandmaster,TOUT,16.3,39,Teemo,top,87.3%,A,53.4%,+4.9%,1.7%,727
Grandmaster,TOUT,16.3,40,Janna,sup,99.3%,A,51.8%,+0.7%,6.0%,2 556
Grandmaster,TOUT,16.3,41,Alistar,sup,99.5%,A,51.4%,+0.6%,7.2%,3 057
Grandmaster,TOUT,16.3,42,Zac,jun,71.4%,A,52.4%,+1.4%,3.8%,1 594
Grandmaster,TOUT,16.3,43,Blitzcrank,sup,99.9%,A,51.4%,+0.8%,5.1%,2 155
Grandmaster,TOUT,16.3,44,Nasus,top,74.5%,A,52.9%,+3.9%,2.5%,1 047
Grandmaster,TOUT,16.3,45,Lulu,sup,98.2%,A,49.3%,+0.8%,12.3%,5 216
Grandmaster,TOUT,16.3,46,Lux,adc,27.4%,A,53.1%,+1.7%,1.7%,717
Grandmaster,TOUT,16.3,47,Diana,mid,30.6%,A,51.7%,+0.6%,2.3%,974
Grandmaster,TOUT,16.3,48,Pantheon,top,29.2%,A,53.2%,+2.7%,1.7%,741
Grandmaster,TOUT,16.3,49,Ambessa,jun,52.1%,A,49.7%,-0.9%,8.0%,3 406
Grandmaster,TOUT,16.3,50,Shen,top,86.7%,A,52.6%,+3.2%,3.9%,1 657
Grandmaster,TOUT,16.3,51,Zilean,sup,64.4%,A,52.8%,+1.1%,2.5%,1 069
Grandmaster,TOUT,16.3,52,Yunara,adc,99.5%,A,49.5%,+0.8%,13.3%,5 630
Grandmaster,TOUT,16.3,53,Syndra,mid,89.2%,A,51.0%,+2.2%,6.7%,2 833
Grandmaster,TOUT,16.3,54,Taliyah,jun,37.2%,A,52.7%,+1.6%,2.5%,1 072
Grandmaster,TOUT,16.3,55,Hecarim,jun,99.7%,A,51.0%,+2.2%,5.6%,2 366
Grandmaster,TOUT,16.3,56,Viego,jun,95.6%,A,48.4%,+0.4%,13.7%,5 824
Grandmaster,TOUT,16.3,57,Ambessa,top,44.4%,A,49.9%,+1.1%,6.9%,2 907
Grandmaster,TOUT,16.3,58,Leona,sup,100.0%,A,51.3%,+0.0%,6.5%,2 776
Grandmaster,TOUT,16.3,59,Jax,top,77.8%,A,49.7%,-0.8%,6.8%,2 893
Grandmaster,TOUT,16.3,60,Sivir,adc,98.9%,A,50.7%,+0.2%,6.7%,2 845
Grandmaster,TOUT,16.3,61,Gwen,top,52.4%,A,50.5%,-1.7%,4.0%,1 714
Grandmaster,TOUT,16.3,62,Ezreal,adc,97.6%,A,48.9%,+1.6%,19.6%,8 301
Grandmaster,TOUT,16.3,63,Yasuo,adc,15.8%,B,51.1%,-2.2%,1.9%,800
Grandmaster,TOUT,16.3,64,Zed,mid,72.0%,B,49.7%,-0.5%,6.6%,2 785
Grandmaster,TOUT,16.3,65,Rek'Sai,jun,86.5%,B,51.5%,-1.7%,4.6%,1 968
Grandmaster,TOUT,16.3,66,Talon,jun,67.1%,B,49.9%,-1.2%,5.6%,2 385
Grandmaster,TOUT,16.3,67,Ashe,adc,92.5%,B,51.9%,-1.2%,4.5%,1 927
Grandmaster,TOUT,16.3,68,Akshan,mid,88.9%,B,51.4%,-2.7%,3.7%,1 557
Grandmaster,TOUT,16.3,69,Aurelion Sol,adc,29.9%,B,52.8%,+0.6%,1.1%,477
Grandmaster,TOUT,16.3,70,Qiyana,jun,48.4%,B,50.3%,+0.2%,4.4%,1 858
Grandmaster,TOUT,16.3,71,Gangplank,top,93.6%,B,51.1%,-0.3%,4.8%,2 056
Grandmaster,TOUT,16.3,72,Ornn,top,95.5%,B,51.7%,+3.2%,5.0%,2 099
Grandmaster,TOUT,16.3,73,Nami,sup,99.9%,B,49.2%,-0.9%,17.4%,7 388
Grandmaster,TOUT,16.3,74,Jayce,top,42.4%,B,50.0%,-0.1%,4.8%,2 028
Grandmaster,TOUT,16.3,75,Gnar,top,99.0%,B,51.6%,+2.8%,4.2%,1 772
Grandmaster,TOUT,16.3,76,Pyke,sup,98.0%,B,49.5%,+0.2%,6.1%,2 586
Grandmaster,TOUT,16.3,77,Kai'Sa,adc,98.1%,B,49.0%,+0.3%,19.0%,8 043
Grandmaster,TOUT,16.3,78,Mel,adc,34.6%,B,50.7%,-1.1%,1.8%,765
Grandmaster,TOUT,16.3,79,Aatrox,top,76.3%,B,50.2%,+0.1%,7.1%,2 992
Grandmaster,TOUT,16.3,80,Olaf,top,86.0%,B,52.0%,+1.3%,2.3%,965
Grandmaster,TOUT,16.3,81,Nilah,adc,99.5%,B,51.9%,+2.3%,1.8%,752
Grandmaster,TOUT,16.3,82,Varus,top,24.3%,B,50.5%,-2.6%,2.5%,1 080
Grandmaster,TOUT,16.3,83,Senna,sup,80.5%,B,51.5%,+2.6%,4.4%,1 863
Grandmaster,TOUT,16.3,84,Evelynn,jun,97.7%,B,52.0%,+1.5%,2.2%,945
Grandmaster,TOUT,16.3,85,Zaahen,top,60.8%,B,49.8%,-0.5%,6.8%,2 871
Grandmaster,TOUT,16.3,86,Varus,adc,71.8%,C,48.9%,-1.7%,7.5%,3 195
Grandmaster,TOUT,16.3,87,Aatrox,jun,21.0%,C,51.6%,-0.4%,1.9%,822
Grandmaster,TOUT,16.3,88,Master Yi,jun,87.9%,C,50.4%,+0.6%,3.2%,1 364
Grandmaster,TOUT,16.3,89,Fiora,top,95.5%,C,49.9%,-0.3%,4.3%,1 813
Grandmaster,TOUT,16.3,90,Poppy,top,35.2%,C,51.4%,+1.4%,1.3%,554
Grandmaster,TOUT,16.3,91,Rumble,top,87.4%,C,49.8%,-1.4%,5.5%,2 326
Grandmaster,TOUT,16.3,92,Yasuo,mid,57.8%,C,48.8%,-1.5%,6.9%,2 917
Grandmaster,TOUT,16.3,93,Rell,sup,100.0%,C,50.9%,-0.5%,5.0%,2 110
Grandmaster,TOUT,16.3,94,Soraka,sup,96.7%,C,50.7%,+2.1%,5.0%,2 099
Grandmaster,TOUT,16.3,95,Kayle,top,70.9%,C,51.0%,-3.4%,2.9%,1 222
Grandmaster,TOUT,16.3,96,Gwen,jun,44.8%,C,49.7%,+0.3%,3.5%,1 466
Grandmaster,TOUT,16.3,97,Zaahen,jun,37.3%,C,50.2%,+8.8%,4.2%,1 762
Grandmaster,TOUT,16.3,98,Yasuo,top,26.2%,C,49.7%,-2.1%,3.1%,1 325
Grandmaster,TOUT,16.3,99,Elise,sup,42.4%,C,51.0%,-0.1%,2.0%,864
Grandmaster,TOUT,16.3,100,Fiddlesticks,jun,68.9%,C,51.3%,-0.1%,2.5%,1 039
Grandmaster,TOUT,16.3,101,Naafiri,jun,54.0%,C,49.5%,-0.5%,4.3%,1 844
Grandmaster,TOUT,16.3,102,Nidalee,jun,83.8%,C,50.7%,+0.2%,3.9%,1 638
Grandmaster,TOUT,16.3,103,Xin Zhao,jun,95.7%,C,49.9%,+2.9%,7.0%,2 959
Grandmaster,TOUT,16.3,104,Corki,adc,85.7%,C,49.9%,+0.7%,7.2%,3 034
Grandmaster,TOUT,16.3,105,Milio,sup,99.8%,C,49.7%,+0.6%,6.6%,2 789
Grandmaster,TOUT,16.3,106,Seraphine,sup,66.1%,C,50.9%,-0.4%,4.0%,1 698
Grandmaster,TOUT,16.3,107,Jax,jun,20.0%,C,49.9%,-1.0%,1.8%,743
Grandmaster,TOUT,16.3,108,Galio,mid,88.2%,C,49.9%,-0.9%,6.1%,2 585
Grandmaster,TOUT,16.3,109,Tryndamere,top,78.6%,C,51.3%,+1.3%,1.9%,795
Grandmaster,TOUT,16.3,110,Wukong,jun,80.0%,C,51.4%,+1.5%,2.1%,901
Grandmaster,TOUT,16.3,111,Jhin,adc,98.9%,C,48.9%,-0.4%,10.6%,4 509
Grandmaster,TOUT,16.3,112,Twitch,adc,92.9%,C,49.7%,+0.5%,5.3%,2 254
Grandmaster,TOUT,16.3,113,Kayn,jun,94.1%,C,50.7%,+3.1%,3.4%,1 460
Grandmaster,TOUT,16.3,114,Viktor,mid,91.0%,C,50.1%,+2.5%,5.3%,2 260
Grandmaster,TOUT,16.3,115,Taric,sup,97.2%,C,51.4%,+0.2%,2.0%,868
Grandmaster,TOUT,16.3,116,Anivia,top,19.1%,C,51.1%,-2.7%,1.1%,472
Grandmaster,TOUT,16.3,117,Maokai,sup,69.5%,C,51.4%,+0.1%,1.6%,692
Grandmaster,TOUT,16.3,118,Twisted Fate,mid,94.0%,C,50.3%,+0.7%,4.6%,1 945
Grandmaster,TOUT,16.3,119,Aurora,mid,65.1%,C,50.4%,+1.2%,3.7%,1 565
Grandmaster,TOUT,16.3,120,Zyra,jun,58.8%,C,50.9%,-3.3%,2.0%,869
Grandmaster,TOUT,16.3,121,Ekko,jun,58.2%,C,49.2%,-2.1%,4.7%,1 976
Grandmaster,TOUT,16.3,122,Malphite,top,72.4%,C,48.3%,-0.6%,5.8%,2 453
Grandmaster,TOUT,16.3,123,Vayne,top,45.1%,C,50.0%,+1.2%,3.1%,1 325
Grandmaster,TOUT,16.3,124,Irelia,top,66.1%,C,48.6%,-1.9%,4.9%,2 097
Grandmaster,TOUT,16.3,125,Naafiri,mid,35.1%,C,49.2%,+0.0%,2.8%,1 198
Grandmaster,TOUT,16.3,126,Vayne,adc,50.6%,C,49.9%,+2.5%,3.5%,1 488
Grandmaster,TOUT,16.3,127,Renekton,top,94.7%,C,48.9%,-0.2%,6.5%,2 748
Grandmaster,TOUT,16.3,128,Sylas,top,8.4%,C,49.6%,-5.0%,1.1%,464
Grandmaster,TOUT,16.3,129,Aurora,top,32.7%,C,50.7%,-1.3%,1.9%,785
Grandmaster,TOUT,16.3,130,Lissandra,mid,89.0%,C,50.6%,-1.0%,2.7%,1 137
Grandmaster,TOUT,16.3,131,Lucian,adc,96.3%,C,48.2%,-0.9%,8.9%,3 768
Grandmaster,TOUT,16.3,132,Pantheon,jun,21.5%,C,50.9%,+0.4%,1.3%,544
Grandmaster,TOUT,16.3,133,Orianna,mid,96.3%,C,48.9%,-0.9%,6.7%,2 858
Grandmaster,TOUT,16.3,134,Vladimir,mid,49.3%,C,49.5%,-1.6%,3.1%,1 309
Grandmaster,TOUT,16.3,135,Taliyah,mid,57.3%,C,49.9%,-1.8%,3.9%,1 652
Grandmaster,TOUT,16.3,136,Jarvan IV,jun,96.5%,C,48.9%,-1.7%,7.5%,3 193
Grandmaster,TOUT,16.3,137,Vi,jun,96.9%,C,49.8%,+3.7%,4.9%,2 074
Grandmaster,TOUT,16.3,138,Veigar,mid,61.3%,C,50.5%,+2.4%,2.7%,1 159
Grandmaster,TOUT,16.3,139,Darius,top,96.8%,C,48.7%,-2.4%,4.6%,1 965
Grandmaster,TOUT,16.3,140,Irelia,mid,33.2%,D,48.9%,+0.8%,2.5%,1 053
Grandmaster,TOUT,16.3,141,Swain,sup,21.8%,D,50.6%,+6.0%,1.4%,603
Grandmaster,TOUT,16.3,142,Xerath,mid,71.9%,D,49.9%,-1.0%,3.6%,1 524
Grandmaster,TOUT,16.3,143,Jayce,jun,45.1%,D,47.9%,-1.6%,5.1%,2 160
Grandmaster,TOUT,16.3,144,Xayah,adc,99.3%,D,50.3%,-1.1%,2.4%,1 007
Grandmaster,TOUT,16.3,145,Zeri,adc,96.0%,D,50.3%,-1.3%,2.6%,1 092
Grandmaster,TOUT,16.3,146,Morgana,sup,71.2%,D,49.8%,+2.4%,1.9%,813
Grandmaster,TOUT,16.3,147,Ekko,mid,38.0%,D,48.9%,+0.4%,3.0%,1 292
Grandmaster,TOUT,16.3,148,Lillia,jun,98.8%,D,50.4%,+1.6%,1.7%,724
Grandmaster,TOUT,16.3,149,Briar,jun,82.6%,D,50.1%,+3.3%,2.0%,832
Grandmaster,TOUT,16.3,150,Kled,top,91.7%,D,50.4%,-1.7%,1.6%,675
Grandmaster,TOUT,16.3,151,Diana,jun,68.3%,D,47.9%,-3.0%,5.1%,2 177
Grandmaster,TOUT,16.3,152,Quinn,top,65.7%,D,50.3%,-0.1%,1.0%,433
Grandmaster,TOUT,16.3,153,Karthus,jun,66.4%,D,49.1%,-3.7%,2.4%,1 000
Grandmaster,TOUT,16.3,154,Veigar,adc,33.5%,D,50.2%,-2.4%,1.5%,634
Grandmaster,TOUT,16.3,155,Ziggs,adc,80.3%,D,49.9%,-2.1%,2.4%,1 007
Grandmaster,TOUT,16.3,156,Lux,mid,42.2%,D,49.6%,+0.5%,2.6%,1 104
Grandmaster,TOUT,16.3,157,Akali,top,32.3%,D,47.9%,-0.9%,3.4%,1 444
Grandmaster,TOUT,16.3,158,Urgot,top,95.0%,D,49.6%,+0.4%,2.8%,1 192
Grandmaster,TOUT,16.3,159,Yone,top,39.6%,D,49.0%,+3.2%,3.9%,1 642
Grandmaster,TOUT,16.3,160,Seraphine,adc,28.3%,D,49.9%,-1.3%,1.7%,726
Grandmaster,TOUT,16.3,161,Kog'Maw,adc,82.2%,D,49.9%,+0.2%,1.9%,814
Grandmaster,TOUT,16.3,162,Vel'Koz,sup,41.6%,D,49.9%,+7.2%,1.5%,629
Grandmaster,TOUT,16.3,163,Sion,top,79.7%,D,48.9%,+2.0%,4.9%,2 075
Grandmaster,TOUT,16.3,164,Dr.Mundo,top,45.9%,D,48.8%,+1.8%,3.3%,1 388
Grandmaster,TOUT,16.3,165,Anivia,mid,67.6%,D,48.7%,-3.2%,3.9%,1 673
Grandmaster,TOUT,16.3,166,K'Sante,top,95.7%,D,48.0%,-0.8%,6.3%,2 681
Grandmaster,TOUT,16.3,167,Hwei,mid,75.6%,D,49.4%,+0.2%,2.7%,1 133
Grandmaster,TOUT,16.3,168,Ryze,mid,80.9%,D,47.2%,-0.6%,7.9%,3 349
Grandmaster,TOUT,16.3,169,Elise,jun,52.8%,D,48.8%,-0.3%,2.5%,1 075
Grandmaster,TOUT,16.3,170,Miss Fortune,adc,98.7%,D,48.7%,-1.7%,4.9%,2 096
Grandmaster,TOUT,16.3,171,Dr.Mundo,jun,52.1%,D,48.5%,-0.4%,3.7%,1 574
Grandmaster,TOUT,16.3,172,Graves,jun,96.8%,D,48.6%,-1.4%,4.4%,1 851
Grandmaster,TOUT,16.3,173,Tristana,adc,80.6%,D,48.8%,-2.7%,3.9%,1 667
Grandmaster,TOUT,16.3,174,Camille,top,85.4%,D,49.2%,-2.6%,2.5%,1 079
Grandmaster,TOUT,16.3,175,Zoe,sup,14.9%,D,48.0%,-3.1%,1.0%,427
Grandmaster,TOUT,16.3,176,Vex,mid,93.1%,D,49.0%,-3.0%,2.3%,968
Grandmaster,TOUT,16.3,177,Cassiopeia,mid,46.5%,D,49.2%,-2.2%,1.5%,634
Grandmaster,TOUT,16.3,178,Udyr,jun,63.5%,D,49.3%,-2.6%,1.4%,610
Grandmaster,TOUT,16.3,179,Kayle,mid,27.9%,D,48.9%,-5.0%,1.1%,481
Grandmaster,TOUT,16.3,180,Swain,top,17.1%,D,49.2%,-1.5%,1.1%,472
Grandmaster,TOUT,16.3,181,Ivern,jun,79.4%,D,48.9%,-3.7%,2.0%,854
Grandmaster,TOUT,16.3,182,Cho'Gath,top,61.7%,D,49.0%,-1.3%,2.1%,900
Grandmaster,TOUT,16.3,183,Senna,adc,18.5%,D,49.3%,-3.2%,1.0%,428
Grandmaster,TOUT,16.3,184,Aurelion Sol,mid,61.6%,D,48.8%,-5.7%,2.3%,982
Grandmaster,TOUT,16.3,185,Vladimir,top,40.8%,D,47.8%,-0.7%,2.6%,1 082
Grandmaster,TOUT,16.3,186,Sett,top,91.1%,D,48.5%,+0.8%,2.9%,1 242
Grandmaster,TOUT,16.3,187,Pantheon,sup,36.2%,D,48.6%,+2.0%,2.2%,918
Grandmaster,TOUT,16.3,188,Fizz,mid,90.6%,D,48.4%,-0.5%,2.2%,928
Grandmaster,TOUT,16.3,189,Smolder,adc,81.4%,D,47.3%,-0.3%,5.3%,2 260
Grandmaster,TOUT,16.3,190,Yuumi,sup,99.5%,D,46.4%,-0.6%,4.7%,2 014
Grandmaster,TOUT,16.3,191,Zed,jun,19.1%,D,46.8%,-2.4%,1.7%,737
Grandmaster,TOUT,16.3,192,Yone,mid,59.1%,D,46.9%,+1.9%,5.8%,2 446
Grandmaster,TOUT,16.3,193,Ryze,top,18.6%,D,47.7%,-0.9%,1.8%,768
Grandmaster,TOUT,16.3,194,Gragas,top,62.9%,D,47.8%,-4.0%,2.6%,1 123
Grandmaster,TOUT,16.3,195,Tahm Kench,sup,51.1%,D,48.3%,+0.2%,1.1%,464
Grandmaster,TOUT,16.3,196,Garen,top,88.8%,D,47.6%,-2.5%,2.8%,1 201
Grandmaster,TOUT,16.3,197,Mordekaiser,top,90.3%,D,47.2%,-2.3%,3.1%,1 322
Grandmaster,TOUT,16.3,198,Malzahar,mid,89.7%,D,47.1%,+0.3%,2.9%,1 243
Grandmaster,TOUT,16.3,199,Volibear,top,58.9%,D,47.0%,-0.9%,2.2%,937
Grandmaster,TOUT,16.3,200,Sejuani,jun,62.9%,D,47.4%,-1.6%,1.2%,492
Grandmaster,TOUT,16.3,201,Nocturne,jun,83.7%,D,46.8%,-3.9%,2.2%,919
Grandmaster,TOUT,16.3,202,Volibear,jun,40.1%,D,46.9%,-3.2%,1.5%,638
Grandmaster,TOUT,16.3,203,Lux,sup,29.7%,D,46.3%,-1.9%,1.8%,777
Grandmaster,TOUT,16.3,204,Yorick,top,95.7%,D,46.2%,-2.0%,1.8%,760
Grandmaster,TOUT,16.3,205,Renata,sup,98.5%,D,45.3%,-6.3%,1.1%,472
Grandmaster,TOUT,16.3,206,Mel,mid,49.5%,D,42.4%,-2.8%,2.6%,1 092
Grandmaster,TOUT,16.3,207,Azir,mid,88.8%,D,43.3%,-5.2%,3.0%,1 269
Grandmaster,TOUT,16.3,208,Malphite,jun,18.7%,D,40.6%,-3.5%,1.5%,633
Grandmaster,TOUT,15.24,1,Bel'Veth,jun,98.1%,S+,55.2%,+1.1%,2.9%,2 527
Grandmaster,TOUT,15.24,2,Qiyana,mid,27.2%,S+,54.5%,+1.1%,3.1%,2 710
Grandmaster,TOUT,15.24,3,Zaahen,top,80.1%,S+,51.7%,-0.5%,10.2%,8 861
Grandmaster,TOUT,15.24,4,Karthus,adc,27.3%,S+,55.1%,+3.3%,1.1%,990
Grandmaster,TOUT,15.24,5,Zoe,mid,78.7%,S+,52.8%,-1.1%,5.4%,4 663
Grandmaster,TOUT,15.24,6,Taric,sup,94.5%,S+,55.3%,+0.2%,2.1%,1 842
Grandmaster,TOUT,15.24,7,Bard,sup,99.4%,S+,51.6%,-0.6%,9.9%,8 621
Grandmaster,TOUT,15.24,8,Talon,jun,74.7%,S+,51.9%,-1.2%,7.1%,6 163
Grandmaster,TOUT,15.24,9,Riven,top,79.6%,S+,52.6%,+0.9%,5.9%,5 114
Grandmaster,TOUT,15.24,10,Ivern,jun,83.7%,S,54.8%,-3.7%,2.1%,1 838
Grandmaster,TOUT,15.24,11,Katarina,mid,94.0%,S,51.7%,-0.1%,7.6%,6 650
Grandmaster,TOUT,15.24,12,Miss Fortune,adc,99.2%,S,50.4%,-1.7%,15.3%,13 327
Grandmaster,TOUT,15.24,13,Jax,top,74.9%,S,51.6%,-0.8%,6.0%,5 236
Grandmaster,TOUT,15.24,14,Elise,sup,60.0%,S,52.8%,-0.1%,4.1%,3 594
Grandmaster,TOUT,15.24,15,Qiyana,jun,68.6%,S,51.0%,+0.2%,7.8%,6 834
Grandmaster,TOUT,15.24,16,LeeSin,jun,94.8%,S,50.2%,+0.6%,11.8%,10 257
Grandmaster,TOUT,15.24,17,Yasuo,adc,13.2%,S,52.8%,-2.2%,1.4%,1 240
Grandmaster,TOUT,15.24,18,Swain,adc,31.2%,S,54.1%,-0.3%,2.1%,1 812
Grandmaster,TOUT,15.24,19,Draven,adc,94.8%,S,51.4%,-1.0%,5.8%,5 068
Grandmaster,TOUT,15.24,20,Fiora,top,97.3%,S,51.5%,-0.3%,5.5%,4 798
Grandmaster,TOUT,15.24,21,Sylas,jun,49.5%,S,50.3%,+3.3%,9.4%,8 186
Grandmaster,TOUT,15.24,22,Kennen,top,77.9%,S,53.6%,+2.0%,3.0%,2 579
Grandmaster,TOUT,15.24,23,Anivia,mid,69.3%,S,53.3%,-3.2%,3.4%,2 959
Grandmaster,TOUT,15.24,24,Nidalee,jun,82.3%,S,52.3%,+0.2%,5.1%,4 484
Grandmaster,TOUT,15.24,25,Janna,sup,98.3%,A,51.6%,+0.7%,8.4%,7 308
Grandmaster,TOUT,15.24,26,Tristana,adc,87.8%,A,51.3%,-2.7%,8.4%,7 280
Grandmaster,TOUT,15.24,27,Sylas,top,6.4%,A,52.3%,-5.0%,1.2%,1 051
Grandmaster,TOUT,15.24,28,Poppy,sup,62.3%,A,51.9%,-0.9%,3.2%,2 794
Grandmaster,TOUT,15.24,29,Zyra,jun,45.8%,A,53.7%,-3.3%,1.6%,1 383
Grandmaster,TOUT,15.24,30,Ashe,adc,94.7%,A,51.6%,-1.2%,8.2%,7 147
Grandmaster,TOUT,15.24,31,Nautilus,sup,99.1%,A,49.6%,-0.5%,11.0%,9 570
Grandmaster,TOUT,15.24,32,Lulu,sup,98.5%,A,49.7%,+0.8%,11.3%,9 825
Grandmaster,TOUT,15.24,33,Pyke,sup,98.3%,A,50.5%,+0.2%,6.8%,5 922
Grandmaster,TOUT,15.24,34,Jarvan IV,jun,96.7%,A,51.5%,-1.7%,7.9%,6 914
Grandmaster,TOUT,15.24,35,Leblanc,mid,82.4%,A,51.1%,+2.7%,4.6%,3 996
Grandmaster,TOUT,15.24,36,Lucian,adc,96.7%,A,50.1%,-0.9%,11.8%,10 239
Grandmaster,TOUT,15.24,37,Syndra,mid,89.0%,A,50.6%,+2.2%,8.8%,7 651
Grandmaster,TOUT,15.24,38,Rengar,jun,88.3%,A,50.8%,-0.9%,5.5%,4 794
Grandmaster,TOUT,15.24,39,Lux,adc,26.2%,A,53.3%,+1.7%,1.8%,1 605
Grandmaster,TOUT,15.24,40,Nami,sup,99.8%,A,50.2%,-0.9%,17.7%,15 421
Grandmaster,TOUT,15.24,41,Kindred,jun,97.3%,A,52.1%,+2.2%,3.6%,3 132
Grandmaster,TOUT,15.24,42,Gangplank,top,91.5%,A,52.7%,-0.3%,3.6%,3 133
Grandmaster,TOUT,15.24,43,Sylas,mid,38.5%,A,50.1%,+1.4%,7.3%,6 371
Grandmaster,TOUT,15.24,44,Akshan,mid,88.6%,A,51.8%,-2.7%,4.2%,3 655
Grandmaster,TOUT,15.24,45,Nunu,jun,82.1%,A,53.1%,+8.9%,2.2%,1 937
Grandmaster,TOUT,15.24,46,Zed,mid,51.4%,A,50.5%,-0.5%,5.5%,4 818
Grandmaster,TOUT,15.24,47,Jayce,jun,54.9%,A,49.5%,-1.6%,8.6%,7 501
Grandmaster,TOUT,15.24,48,Orianna,mid,98.0%,A,50.4%,-0.9%,8.6%,7 532
Grandmaster,TOUT,15.24,49,Ambessa,top,64.2%,A,49.3%,+1.1%,9.2%,7 973
Grandmaster,TOUT,15.24,50,Jax,jun,22.8%,A,51.5%,-1.0%,1.8%,1 594
Grandmaster,TOUT,15.24,51,Karma,sup,93.3%,A,49.3%,+0.4%,12.2%,10 650
Grandmaster,TOUT,15.24,52,Aurelion Sol,adc,35.2%,A,53.3%,+0.6%,1.0%,882
Grandmaster,TOUT,15.24,53,Swain,mid,27.7%,A,52.9%,+6.4%,1.8%,1 606
Grandmaster,TOUT,15.24,54,Vladimir,top,46.4%,A,51.3%,-0.7%,3.2%,2 822
Grandmaster,TOUT,15.24,55,Aphelios,adc,98.6%,A,50.5%,+1.2%,9.2%,8 038
Grandmaster,TOUT,15.24,56,Vex,mid,96.3%,A,52.8%,-3.0%,1.9%,1 694
Grandmaster,TOUT,15.24,57,Talon,mid,24.1%,A,51.2%,+1.7%,2.3%,1 989
Grandmaster,TOUT,15.24,58,Jayce,mid,11.1%,A,51.3%,-0.6%,1.7%,1 510
Grandmaster,TOUT,15.24,59,Ahri,mid,94.8%,A,51.0%,+2.6%,7.9%,6 901
Grandmaster,TOUT,15.24,60,Cassiopeia,top,34.2%,A,52.9%,+0.2%,1.2%,1 016
Grandmaster,TOUT,15.24,61,Kassadin,mid,96.9%,A,51.9%,+0.0%,3.7%,3 259
Grandmaster,TOUT,15.24,62,Sona,sup,98.9%,A,51.6%,-1.0%,5.2%,4 574
Grandmaster,TOUT,15.24,63,Quinn,top,69.8%,A,52.3%,-0.1%,2.1%,1 797
Grandmaster,TOUT,15.24,64,Shaco,jun,77.5%,B,51.3%,+1.4%,2.8%,2 461
Grandmaster,TOUT,15.24,65,Thresh,sup,99.9%,B,50.5%,+0.3%,8.3%,7 217
Grandmaster,TOUT,15.24,66,Hwei,adc,21.0%,B,52.9%,+4.9%,1.0%,883
Grandmaster,TOUT,15.24,67,Kai'Sa,adc,98.3%,B,49.2%,+0.3%,20.8%,18 093
Grandmaster,TOUT,15.24,68,Gragas,top,67.3%,B,52.2%,-4.0%,3.1%,2 713
Grandmaster,TOUT,15.24,69,Jinx,adc,99.8%,B,51.1%,+0.1%,7.0%,6 078
Grandmaster,TOUT,15.24,70,Udyr,jun,66.9%,B,52.5%,-2.6%,1.7%,1 498
Grandmaster,TOUT,15.24,71,Kled,top,87.9%,B,52.7%,-1.7%,1.8%,1 532
Grandmaster,TOUT,15.24,72,Yunara,adc,99.2%,B,49.0%,+0.8%,12.1%,10 573
Grandmaster,TOUT,15.24,73,Irelia,top,60.5%,B,50.3%,-1.9%,4.6%,3 978
Grandmaster,TOUT,15.24,74,Rumble,top,85.7%,B,51.1%,-1.4%,4.8%,4 196
Grandmaster,TOUT,15.24,75,Jayce,top,33.7%,B,49.8%,-0.1%,5.3%,4 601
Grandmaster,TOUT,15.24,76,Braum,sup,99.9%,B,50.1%,-1.6%,6.5%,5 677
Grandmaster,TOUT,15.24,77,Rek'Sai,jun,75.5%,B,52.0%,-1.7%,3.1%,2 681
Grandmaster,TOUT,15.24,78,Blitzcrank,sup,99.5%,B,50.4%,+0.8%,4.9%,4 293
Grandmaster,TOUT,15.24,79,Shen,top,89.7%,B,51.8%,+3.2%,3.5%,3 013
Grandmaster,TOUT,15.24,80,Ekko,jun,57.5%,B,50.9%,-2.1%,5.2%,4 558
Grandmaster,TOUT,15.24,81,Milio,sup,99.8%,B,49.7%,+0.6%,8.6%,7 484
Grandmaster,TOUT,15.24,82,Rakan,sup,99.0%,B,51.0%,+2.1%,6.4%,5 572
Grandmaster,TOUT,15.24,83,Annie,mid,80.6%,C,52.5%,+2.2%,1.1%,996
Grandmaster,TOUT,15.24,84,Ziggs,adc,76.8%,C,52.0%,-2.1%,2.7%,2 350
Grandmaster,TOUT,15.24,85,Rell,sup,99.8%,C,50.8%,-0.5%,6.1%,5 303
Grandmaster,TOUT,15.24,86,Graves,jun,97.7%,C,50.7%,-1.4%,5.8%,5 054
Grandmaster,TOUT,15.24,87,Viego,jun,94.9%,C,48.8%,+0.4%,10.5%,9 189
Grandmaster,TOUT,15.24,88,Aatrox,jun,51.0%,C,48.8%,-0.4%,7.4%,6 426
Grandmaster,TOUT,15.24,89,Olaf,top,83.3%,C,51.9%,+1.3%,2.2%,1 874
Grandmaster,TOUT,15.24,90,Aurelion Sol,mid,59.8%,C,52.1%,-5.7%,1.7%,1 498
Grandmaster,TOUT,15.24,91,Ezreal,adc,97.8%,C,48.7%,+1.6%,12.3%,10 738
Grandmaster,TOUT,15.24,92,Yasuo,mid,56.3%,C,49.1%,-1.5%,6.1%,5 300
Grandmaster,TOUT,15.24,93,Seraphine,sup,72.1%,C,51.3%,-0.4%,4.0%,3 509
Grandmaster,TOUT,15.24,94,Poppy,top,26.1%,C,50.7%,+1.4%,1.3%,1 170
Grandmaster,TOUT,15.24,95,Irelia,mid,37.7%,C,50.2%,+0.8%,2.8%,2 476
Grandmaster,TOUT,15.24,96,Leona,sup,99.8%,C,50.4%,+0.0%,6.3%,5 461
Grandmaster,TOUT,15.24,97,Gwen,top,67.5%,C,50.6%,-1.7%,3.7%,3 261
Grandmaster,TOUT,15.24,98,Alistar,sup,99.3%,C,50.2%,+0.6%,6.7%,5 865
Grandmaster,TOUT,15.24,99,Kog'Maw,adc,86.7%,C,52.0%,+0.2%,1.8%,1 549
Grandmaster,TOUT,15.24,100,Maokai,sup,76.5%,C,52.2%,+0.1%,1.2%,1 062
Grandmaster,TOUT,15.24,101,Vayne,adc,64.1%,C,50.8%,+2.5%,4.1%,3 542
Grandmaster,TOUT,15.24,102,Zed,jun,43.8%,C,49.4%,-2.4%,4.7%,4 107
Grandmaster,TOUT,15.24,103,Zac,jun,59.1%,C,51.4%,+1.4%,2.5%,2 155
Grandmaster,TOUT,15.24,104,Karthus,jun,66.7%,C,50.9%,-3.7%,2.8%,2 424
Grandmaster,TOUT,15.24,105,Aurora,top,30.2%,C,51.7%,-1.3%,1.5%,1 313
Grandmaster,TOUT,15.24,106,Morgana,mid,44.9%,C,51.3%,-6.9%,1.6%,1 424
Grandmaster,TOUT,15.24,107,Pantheon,sup,39.0%,C,51.2%,+2.0%,2.9%,2 527
Grandmaster,TOUT,15.24,108,Samira,adc,98.7%,C,51.1%,+2.7%,3.3%,2 855
Grandmaster,TOUT,15.24,109,Neeko,sup,79.3%,C,50.7%,-0.7%,4.0%,3 514
Grandmaster,TOUT,15.24,110,Darius,top,92.5%,C,49.5%,-2.4%,5.1%,4 456
Grandmaster,TOUT,15.24,111,Diana,jun,69.2%,C,49.7%,-3.0%,6.8%,5 928
Grandmaster,TOUT,15.24,112,Elise,jun,35.7%,C,50.5%,-0.3%,2.5%,2 137
Grandmaster,TOUT,15.24,113,Nilah,adc,98.6%,C,51.5%,+2.3%,1.7%,1 455
Grandmaster,TOUT,15.24,114,Kayle,top,58.2%,C,50.9%,-3.4%,2.8%,2 400
Grandmaster,TOUT,15.24,115,Soraka,sup,97.3%,C,50.1%,+2.1%,5.7%,5 006
Grandmaster,TOUT,15.24,116,Taliyah,jun,19.8%,C,51.7%,+1.6%,1.1%,998
Grandmaster,TOUT,15.24,117,Zoe,sup,16.9%,C,50.1%,-3.1%,1.2%,1 003
Grandmaster,TOUT,15.24,118,Urgot,top,93.7%,C,51.2%,+0.4%,3.0%,2 608
Grandmaster,TOUT,15.24,119,Aatrox,top,47.4%,C,48.4%,+0.1%,6.8%,5 968
Grandmaster,TOUT,15.24,120,Akali,mid,75.8%,C,48.8%,+1.5%,6.5%,5 688
Grandmaster,TOUT,15.24,121,Camille,top,85.2%,C,51.0%,-2.6%,3.4%,2 954
Grandmaster,TOUT,15.24,122,Teemo,top,79.9%,C,51.3%,+4.9%,1.9%,1 613
Grandmaster,TOUT,15.24,123,Malphite,top,57.7%,C,48.4%,-0.6%,6.3%,5 522
Grandmaster,TOUT,15.24,124,Xin Zhao,jun,96.0%,C,50.4%,+2.9%,4.7%,4 094
Grandmaster,TOUT,15.24,125,Ambessa,jun,29.8%,C,48.9%,-0.9%,4.2%,3 701
Grandmaster,TOUT,15.24,126,Kayle,mid,40.8%,C,50.8%,-5.0%,1.9%,1 681
Grandmaster,TOUT,15.24,127,Swain,top,21.3%,C,51.3%,-1.5%,1.4%,1 237
Grandmaster,TOUT,15.24,128,Taliyah,mid,73.8%,C,50.3%,-1.8%,4.3%,3 731
Grandmaster,TOUT,15.24,129,Sett,top,91.0%,C,50.8%,+0.8%,2.9%,2 529
Grandmaster,TOUT,15.24,130,Jhin,adc,98.2%,C,48.2%,-0.4%,11.8%,10 253
Grandmaster,TOUT,15.24,131,Diana,mid,29.6%,C,50.3%,+0.6%,2.9%,2 536
Grandmaster,TOUT,15.24,132,Twitch,adc,85.2%,C,50.0%,+0.5%,4.0%,3 527
Grandmaster,TOUT,15.24,133,Naafiri,mid,35.7%,C,50.7%,+0.0%,1.5%,1 331
Grandmaster,TOUT,15.24,134,Viktor,mid,91.3%,C,49.1%,+2.5%,7.1%,6 214
Grandmaster,TOUT,15.24,135,Master Yi,jun,88.5%,C,49.3%,+0.6%,3.1%,2 729
Grandmaster,TOUT,15.24,136,Seraphine,adc,21.7%,C,51.0%,-1.3%,1.2%,1 058
Grandmaster,TOUT,15.24,137,Warwick,top,51.1%,C,51.0%,+0.9%,1.2%,1 042
Grandmaster,TOUT,15.24,138,Vayne,top,31.2%,C,50.3%,+1.2%,2.0%,1 722
Grandmaster,TOUT,15.24,139,Fizz,mid,88.2%,C,50.6%,-0.5%,2.2%,1 958
Grandmaster,TOUT,15.24,140,Gwen,jun,26.3%,C,50.1%,+0.3%,1.5%,1 272
Grandmaster,TOUT,15.24,141,Lux,mid,45.5%,D,50.1%,+0.5%,3.2%,2 785
Grandmaster,TOUT,15.24,142,Caitlyn,adc,95.8%,D,47.9%,-0.4%,7.3%,6 368
Grandmaster,TOUT,15.24,143,Sivir,adc,99.0%,D,49.1%,+0.2%,5.8%,5 063
Grandmaster,TOUT,15.24,144,Lissandra,mid,91.8%,D,50.3%,-1.0%,2.5%,2 204
Grandmaster,TOUT,15.24,145,Xayah,adc,99.4%,D,50.0%,-1.1%,3.6%,3 127
Grandmaster,TOUT,15.24,146,Illaoi,top,92.7%,D,50.7%,-3.4%,1.2%,1 076
Grandmaster,TOUT,15.24,147,Tryndamere,top,74.2%,D,50.2%,+1.3%,2.1%,1 841
Grandmaster,TOUT,15.24,148,Mel,adc,28.9%,D,48.5%,-1.1%,2.8%,2 467
Grandmaster,TOUT,15.24,149,Smolder,adc,82.3%,D,48.6%,-0.3%,7.1%,6 156
Grandmaster,TOUT,15.24,150,Pantheon,top,28.5%,D,50.1%,+2.7%,2.1%,1 844
Grandmaster,TOUT,15.24,151,Zyra,sup,34.0%,D,50.5%,+2.5%,1.2%,1 026
Grandmaster,TOUT,15.24,152,Hecarim,jun,99.6%,D,49.4%,+2.2%,3.9%,3 380
Grandmaster,TOUT,15.24,153,Fiddlesticks,jun,64.5%,D,50.2%,-0.1%,1.6%,1 413
Grandmaster,TOUT,15.24,154,Cassiopeia,mid,41.7%,D,50.2%,-2.2%,1.4%,1 238
Grandmaster,TOUT,15.24,155,Pantheon,jun,22.0%,D,50.1%,+0.4%,1.6%,1 422
Grandmaster,TOUT,15.24,156,Singed,top,82.9%,D,49.7%,+5.5%,2.9%,2 521
Grandmaster,TOUT,15.24,157,Galio,mid,85.5%,D,48.8%,-0.9%,4.8%,4 178
Grandmaster,TOUT,15.24,158,Ryze,mid,79.4%,D,48.9%,-0.6%,5.0%,4 329
Grandmaster,TOUT,15.24,159,Twisted Fate,mid,91.9%,D,49.6%,+0.7%,3.0%,2 635
Grandmaster,TOUT,15.24,160,Malzahar,mid,90.3%,D,49.3%,+0.3%,3.2%,2 808
Grandmaster,TOUT,15.24,161,Akali,top,23.9%,D,48.6%,-0.9%,2.1%,1 792
Grandmaster,TOUT,15.24,162,Ekko,mid,39.6%,D,48.8%,+0.4%,3.6%,3 141
Grandmaster,TOUT,15.24,163,Vladimir,mid,51.4%,D,48.0%,-1.6%,3.6%,3 129
Grandmaster,TOUT,15.24,164,Yorick,top,96.5%,D,49.5%,-2.0%,1.8%,1 583
Grandmaster,TOUT,15.24,165,Xerath,mid,74.7%,D,49.2%,-1.0%,3.3%,2 885
Grandmaster,TOUT,15.24,166,Lillia,jun,98.7%,D,49.6%,+1.6%,2.0%,1 783
Grandmaster,TOUT,15.24,167,Senna,sup,90.5%,D,49.3%,+2.6%,3.3%,2 898
Grandmaster,TOUT,15.24,168,Sion,top,83.4%,D,48.6%,+2.0%,5.4%,4 704
Grandmaster,TOUT,15.24,169,Zaahen,jun,15.9%,D,48.0%,+8.8%,2.0%,1 762
Grandmaster,TOUT,15.24,170,Vel'Koz,sup,44.8%,D,49.8%,+7.2%,1.3%,1 174
Grandmaster,TOUT,15.24,171,Zeri,adc,95.6%,D,48.9%,-1.3%,4.5%,3 935
Grandmaster,TOUT,15.24,172,Corki,adc,76.5%,D,49.0%,+0.7%,4.0%,3 487
Grandmaster,TOUT,15.24,173,K'Sante,top,94.9%,D,47.9%,-0.8%,6.5%,5 671
Grandmaster,TOUT,15.24,174,Kha'Zix,jun,99.7%,D,48.3%,-0.6%,4.9%,4 303
Grandmaster,TOUT,15.24,175,Renekton,top,93.7%,D,47.8%,-0.2%,5.6%,4 851
Grandmaster,TOUT,15.24,176,Cho'Gath,top,55.8%,D,49.2%,-1.3%,2.7%,2 314
Grandmaster,TOUT,15.24,177,Yasuo,top,30.1%,D,47.4%,-2.1%,3.3%,2 838
Grandmaster,TOUT,15.24,178,Dr.Mundo,top,59.9%,D,48.6%,+1.8%,3.4%,2 959
Grandmaster,TOUT,15.24,179,Cho'Gath,jun,24.8%,D,49.5%,+0.6%,1.2%,1 030
Grandmaster,TOUT,15.24,180,Zilean,sup,71.5%,D,48.9%,+1.1%,2.7%,2 324
Grandmaster,TOUT,15.24,181,Volibear,top,63.7%,D,49.3%,-0.9%,1.8%,1 608
Grandmaster,TOUT,15.24,182,Gnar,top,98.0%,D,48.7%,+2.8%,3.3%,2 889
Grandmaster,TOUT,15.24,183,Ornn,top,91.8%,D,48.6%,+3.2%,3.8%,3 279
Grandmaster,TOUT,15.24,184,Vi,jun,94.6%,D,49.0%,+3.7%,2.3%,1 965
Grandmaster,TOUT,15.24,185,Yuumi,sup,99.5%,D,46.8%,-0.6%,4.7%,4 115
Grandmaster,TOUT,15.24,186,Kayn,jun,93.4%,D,48.1%,+3.1%,3.3%,2 851
Grandmaster,TOUT,15.24,187,Varus,adc,77.1%,D,48.1%,-1.7%,4.3%,3 727
Grandmaster,TOUT,15.24,188,Evelynn,jun,96.5%,D,48.5%,+1.5%,2.0%,1 714
Grandmaster,TOUT,15.24,189,Renata,sup,99.7%,D,48.9%,-6.3%,1.4%,1 180
Grandmaster,TOUT,15.24,190,Sejuani,top,44.6%,D,49.0%,-1.6%,1.0%,878
Grandmaster,TOUT,15.24,191,Wukong,jun,81.7%,D,48.2%,+1.5%,3.0%,2 608
Grandmaster,TOUT,15.24,192,Garen,top,88.3%,D,48.0%,-2.5%,3.4%,2 994
Grandmaster,TOUT,15.24,193,Naafiri,jun,52.5%,D,48.1%,-0.5%,2.2%,1 960
Grandmaster,TOUT,15.24,194,Briar,jun,89.0%,D,48.6%,+3.3%,1.3%,1 156
Grandmaster,TOUT,15.24,195,Veigar,mid,61.3%,D,48.6%,+2.4%,1.8%,1 588
Grandmaster,TOUT,15.24,196,Mordekaiser,top,89.0%,D,47.8%,-2.3%,3.1%,2 682
Grandmaster,TOUT,15.24,197,Hwei,mid,71.0%,D,47.9%,+0.2%,3.4%,2 983
Grandmaster,TOUT,15.24,198,Nasus,top,76.3%,D,48.3%,+3.9%,1.9%,1 629
Grandmaster,TOUT,15.24,199,Morgana,sup,44.0%,D,47.8%,+2.4%,1.6%,1 394
Grandmaster,TOUT,15.24,200,Varus,top,18.5%,D,48.4%,-2.6%,1.0%,896
Grandmaster,TOUT,15.24,201,Nocturne,jun,86.3%,D,48.1%,-3.9%,2.0%,1 785
Grandmaster,TOUT,15.24,202,Kalista,adc,92.8%,D,48.3%,-4.3%,1.7%,1 471
Grandmaster,TOUT,15.24,203,Tristana,mid,11.2%,D,47.8%,+2.4%,1.1%,931
Grandmaster,TOUT,15.24,204,Aurora,mid,68.1%,D,47.3%,+1.2%,3.4%,2 964
Grandmaster,TOUT,15.24,205,Smolder,mid,13.6%,D,47.8%,-1.0%,1.2%,1 016
Grandmaster,TOUT,15.24,206,Sylas,sup,5.5%,D,46.2%,-1.7%,1.0%,902
Grandmaster,TOUT,15.24,207,Corki,mid,20.0%,D,47.8%,-3.9%,1.0%,912
Grandmaster,TOUT,15.24,208,Yone,top,44.1%,D,46.8%,+3.2%,3.7%,3 230
Grandmaster,TOUT,15.24,209,Dr.Mundo,jun,34.4%,D,47.2%,-0.4%,2.0%,1 702
Grandmaster,TOUT,15.24,210,Lux,sup,27.6%,D,47.2%,-1.9%,1.9%,1 690
Grandmaster,TOUT,15.24,211,Mel,mid,55.3%,D,44.7%,-2.8%,5.4%,4 720
Grandmaster,TOUT,15.24,212,Azir,mid,90.9%,D,47.0%,-5.2%,2.9%,2 489
Grandmaster,TOUT,15.24,213,Ryze,top,20.2%,D,47.3%,-0.9%,1.3%,1 100
Grandmaster,TOUT,15.24,214,Yone,mid,54.4%,D,46.2%,+1.9%,4.6%,3 981
Grandmaster,TOUT,15.24,215,Malphite,jun,34.8%,D,44.8%,-3.5%,3.8%,3 330
Grandmaster,TOUT,15.24,216,Warwick,jun,45.7%,D,47.2%,+2.8%,1.1%,932
Grandmaster,TOUT,15.24,217,Swain,sup,19.8%,D,47.0%,+6.0%,1.3%,1 150
Grandmaster,TOUT,15.24,218,Sejuani,jun,49.3%,D,45.7%,-1.6%,1.1%,969
Grandmaster,TOUT,15.24,219,Mel,sup,15.1%,D,43.8%,-1.3%,1.5%,1 292
Grandmaster,KR,16.3,1,Cassiopeia,adc,22.2%,S+,61.8%,+10.8%,2.2%,123
Grandmaster,KR,16.3,2,Neeko,sup,84.3%,S+,56.1%,+2.8%,10.1%,572
Grandmaster,KR,16.3,3,Jayce,mid,12.3%,S+,58.1%,+4.2%,2.4%,136
Grandmaster,KR,16.3,4,Sylas,jun,32.4%,S+,56.9%,+10.1%,3.7%,209
Grandmaster,KR,16.3,5,Qiyana,mid,44.5%,S+,55.7%,-0.6%,5.3%,298
Grandmaster,KR,16.3,6,Gnar,top,99.0%,S+,56.6%,+9.4%,5.9%,334
Grandmaster,KR,16.3,7,Singed,top,80.6%,S+,57.7%,+6.2%,2.9%,163
Grandmaster,KR,16.3,8,Xerath,mid,71.9%,S+,56.9%,+5.1%,3.4%,195
Grandmaster,KR,16.3,9,Zed,mid,72.0%,S+,55.0%,+4.1%,4.3%,242
Grandmaster,KR,16.3,10,Fiddlesticks,jun,68.9%,S+,56.2%,+4.2%,3.6%,201
Grandmaster,KR,16.3,11,Bard,sup,99.8%,S+,52.5%,+2.0%,14.4%,813
Grandmaster,KR,16.3,12,Kennen,top,84.7%,S+,53.9%,-2.9%,8.5%,479
Grandmaster,KR,16.3,13,Jayce,top,42.4%,S+,53.4%,+3.4%,8.3%,470
Grandmaster,KR,16.3,14,Swain,sup,21.8%,S+,56.6%,+10.2%,2.2%,122
Grandmaster,KR,16.3,15,Yasuo,top,26.2%,S+,55.6%,+1.0%,2.2%,126
Grandmaster,KR,16.3,16,Maokai,sup,69.5%,S+,56.1%,+3.8%,4.4%,246
Grandmaster,KR,16.3,17,Gangplank,top,93.6%,S+,55.3%,+9.7%,4.5%,253
Grandmaster,KR,16.3,18,Diana,mid,30.6%,S+,56.4%,+7.3%,1.9%,110
Grandmaster,KR,16.3,19,Rek'Sai,jun,86.5%,S+,53.3%,+0.8%,7.8%,443
Grandmaster,KR,16.3,20,Ambessa,top,44.4%,S+,52.3%,+5.4%,9.6%,541
Grandmaster,KR,16.3,21,Draven,adc,96.1%,S+,54.3%,+2.2%,2.2%,127
Grandmaster,KR,16.3,22,Taric,sup,97.2%,S+,55.6%,+7.0%,3.5%,198
Grandmaster,KR,16.3,23,Aatrox,top,76.3%,S+,55.0%,+6.1%,5.0%,280
Grandmaster,KR,16.3,24,Viktor,mid,91.0%,S+,55.4%,+11.4%,3.1%,175
Grandmaster,KR,16.3,25,Taliyah,jun,37.2%,S+,54.5%,+2.0%,4.5%,253
Grandmaster,KR,16.3,26,Akali,mid,67.3%,S+,52.4%,+1.4%,7.4%,418
Grandmaster,KR,16.3,27,Aphelios,adc,99.3%,S+,50.9%,+1.7%,19.8%,1 117
Grandmaster,KR,16.3,28,Talon,mid,31.5%,S+,53.8%,+1.0%,4.4%,247
Grandmaster,KR,16.3,29,Karthus,jun,66.4%,S+,53.4%,-2.6%,2.9%,163
Grandmaster,KR,16.3,30,LeeSin,jun,94.1%,S+,50.4%,-1.4%,21.4%,1 211
Grandmaster,KR,16.3,31,Jinx,adc,99.7%,S+,52.6%,+1.7%,10.0%,567
Grandmaster,KR,16.3,32,Caitlyn,adc,99.3%,S,50.7%,+0.0%,10.6%,601
Grandmaster,KR,16.3,33,Elise,sup,42.4%,S,52.5%,-0.3%,4.9%,276
Grandmaster,KR,16.3,34,Swain,adc,37.4%,S,53.9%,+1.7%,4.1%,230
Grandmaster,KR,16.3,35,Pyke,sup,98.0%,S,51.4%,+3.3%,7.1%,399
Grandmaster,KR,16.3,36,Sylas,mid,53.3%,S,51.0%,+1.2%,8.0%,451
Grandmaster,KR,16.3,37,Alistar,sup,99.5%,S,51.8%,-0.5%,9.9%,562
Grandmaster,KR,16.3,38,Hecarim,jun,99.7%,S,52.7%,+1.6%,4.3%,245
Grandmaster,KR,16.3,39,Kayn,jun,94.1%,S,54.4%,+7.1%,1.8%,103
Grandmaster,KR,16.3,40,Yunara,adc,99.5%,S,50.3%,-0.2%,20.3%,1 150
Grandmaster,KR,16.3,41,Thresh,sup,99.7%,S,50.4%,-0.8%,11.8%,670
Grandmaster,KR,16.3,42,Kindred,jun,95.1%,S,53.7%,+0.1%,2.9%,162
Grandmaster,KR,16.3,43,Zoe,mid,79.9%,S,51.1%,-4.1%,6.3%,358
Grandmaster,KR,16.3,44,Evelynn,jun,97.7%,A,53.8%,+6.8%,2.1%,117
Grandmaster,KR,16.3,45,Rakan,sup,99.3%,A,51.7%,+2.1%,9.3%,528
Grandmaster,KR,16.3,46,Shen,top,86.7%,A,53.4%,-1.1%,3.6%,204
Grandmaster,KR,16.3,47,Ryze,top,18.6%,A,52.3%,-1.8%,2.7%,151
Grandmaster,KR,16.3,48,Aurora,top,32.7%,A,52.9%,+2.6%,3.7%,208
Grandmaster,KR,16.3,49,Ahri,mid,94.9%,A,50.5%,+1.7%,11.5%,653
Grandmaster,KR,16.3,50,Nautilus,sup,99.2%,A,49.7%,-1.2%,18.3%,1 035
Grandmaster,KR,16.3,51,Karma,sup,94.2%,A,49.6%,-0.5%,13.2%,746
Grandmaster,KR,16.3,52,Varus,adc,71.8%,A,49.1%,-0.5%,11.2%,636
Grandmaster,KR,16.3,53,Orianna,mid,96.3%,A,49.2%,-3.7%,10.8%,608
Grandmaster,KR,16.3,54,Ashe,adc,92.5%,A,53.1%,-0.5%,3.1%,175
Grandmaster,KR,16.3,55,Vi,jun,96.9%,A,49.6%,+5.2%,14.3%,806
Grandmaster,KR,16.3,56,Aurora,mid,65.1%,A,51.3%,+7.3%,7.3%,413
Grandmaster,KR,16.3,57,Zyra,jun,58.8%,A,51.3%,-7.2%,4.8%,269
Grandmaster,KR,16.3,58,Olaf,top,86.0%,A,52.3%,+4.2%,4.2%,239
Grandmaster,KR,16.3,59,Poppy,sup,51.8%,A,50.8%,-3.7%,4.4%,248
Grandmaster,KR,16.3,60,Yasuo,mid,57.8%,A,51.4%,-2.1%,3.9%,218
Grandmaster,KR,16.3,61,Xin Zhao,jun,95.7%,A,49.5%,+4.6%,12.9%,728
Grandmaster,KR,16.3,62,Miss Fortune,adc,98.7%,A,51.1%,+1.5%,7.4%,419
Grandmaster,KR,16.3,63,Ryze,mid,80.9%,A,48.8%,+0.1%,12.8%,724
Grandmaster,KR,16.3,64,Ezreal,adc,97.6%,A,48.3%,+1.0%,31.5%,1 782
Grandmaster,KR,16.3,65,Zac,jun,71.4%,A,52.3%,-0.8%,3.1%,174
Grandmaster,KR,16.3,66,Rengar,jun,90.4%,A,52.0%,+1.6%,3.1%,173
Grandmaster,KR,16.3,67,Taliyah,mid,57.3%,A,51.4%,-2.0%,5.6%,319
Grandmaster,KR,16.3,68,Jarvan IV,jun,96.5%,A,51.0%,+4.3%,8.2%,461
Grandmaster,KR,16.3,69,Kai'Sa,adc,98.1%,B,49.4%,-1.9%,19.8%,1 119
Grandmaster,KR,16.3,70,Corki,adc,85.7%,B,51.5%,+2.3%,6.0%,338
Grandmaster,KR,16.3,71,Vladimir,top,40.8%,B,52.1%,+6.6%,2.9%,163
Grandmaster,KR,16.3,72,Naafiri,jun,54.0%,B,51.5%,+4.0%,3.4%,194
Grandmaster,KR,16.3,73,Ambessa,jun,52.1%,B,47.8%,-3.7%,12.4%,703
Grandmaster,KR,16.3,74,Qiyana,jun,48.4%,B,49.7%,-2.9%,5.6%,314
Grandmaster,KR,16.3,75,Leblanc,mid,86.1%,B,50.0%,-0.6%,4.5%,252
Grandmaster,KR,16.3,76,Cassiopeia,mid,46.5%,B,51.8%,+1.8%,1.9%,110
Grandmaster,KR,16.3,77,Riven,top,88.2%,B,52.2%,+2.6%,2.4%,134
Grandmaster,KR,16.3,78,Fiora,top,95.5%,B,49.8%,-6.2%,4.9%,277
Grandmaster,KR,16.3,79,Ziggs,adc,80.3%,B,52.2%,-1.3%,2.4%,136
Grandmaster,KR,16.3,80,Ekko,mid,38.0%,B,51.4%,+3.0%,3.1%,173
Grandmaster,KR,16.3,81,Jhin,adc,98.9%,B,49.3%,-0.6%,13.2%,747
Grandmaster,KR,16.3,82,Akshan,mid,88.9%,C,51.3%,-1.2%,3.3%,189
Grandmaster,KR,16.3,83,Viego,jun,95.6%,C,48.5%,+3.2%,12.6%,712
Grandmaster,KR,16.3,84,Twisted Fate,mid,94.0%,C,49.5%,-1.9%,8.4%,473
Grandmaster,KR,16.3,85,Ekko,jun,58.2%,C,50.8%,+1.8%,3.3%,185
Grandmaster,KR,16.3,86,Rell,sup,100.0%,C,50.1%,-0.2%,6.7%,377
Grandmaster,KR,16.3,87,Zaahen,top,60.8%,C,48.9%,+0.4%,8.1%,456
Grandmaster,KR,16.3,88,Kha'Zix,jun,99.8%,C,48.4%,-4.5%,6.7%,380
Grandmaster,KR,16.3,89,Talon,jun,67.1%,C,50.3%,+1.4%,3.3%,185
Grandmaster,KR,16.3,90,Sion,top,79.7%,C,50.3%,+9.2%,5.6%,316
Grandmaster,KR,16.3,91,Teemo,top,87.3%,C,51.1%,-0.7%,2.4%,137
Grandmaster,KR,16.3,92,Elise,jun,52.8%,C,49.4%,+2.7%,3.1%,174
Grandmaster,KR,16.3,93,Renekton,top,94.7%,C,49.0%,+0.3%,7.6%,429
Grandmaster,KR,16.3,94,Lulu,sup,98.2%,C,48.1%,-1.4%,10.3%,580
Grandmaster,KR,16.3,95,Rumble,top,87.4%,C,46.6%,-5.0%,11.2%,633
Grandmaster,KR,16.3,96,Anivia,mid,67.6%,C,49.7%,+2.7%,3.4%,191
Grandmaster,KR,16.3,97,Ornn,top,95.5%,C,50.6%,+1.7%,2.9%,166
Grandmaster,KR,16.3,98,Syndra,mid,89.2%,C,49.8%,+0.2%,4.8%,269
Grandmaster,KR,16.3,99,Braum,sup,99.9%,C,46.4%,-3.4%,11.1%,629
Grandmaster,KR,16.3,100,Lucian,adc,96.3%,C,48.4%,+0.8%,8.3%,471
Grandmaster,KR,16.3,101,Leona,sup,100.0%,C,48.5%,-2.0%,9.0%,507
Grandmaster,KR,16.3,102,Jax,top,77.8%,D,47.2%,-5.1%,7.7%,436
Grandmaster,KR,16.3,103,Irelia,mid,33.2%,D,48.9%,+0.0%,2.3%,131
Grandmaster,KR,16.3,104,Graves,jun,96.8%,D,50.4%,+2.1%,2.0%,113
Grandmaster,KR,16.3,105,Camille,top,85.4%,D,50.4%,-2.2%,2.3%,131
Grandmaster,KR,16.3,106,Gwen,jun,44.8%,D,49.6%,+2.5%,2.4%,135
Grandmaster,KR,16.3,107,Nidalee,jun,83.8%,D,47.7%,-3.5%,6.5%,369
Grandmaster,KR,16.3,108,Akali,top,32.3%,D,48.0%,-0.9%,3.9%,223
Grandmaster,KR,16.3,109,Irelia,top,66.1%,D,47.7%,-3.8%,4.6%,258
Grandmaster,KR,16.3,110,Master Yi,jun,87.9%,D,49.3%,-3.5%,3.6%,201
Grandmaster,KR,16.3,111,Sivir,adc,98.9%,D,47.6%,-5.0%,7.5%,424
Grandmaster,KR,16.3,112,Janna,sup,99.3%,D,49.6%,-9.9%,2.3%,131
Grandmaster,KR,16.3,113,K'Sante,top,95.7%,D,46.7%,-0.4%,10.2%,574
Grandmaster,KR,16.3,114,Lissandra,mid,89.0%,D,49.2%,-2.8%,3.3%,187
Grandmaster,KR,16.3,115,Dr.Mundo,top,45.9%,D,49.5%,-3.8%,1.9%,107
Grandmaster,KR,16.3,116,Katarina,mid,92.4%,D,48.2%,-0.2%,3.9%,222
Grandmaster,KR,16.3,117,Nami,sup,99.9%,D,48.9%,+1.0%,3.3%,186
Grandmaster,KR,16.3,118,Naafiri,mid,35.1%,D,48.6%,+8.6%,2.0%,111
Grandmaster,KR,16.3,119,Blitzcrank,sup,99.9%,D,47.4%,-2.4%,5.7%,325
Grandmaster,KR,16.3,120,Galio,mid,88.2%,D,46.0%,-3.4%,9.7%,546
Grandmaster,KR,16.3,121,Darius,top,96.8%,D,48.1%,-2.8%,2.4%,135
Grandmaster,KR,16.3,122,Zaahen,jun,37.3%,D,46.6%,+6.6%,5.5%,313
Grandmaster,KR,16.3,123,Twitch,adc,92.9%,D,48.3%,-2.7%,2.6%,145
Grandmaster,KR,16.3,124,Varus,top,24.3%,D,46.8%,-4.1%,1.9%,109
Grandmaster,KR,16.3,125,Seraphine,sup,66.1%,D,47.7%,-3.8%,3.1%,176
Grandmaster,KR,16.3,126,Gwen,top,52.4%,D,46.3%,-10.3%,5.3%,298
Grandmaster,KR,16.3,127,Yone,top,39.6%,D,47.1%,+2.8%,3.1%,174
Grandmaster,KR,16.3,128,Hwei,mid,75.6%,D,47.7%,-1.4%,2.0%,111
Grandmaster,KR,16.3,129,Pantheon,sup,36.2%,D,47.0%,+0.2%,3.9%,219
Grandmaster,KR,16.3,130,Vex,mid,93.1%,D,47.0%,-8.5%,3.0%,168
Grandmaster,KR,16.3,131,Senna,sup,80.5%,D,47.3%,+3.4%,2.9%,165
Grandmaster,KR,16.3,132,Nocturne,jun,83.7%,D,47.1%,-2.6%,2.1%,119
Grandmaster,KR,16.3,133,Yone,mid,59.1%,D,44.8%,+2.4%,7.5%,424
Grandmaster,KR,16.3,134,Jayce,jun,45.1%,D,43.0%,-8.3%,4.3%,244
Grandmaster,KR,16.3,135,Tristana,adc,80.6%,D,44.4%,-8.6%,3.2%,180
Grandmaster,KR,16.3,136,Vayne,top,45.1%,D,43.9%,-7.2%,3.2%,180
Grandmaster,KR,16.3,137,Soraka,sup,96.7%,D,44.6%,-3.2%,1.8%,101
Grandmaster,KR,16.3,138,Malphite,top,72.4%,D,43.2%,-8.7%,3.3%,185
Grandmaster,KR,16.3,139,Gragas,top,62.9%,D,42.6%,-9.9%,2.5%,141
Grandmaster,KR,16.3,140,Yorick,top,95.7%,D,42.3%,-11.3%,2.0%,111
Grandmaster,KR,16.3,141,Lillia,jun,98.8%,D,42.5%,-13.2%,2.0%,113
Grandmaster,KR,16.3,142,Azir,mid,88.8%,D,41.5%,-8.9%,3.8%,217
Grandmaster,KR,16.3,143,Yuumi,sup,99.5%,D,41.3%,-2.5%,2.1%,121
Grandmaster,KR,15.24,1,Qiyana,mid,27.2%,S+,58.7%,-0.6%,2.6%,339
Grandmaster,KR,15.24,2,Fiora,top,97.3%,S+,56.6%,-6.2%,4.2%,555
Grandmaster,KR,15.24,3,Volibear,top,63.7%,S+,58.8%,-8.9%,1.5%,194
Grandmaster,KR,15.24,4,Nunu,jun,82.1%,S+,58.5%,+12.1%,1.5%,200
Grandmaster,KR,15.24,5,Sylas,top,6.4%,S+,56.9%,+4.0%,1.3%,167
Grandmaster,KR,15.24,6,Elise,jun,35.7%,S+,56.7%,+2.7%,1.8%,233
Grandmaster,KR,15.24,7,Kled,top,87.9%,S+,58.2%,+1.7%,1.8%,237
Grandmaster,KR,15.24,8,Elise,sup,60.0%,S+,54.7%,-0.3%,7.4%,976
Grandmaster,KR,15.24,9,Veigar,adc,29.0%,S+,58.1%,-10.6%,1.2%,155
Grandmaster,KR,15.24,10,Taric,sup,94.5%,S+,57.4%,+7.0%,2.4%,319
Grandmaster,KR,15.24,11,Morgana,mid,44.9%,S+,57.6%,-16.7%,1.1%,151
Grandmaster,KR,15.24,12,Jinx,adc,99.8%,S+,56.8%,+1.7%,4.3%,562
Grandmaster,KR,15.24,13,Rumble,top,85.7%,S+,52.5%,-5.0%,12.8%,1 683
Grandmaster,KR,15.24,14,Qiyana,jun,68.6%,S+,52.4%,-2.9%,11.5%,1 514
Grandmaster,KR,15.24,15,Nidalee,jun,82.3%,S+,53.1%,-3.5%,8.7%,1 138
Grandmaster,KR,15.24,16,Jax,top,74.9%,S+,53.5%,-5.1%,7.3%,954
Grandmaster,KR,15.24,17,Malzahar,mid,90.3%,S+,56.8%,+4.2%,1.1%,146
Grandmaster,KR,15.24,18,Orianna,mid,98.0%,S+,51.8%,-3.7%,16.8%,2 202
Grandmaster,KR,15.24,19,Zac,jun,59.1%,S+,55.9%,-0.8%,1.9%,247
Grandmaster,KR,15.24,20,Zaahen,top,80.1%,S+,51.4%,+0.4%,11.4%,1 500
Grandmaster,KR,15.24,21,Vex,mid,96.3%,S+,55.6%,-8.5%,2.7%,349
Grandmaster,KR,15.24,22,Poppy,sup,62.3%,S+,52.6%,-3.7%,7.2%,952
Grandmaster,KR,15.24,23,Miss Fortune,adc,99.2%,S+,51.1%,+1.5%,16.6%,2 178
Grandmaster,KR,15.24,24,Cassiopeia,adc,23.8%,S+,54.4%,+10.8%,3.2%,417
Grandmaster,KR,15.24,25,LeeSin,jun,94.8%,S+,50.9%,-1.4%,21.2%,2 790
Grandmaster,KR,15.24,26,Cassiopeia,mid,41.7%,S+,54.8%,+1.8%,1.3%,177
Grandmaster,KR,15.24,27,Syndra,mid,89.0%,S+,52.9%,+0.2%,9.8%,1 284
Grandmaster,KR,15.24,28,Cassiopeia,top,34.2%,S+,54.1%,-7.6%,3.0%,388
Grandmaster,KR,15.24,29,Neeko,sup,79.3%,S+,51.3%,+2.8%,10.2%,1 343
Grandmaster,KR,15.24,30,Pantheon,mid,10.2%,S+,55.2%,-5.1%,1.1%,145
Grandmaster,KR,15.24,31,Corki,mid,20.0%,S+,55.1%,-7.1%,1.7%,225
Grandmaster,KR,15.24,32,Zyra,jun,45.8%,S+,54.0%,-7.2%,3.6%,476
Grandmaster,KR,15.24,33,Katarina,mid,94.0%,S+,54.0%,-0.2%,4.3%,569
Grandmaster,KR,15.24,34,Swain,mid,27.7%,S,55.1%,+2.1%,1.2%,156
Grandmaster,KR,15.24,35,Irelia,top,60.5%,S,53.1%,-3.8%,3.5%,458
Grandmaster,KR,15.24,36,Rengar,jun,88.3%,S,54.0%,+1.6%,2.1%,276
Grandmaster,KR,15.24,37,Pantheon,sup,39.0%,S,53.7%,+0.2%,4.7%,616
Grandmaster,KR,15.24,38,Zoe,mid,78.7%,S,51.9%,-4.1%,5.4%,711
Grandmaster,KR,15.24,39,Ezreal,adc,97.8%,S,50.8%,+1.0%,17.7%,2 325
Grandmaster,KR,15.24,40,Ashe,adc,94.7%,S,52.4%,-0.5%,7.0%,926
Grandmaster,KR,15.24,41,Kindred,jun,97.3%,S,53.8%,+0.1%,3.1%,409
Grandmaster,KR,15.24,42,Aphelios,adc,98.6%,S,50.9%,+1.7%,15.9%,2 086
Grandmaster,KR,15.24,43,Ambessa,top,64.2%,S,49.6%,+5.4%,15.6%,2 044
Grandmaster,KR,15.24,44,Thresh,sup,99.9%,S,52.5%,-0.8%,6.8%,891
Grandmaster,KR,15.24,45,Nilah,adc,98.6%,S,54.4%,+16.8%,1.2%,160
Grandmaster,KR,15.24,46,Swain,adc,31.2%,S,54.3%,+1.7%,1.3%,173
Grandmaster,KR,15.24,47,Aatrox,jun,51.0%,S,49.5%,+3.3%,12.7%,1 672
Grandmaster,KR,15.24,48,Kennen,top,77.9%,S,53.4%,-2.9%,3.5%,455
Grandmaster,KR,15.24,49,Gangplank,top,91.5%,S,53.3%,+9.7%,4.0%,522
Grandmaster,KR,15.24,50,Talon,jun,74.7%,A,52.0%,+1.4%,5.4%,715
Grandmaster,KR,15.24,51,Sion,mid,12.4%,A,54.2%,-16.0%,1.1%,144
Grandmaster,KR,15.24,52,Alistar,sup,99.3%,A,50.7%,-0.5%,13.8%,1 810
Grandmaster,KR,15.24,53,Jayce,jun,54.9%,A,49.2%,-8.3%,18.1%,2 376
Grandmaster,KR,15.24,54,Vi,jun,94.6%,A,52.7%,+5.2%,5.4%,706
Grandmaster,KR,15.24,55,Karthus,jun,66.7%,A,51.7%,-2.6%,3.0%,400
Grandmaster,KR,15.24,56,Irelia,mid,37.7%,A,52.3%,+0.0%,2.2%,287
Grandmaster,KR,15.24,57,Aurora,top,30.2%,A,53.4%,+2.6%,2.4%,313
Grandmaster,KR,15.24,58,Akshan,mid,88.6%,A,52.0%,-1.2%,4.7%,621
Grandmaster,KR,15.24,59,Bel'Veth,jun,98.1%,A,53.4%,+9.5%,2.0%,264
Grandmaster,KR,15.24,60,Anivia,mid,69.3%,A,52.3%,+2.7%,4.9%,644
Grandmaster,KR,15.24,61,Rell,sup,99.8%,A,51.5%,-0.2%,8.8%,1 159
Grandmaster,KR,15.24,62,Lulu,sup,98.5%,A,50.0%,-1.4%,10.5%,1 381
Grandmaster,KR,15.24,63,Renekton,top,93.7%,A,51.0%,+0.3%,8.4%,1 108
Grandmaster,KR,15.24,64,Pyke,sup,98.3%,A,50.0%,+3.3%,8.0%,1 047
Grandmaster,KR,15.24,65,Rakan,sup,99.0%,A,51.1%,+2.1%,9.7%,1 273
Grandmaster,KR,15.24,66,Yunara,adc,99.2%,A,49.0%,-0.2%,26.2%,3 443
Grandmaster,KR,15.24,67,Janna,sup,98.3%,A,52.6%,-9.9%,4.0%,532
Grandmaster,KR,15.24,68,Poppy,top,26.1%,A,51.7%,+6.5%,1.6%,209
Grandmaster,KR,15.24,69,Gwen,top,67.5%,A,52.7%,-10.3%,3.2%,414
Grandmaster,KR,15.24,70,Sylas,jun,49.5%,A,49.2%,+10.1%,9.7%,1 274
Grandmaster,KR,15.24,71,Rek'Sai,jun,75.5%,A,52.2%,+0.8%,4.4%,582
Grandmaster,KR,15.24,72,Swain,top,21.3%,A,53.3%,+20.9%,1.3%,167
Grandmaster,KR,15.24,73,Bard,sup,99.4%,A,49.2%,+2.0%,12.6%,1 660
Grandmaster,KR,15.24,74,Lucian,adc,96.7%,A,49.8%,+0.8%,11.4%,1 497
Grandmaster,KR,15.24,75,Leblanc,mid,82.4%,A,50.5%,-0.6%,4.7%,618
Grandmaster,KR,15.24,76,Yuumi,sup,99.5%,A,50.8%,-2.5%,3.2%,427
Grandmaster,KR,15.24,77,Ekko,mid,39.6%,B,51.6%,+3.0%,4.1%,541
Grandmaster,KR,15.24,78,Ahri,mid,94.8%,B,51.6%,+1.7%,5.8%,760
Grandmaster,KR,15.24,79,Yasuo,mid,56.3%,B,50.8%,-2.1%,4.2%,551
Grandmaster,KR,15.24,80,Maokai,sup,76.5%,B,52.5%,+3.8%,2.6%,345
Grandmaster,KR,15.24,81,Kai'Sa,adc,98.3%,B,49.4%,-1.9%,19.8%,2 597
Grandmaster,KR,15.24,82,Nidalee,sup,13.1%,B,51.0%,-3.6%,1.6%,210
Grandmaster,KR,15.24,83,Zed,mid,51.4%,B,50.8%,+4.1%,3.8%,502
Grandmaster,KR,15.24,84,Malphite,top,57.7%,B,50.2%,-8.7%,4.9%,645
Grandmaster,KR,15.24,85,Shaco,jun,77.5%,B,51.3%,+10.4%,1.5%,193
Grandmaster,KR,15.24,86,Singed,top,82.9%,B,51.4%,+6.2%,4.0%,525
Grandmaster,KR,15.24,87,Ekko,jun,57.5%,B,50.9%,+1.8%,5.0%,652
Grandmaster,KR,15.24,88,Viktor,mid,91.3%,B,49.4%,+11.4%,10.2%,1 345
Grandmaster,KR,15.24,89,Riven,top,79.6%,B,52.0%,+2.6%,2.5%,325
Grandmaster,KR,15.24,90,Jayce,mid,11.1%,B,50.7%,+4.2%,1.7%,229
Grandmaster,KR,15.24,91,Diana,mid,29.6%,C,52.0%,+7.3%,2.5%,331
Grandmaster,KR,15.24,92,Gragas,top,67.3%,C,51.9%,-9.9%,2.6%,341
Grandmaster,KR,15.24,93,Braum,sup,99.9%,C,49.3%,-3.4%,8.8%,1 153
Grandmaster,KR,15.24,94,Leona,sup,99.8%,C,49.5%,-2.0%,9.4%,1 235
Grandmaster,KR,15.24,95,Talon,mid,24.1%,C,50.6%,+1.0%,2.9%,385
Grandmaster,KR,15.24,96,Sylas,mid,38.5%,C,48.3%,+1.2%,8.1%,1 062
Grandmaster,KR,15.24,97,Jayce,top,33.7%,C,49.0%,+3.4%,5.7%,749
Grandmaster,KR,15.24,98,Swain,sup,19.8%,C,51.8%,+10.2%,1.7%,220
Grandmaster,KR,15.24,99,Taliyah,mid,73.8%,C,50.2%,-2.0%,7.0%,915
Grandmaster,KR,15.24,100,Anivia,top,17.6%,C,51.4%,-11.7%,1.3%,177
Grandmaster,KR,15.24,101,Senna,sup,90.5%,C,51.6%,+3.4%,2.4%,310
Grandmaster,KR,15.24,102,Xin Zhao,jun,96.0%,C,49.1%,+4.6%,9.5%,1 254
Grandmaster,KR,15.24,103,Draven,adc,94.8%,C,49.4%,+2.2%,3.7%,484
Grandmaster,KR,15.24,104,Akali,mid,75.8%,C,49.2%,+1.4%,7.0%,926
Grandmaster,KR,15.24,105,Twisted Fate,mid,91.9%,C,50.7%,-1.9%,3.6%,477
Grandmaster,KR,15.24,106,Olaf,top,83.3%,C,50.8%,+4.2%,3.4%,453
Grandmaster,KR,15.24,107,Soraka,sup,97.3%,C,51.4%,-3.2%,1.9%,247
Grandmaster,KR,15.24,108,Malphite,jun,34.8%,C,49.2%,-1.6%,4.7%,618
Grandmaster,KR,15.24,109,Tristana,adc,87.8%,C,49.0%,-8.6%,8.0%,1 050
Grandmaster,KR,15.24,110,Smolder,adc,82.3%,C,50.6%,-10.8%,4.1%,538
Grandmaster,KR,15.24,111,Jarvan IV,jun,96.7%,C,50.1%,+4.3%,5.8%,759
Grandmaster,KR,15.24,112,Gnar,top,98.0%,C,49.8%,+9.4%,5.0%,660
Grandmaster,KR,15.24,113,Viego,jun,94.9%,C,49.4%,+3.2%,7.7%,1 007
Grandmaster,KR,15.24,114,Jhin,adc,98.2%,C,48.1%,-0.6%,13.1%,1 719
Grandmaster,KR,15.24,115,Camille,top,85.2%,C,50.8%,-2.2%,2.9%,382
Grandmaster,KR,15.24,116,Corki,adc,76.5%,C,50.0%,+2.3%,4.9%,650
Grandmaster,KR,15.24,117,Xayah,adc,99.4%,C,50.8%,+2.4%,2.4%,321
Grandmaster,KR,15.24,118,Mel,adc,28.9%,C,49.1%,-7.4%,2.2%,289
Grandmaster,KR,15.24,119,Ambessa,mid,5.9%,C,49.3%,+11.9%,1.6%,213
Grandmaster,KR,15.24,120,Shen,top,89.7%,C,50.8%,-1.1%,1.8%,240
Grandmaster,KR,15.24,121,Nautilus,sup,99.1%,C,46.7%,-1.2%,13.8%,1 819
Grandmaster,KR,15.24,122,Karma,sup,93.3%,D,48.8%,-0.5%,7.5%,982
Grandmaster,KR,15.24,123,Lillia,jun,98.7%,D,50.6%,-13.2%,1.9%,251
Grandmaster,KR,15.24,124,Illaoi,top,92.7%,D,50.7%,-2.4%,1.1%,142
Grandmaster,KR,15.24,125,Aurelion Sol,mid,59.8%,D,50.6%,+0.5%,1.2%,162
Grandmaster,KR,15.24,126,Kalista,adc,92.8%,D,50.4%,-13.7%,1.9%,252
Grandmaster,KR,15.24,127,Blitzcrank,sup,99.5%,D,48.1%,-2.4%,6.5%,849
Grandmaster,KR,15.24,128,Hwei,mid,71.0%,D,49.8%,-1.4%,3.2%,422
Grandmaster,KR,15.24,129,Dr.Mundo,top,59.9%,D,49.9%,-3.8%,2.6%,345
Grandmaster,KR,15.24,130,Pantheon,top,28.5%,D,49.8%,+3.2%,2.0%,267
Grandmaster,KR,15.24,131,Graves,jun,97.7%,D,49.6%,+2.1%,3.0%,389
Grandmaster,KR,15.24,132,Pantheon,jun,22.0%,D,49.7%,+3.4%,2.2%,292
Grandmaster,KR,15.24,133,Sion,top,83.4%,D,48.2%,+9.2%,7.7%,1 013
Grandmaster,KR,15.24,134,Yasuo,top,30.1%,D,48.4%,+1.0%,2.9%,378
Grandmaster,KR,15.24,135,Caitlyn,adc,95.8%,D,49.3%,+0.0%,2.9%,381
Grandmaster,KR,15.24,136,Seraphine,sup,72.1%,D,49.1%,-3.8%,3.9%,509
Grandmaster,KR,15.24,137,Zeri,adc,95.6%,D,48.6%,+8.7%,5.4%,710
Grandmaster,KR,15.24,138,Darius,top,92.5%,D,48.6%,-2.8%,2.9%,387
Grandmaster,KR,15.24,139,Sejuani,top,44.6%,D,49.2%,-6.8%,3.0%,388
Grandmaster,KR,15.24,140,Ziggs,adc,76.8%,D,49.1%,-1.3%,2.9%,387
Grandmaster,KR,15.24,141,Hecarim,jun,99.6%,D,48.8%,+1.6%,3.0%,400
Grandmaster,KR,15.24,142,Teemo,top,79.9%,D,49.4%,-0.7%,1.3%,170
Grandmaster,KR,15.24,143,Milio,sup,99.8%,D,49.3%,+2.2%,2.0%,268
Grandmaster,KR,15.24,144,Tryndamere,top,74.2%,D,48.8%,-4.3%,1.9%,246
Grandmaster,KR,15.24,145,Ivern,jun,83.7%,D,48.9%,-6.5%,2.4%,309
Grandmaster,KR,15.24,146,Xerath,mid,74.7%,D,48.8%,+5.1%,2.3%,299
Grandmaster,KR,15.24,147,Ambessa,jun,29.8%,D,45.6%,-3.7%,7.5%,989
Grandmaster,KR,15.24,148,Fiddlesticks,jun,64.5%,D,48.5%,+4.2%,2.1%,270
Grandmaster,KR,15.24,149,Galio,mid,85.5%,D,46.9%,-3.4%,7.0%,926
Grandmaster,KR,15.24,150,Sivir,adc,99.0%,D,47.4%,-5.0%,5.6%,730
Grandmaster,KR,15.24,151,Master Yi,jun,88.5%,D,48.4%,-3.5%,1.9%,248
Grandmaster,KR,15.24,152,Zed,jun,43.8%,D,47.5%,-19.2%,2.0%,265
Grandmaster,KR,15.24,153,Ryze,mid,79.4%,D,46.5%,+0.1%,8.0%,1 057
Grandmaster,KR,15.24,154,Vladimir,top,46.4%,D,48.2%,+6.6%,2.1%,274
Grandmaster,KR,15.24,155,Varus,adc,77.1%,D,46.6%,-0.5%,6.9%,907
Grandmaster,KR,15.24,156,Rek'Sai,top,22.6%,D,48.1%,-15.8%,1.8%,241
Grandmaster,KR,15.24,157,K'Sante,top,94.9%,D,45.1%,-0.4%,11.5%,1 508
Grandmaster,KR,15.24,158,Nami,sup,99.8%,D,47.7%,+1.0%,3.7%,480
Grandmaster,KR,15.24,159,Aurelion Sol,adc,35.2%,D,48.3%,+13.2%,1.1%,147
Grandmaster,KR,15.24,160,Ryze,top,20.2%,D,47.8%,-1.8%,1.6%,207
Grandmaster,KR,15.24,161,Zyra,sup,34.0%,D,47.6%,-15.1%,1.2%,164
Grandmaster,KR,15.24,162,Azir,mid,90.9%,D,46.3%,-8.9%,6.1%,805
Grandmaster,KR,15.24,163,Aurora,mid,68.1%,D,46.6%,+7.3%,4.8%,637
Grandmaster,KR,15.24,164,Ornn,top,91.8%,D,47.4%,+1.7%,2.7%,352
Grandmaster,KR,15.24,165,Sylas,sup,5.5%,D,46.1%,+5.7%,1.4%,178
Grandmaster,KR,15.24,166,Aatrox,top,47.4%,D,45.1%,+6.1%,4.4%,574
Grandmaster,KR,15.24,167,Wukong,jun,81.7%,D,47.1%,-0.2%,3.5%,459
Grandmaster,KR,15.24,168,Fiddlesticks,sup,25.1%,D,47.4%,-21.6%,1.0%,135
Grandmaster,KR,15.24,169,Leblanc,sup,14.8%,D,45.5%,-4.7%,2.3%,297
Grandmaster,KR,15.24,170,Evelynn,jun,96.5%,D,46.8%,+6.8%,2.3%,297
Grandmaster,KR,15.24,171,Warwick,top,51.1%,D,46.9%,+5.4%,1.7%,224
Grandmaster,KR,15.24,172,Tristana,mid,11.2%,D,46.6%,+4.8%,1.2%,161
Grandmaster,KR,15.24,173,Vladimir,mid,51.4%,D,46.5%,-2.1%,2.4%,316
Grandmaster,KR,15.24,174,Neeko,mid,14.2%,D,45.3%,-5.4%,1.4%,181
Grandmaster,KR,15.24,175,Urgot,top,93.7%,D,46.7%,-1.9%,1.9%,246
Grandmaster,KR,15.24,176,Zilean,sup,71.5%,D,46.7%,+6.3%,1.7%,229
Grandmaster,KR,15.24,177,Nocturne,jun,86.3%,D,46.7%,-2.6%,1.1%,150
Grandmaster,KR,15.24,178,Udyr,top,29.2%,D,46.4%,-6.5%,1.3%,166
Grandmaster,KR,15.24,179,Dr.Mundo,jun,34.4%,D,46.0%,+5.1%,1.7%,226
Grandmaster,KR,15.24,180,Lissandra,mid,91.8%,D,46.2%,-2.8%,1.6%,210
Grandmaster,KR,15.24,181,Zaahen,jun,15.9%,D,44.4%,+6.6%,1.2%,153
Grandmaster,KR,15.24,182,Yone,mid,54.4%,D,44.1%,+2.4%,6.8%,889
Grandmaster,KR,15.24,183,Akali,top,23.9%,D,45.0%,-0.9%,1.2%,160
Grandmaster,KR,15.24,184,Mel,mid,55.3%,D,42.9%,-6.8%,4.7%,616
Grandmaster,KR,15.24,185,Kha'Zix,jun,99.7%,D,45.4%,-4.5%,1.7%,218
Grandmaster,KR,15.24,186,Yorick,top,96.5%,D,44.8%,-11.3%,1.5%,192
Grandmaster,KR,15.24,187,Yone,top,44.1%,D,44.0%,+2.8%,3.0%,393
Grandmaster,KR,15.24,188,Naafiri,mid,35.7%,D,44.3%,+8.6%,1.1%,140
Grandmaster,KR,15.24,189,Taliyah,jun,19.8%,D,44.4%,+2.0%,1.1%,142
Grandmaster,KR,15.24,190,Garen,top,88.3%,D,44.1%,-3.3%,1.0%,136
Grandmaster,KR,15.24,191,Zac,top,21.4%,D,43.8%,+0.5%,1.0%,137
Grandmaster,KR,15.24,192,Mordekaiser,top,89.0%,D,43.8%,+7.6%,1.5%,203
Grandmaster,KR,15.24,193,Mel,sup,15.1%,D,41.7%,+1.9%,1.8%,230
Grandmaster,KR,15.24,194,Diana,jun,69.2%,D,42.2%,-10.5%,1.6%,204
Grandmaster,KR,15.24,195,Naafiri,jun,52.5%,D,41.1%,+4.0%,1.3%,168
Grandmaster,KR,15.24,196,Sejuani,jun,49.3%,D,40.7%,-0.8%,1.1%,145
Grandmaster,EUW,16.3,1,Nunu,jun,87.8%,S+,61.5%,+12.9%,4.4%,283
Grandmaster,EUW,16.3,2,Syndra,mid,89.2%,S+,56.0%,+6.9%,9.4%,611
Grandmaster,EUW,16.3,3,Samira,adc,98.8%,S+,59.0%,+13.0%,3.8%,249
Grandmaster,EUW,16.3,4,Hecarim,jun,99.7%,S+,55.4%,+5.2%,6.4%,417
Grandmaster,EUW,16.3,5,Qiyana,mid,44.5%,S+,55.8%,+5.3%,3.1%,199
Grandmaster,EUW,16.3,6,Aphelios,adc,99.3%,S+,53.3%,+1.4%,12.0%,778
Grandmaster,EUW,16.3,7,Thresh,sup,99.7%,S+,54.7%,+4.0%,10.4%,677
Grandmaster,EUW,16.3,8,Singed,top,80.6%,S+,56.4%,+8.1%,4.0%,257
Grandmaster,EUW,16.3,9,Bel'Veth,jun,96.8%,S+,55.5%,-0.3%,3.1%,200
Grandmaster,EUW,16.3,10,Poppy,sup,51.8%,S+,56.2%,-2.2%,2.0%,130
Grandmaster,EUW,16.3,11,Jax,top,77.8%,S+,53.9%,+2.3%,6.5%,419
Grandmaster,EUW,16.3,12,Xayah,adc,99.3%,S+,56.8%,+10.4%,2.2%,146
Grandmaster,EUW,16.3,13,Vel'Koz,adc,28.0%,S+,56.7%,+2.2%,2.0%,127
Grandmaster,EUW,16.3,14,Kennen,top,84.7%,S+,55.6%,+6.3%,4.4%,284
Grandmaster,EUW,16.3,15,Zac,jun,71.4%,S+,55.2%,-0.5%,5.1%,328
Grandmaster,EUW,16.3,16,Ahri,mid,94.9%,S+,53.1%,+0.2%,12.0%,776
Grandmaster,EUW,16.3,17,Pantheon,sup,36.2%,S+,56.3%,+9.3%,2.3%,151
Grandmaster,EUW,16.3,18,Shen,top,86.7%,S+,55.9%,+7.1%,3.5%,229
Grandmaster,EUW,16.3,19,Sylas,jun,32.4%,S+,54.7%,+7.1%,3.5%,225
Grandmaster,EUW,16.3,20,Pantheon,top,29.2%,S+,56.2%,-3.0%,2.0%,130
Grandmaster,EUW,16.3,21,Draven,adc,96.1%,S+,53.4%,+2.2%,4.7%,305
Grandmaster,EUW,16.3,22,Taliyah,mid,57.3%,S+,54.7%,+4.2%,4.6%,300
Grandmaster,EUW,16.3,23,Lissandra,mid,89.0%,S+,55.9%,+2.4%,1.6%,102
Grandmaster,EUW,16.3,24,Karthus,adc,27.7%,S+,55.6%,+0.2%,1.8%,117
Grandmaster,EUW,16.3,25,Ezreal,adc,97.6%,S+,52.0%,+1.6%,15.6%,1 013
Grandmaster,EUW,16.3,26,Orianna,mid,96.3%,S+,52.8%,+2.8%,8.1%,527
Grandmaster,EUW,16.3,27,Karma,sup,94.2%,S+,51.5%,-1.1%,13.3%,862
Grandmaster,EUW,16.3,28,Kayle,top,70.9%,S+,55.3%,+6.1%,1.6%,103
Grandmaster,EUW,16.3,29,Katarina,mid,92.4%,S+,52.4%,+4.8%,6.3%,412
Grandmaster,EUW,16.3,30,Janna,sup,99.3%,S+,52.9%,+3.4%,7.0%,454
Grandmaster,EUW,16.3,31,Kha'Zix,jun,99.8%,S+,51.5%,+1.6%,8.9%,575
Grandmaster,EUW,16.3,32,Rek'Sai,jun,86.5%,S+,53.3%,-4.3%,6.0%,392
Grandmaster,EUW,16.3,33,Jinx,adc,99.7%,S,53.1%,+2.5%,8.1%,525
Grandmaster,EUW,16.3,34,Nautilus,sup,99.2%,S,50.6%,+1.1%,17.2%,1 118
Grandmaster,EUW,16.3,35,Alistar,sup,99.5%,S,51.9%,-0.8%,9.0%,586
Grandmaster,EUW,16.3,36,Sona,sup,98.6%,S,53.8%,+1.7%,4.5%,292
Grandmaster,EUW,16.3,37,Zaahen,top,60.8%,S,51.7%,+2.0%,7.4%,482
Grandmaster,EUW,16.3,38,Sylas,mid,53.3%,S,52.1%,+1.3%,6.0%,390
Grandmaster,EUW,16.3,39,Taric,sup,97.2%,S,54.1%,+6.7%,3.4%,218
Grandmaster,EUW,16.3,40,Caitlyn,adc,99.3%,S,49.9%,+0.8%,11.7%,759
Grandmaster,EUW,16.3,41,Gragas,top,62.9%,S,54.3%,-3.8%,2.7%,173
Grandmaster,EUW,16.3,42,Aatrox,top,76.3%,S,53.2%,+3.3%,5.1%,331
Grandmaster,EUW,16.3,43,Varus,top,24.3%,S,52.4%,+1.1%,3.2%,208
Grandmaster,EUW,16.3,44,Wukong,jun,80.0%,S,54.2%,+9.7%,2.4%,155
Grandmaster,EUW,16.3,45,Gwen,top,52.4%,S,52.1%,-2.2%,3.6%,236
Grandmaster,EUW,16.3,46,Sett,top,91.1%,S,54.2%,-0.4%,2.4%,155
Grandmaster,EUW,16.3,47,Zaahen,jun,37.3%,S,51.8%,+13.5%,6.0%,392
Grandmaster,EUW,16.3,48,Sivir,adc,98.9%,S,52.5%,+2.1%,5.5%,358
Grandmaster,EUW,16.3,49,Ambessa,jun,52.1%,S,50.2%,-2.8%,9.3%,605
Grandmaster,EUW,16.3,50,Qiyana,jun,48.4%,A,51.3%,+1.3%,5.5%,359
Grandmaster,EUW,16.3,51,Pyke,sup,98.0%,A,50.6%,+2.9%,7.6%,496
Grandmaster,EUW,16.3,52,Rumble,top,87.4%,A,50.8%,-0.7%,7.0%,453
Grandmaster,EUW,16.3,53,Talon,jun,67.1%,A,50.6%,-2.7%,7.3%,476
Grandmaster,EUW,16.3,54,Kassadin,mid,95.8%,A,51.1%,-2.0%,5.4%,348
Grandmaster,EUW,16.3,55,Vladimir,mid,49.3%,A,52.7%,+0.4%,2.9%,186
Grandmaster,EUW,16.3,56,Nidalee,jun,83.8%,A,53.2%,+7.8%,3.1%,201
Grandmaster,EUW,16.3,57,Shaco,jun,80.6%,A,51.2%,+0.2%,4.6%,301
Grandmaster,EUW,16.3,58,Fizz,mid,90.6%,A,53.3%,+5.6%,2.6%,167
Grandmaster,EUW,16.3,59,Zyra,jun,58.8%,A,53.5%,+6.2%,2.0%,129
Grandmaster,EUW,16.3,60,Renekton,top,94.7%,A,51.1%,+2.6%,7.1%,462
Grandmaster,EUW,16.3,61,Akali,top,32.3%,A,51.7%,-3.6%,2.3%,149
Grandmaster,EUW,16.3,62,Swain,adc,37.4%,A,52.9%,-1.5%,2.4%,157
Grandmaster,EUW,16.3,63,Zoe,mid,79.9%,A,51.6%,-3.2%,4.8%,310
Grandmaster,EUW,16.3,64,Yunara,adc,99.5%,A,49.1%,-1.0%,16.2%,1 054
Grandmaster,EUW,16.3,65,Bard,sup,99.8%,A,48.4%,-2.6%,12.4%,806
Grandmaster,EUW,16.3,66,Kog'Maw,adc,82.2%,A,52.5%,+4.4%,3.1%,200
Grandmaster,EUW,16.3,67,Olaf,top,86.0%,A,52.6%,+0.6%,2.4%,154
Grandmaster,EUW,16.3,68,Leblanc,mid,86.1%,A,50.6%,+1.2%,3.9%,251
Grandmaster,EUW,16.3,69,Irelia,top,66.1%,B,50.3%,-2.2%,4.7%,308
Grandmaster,EUW,16.3,70,Veigar,mid,61.3%,B,52.3%,-0.5%,3.4%,218
Grandmaster,EUW,16.3,71,Mel,adc,34.6%,B,51.2%,+3.2%,2.6%,170
Grandmaster,EUW,16.3,72,Irelia,mid,33.2%,B,51.0%,+1.0%,2.3%,147
Grandmaster,EUW,16.3,73,Rakan,sup,99.3%,B,50.8%,+2.8%,7.4%,480
Grandmaster,EUW,16.3,74,Galio,mid,88.2%,B,51.0%,-3.2%,6.3%,406
Grandmaster,EUW,16.3,75,Gwen,jun,44.8%,B,50.5%,+1.2%,2.9%,186
Grandmaster,EUW,16.3,76,Fiora,top,95.5%,B,49.7%,-2.6%,5.3%,344
Grandmaster,EUW,16.3,77,K'Sante,top,95.7%,B,50.6%,+2.9%,7.1%,462
Grandmaster,EUW,16.3,78,Lulu,sup,98.2%,B,49.1%,+1.7%,11.1%,723
Grandmaster,EUW,16.3,79,Akali,mid,67.3%,B,49.0%,-2.1%,7.6%,492
Grandmaster,EUW,16.3,80,Vayne,top,45.1%,B,49.8%,+0.3%,5.1%,329
Grandmaster,EUW,16.3,81,Jarvan IV,jun,96.5%,B,49.5%,-2.8%,9.7%,628
Grandmaster,EUW,16.3,82,Evelynn,jun,97.7%,C,51.9%,-4.4%,2.0%,129
Grandmaster,EUW,16.3,83,Jhin,adc,98.9%,C,49.2%,-2.2%,11.8%,764
Grandmaster,EUW,16.3,84,Jayce,jun,45.1%,C,49.5%,-0.9%,5.0%,323
Grandmaster,EUW,16.3,85,Ziggs,adc,80.3%,C,51.9%,+3.2%,2.5%,160
Grandmaster,EUW,16.3,86,Yasuo,mid,57.8%,C,48.9%,-0.7%,7.3%,476
Grandmaster,EUW,16.3,87,Leona,sup,100.0%,C,50.3%,+1.5%,7.1%,459
Grandmaster,EUW,16.3,88,Warwick,top,50.7%,C,52.0%,+0.5%,2.0%,127
Grandmaster,EUW,16.3,89,Smolder,adc,81.4%,C,51.4%,+6.6%,3.3%,212
Grandmaster,EUW,16.3,90,Senna,sup,80.5%,C,50.8%,-1.2%,5.5%,354
Grandmaster,EUW,16.3,91,Braum,sup,99.9%,C,48.2%,-3.3%,8.3%,537
Grandmaster,EUW,16.3,92,Ambessa,top,44.4%,C,48.3%,-1.7%,7.7%,503
Grandmaster,EUW,16.3,93,Yasuo,top,26.2%,C,50.0%,+3.6%,2.6%,170
Grandmaster,EUW,16.3,94,Ashe,adc,92.5%,C,51.2%,-4.3%,3.2%,209
Grandmaster,EUW,16.3,95,Nami,sup,99.9%,C,48.3%,-3.5%,17.3%,1 122
Grandmaster,EUW,16.3,96,Ekko,jun,58.2%,C,49.2%,-0.3%,4.0%,260
Grandmaster,EUW,16.3,97,Mel,mid,49.5%,C,50.0%,+12.7%,2.6%,168
Grandmaster,EUW,16.3,98,Diana,jun,68.3%,C,48.8%,+0.4%,5.9%,381
Grandmaster,EUW,16.3,99,Anivia,mid,67.6%,C,50.2%,-4.3%,4.5%,289
Grandmaster,EUW,16.3,100,Zed,mid,72.0%,C,48.7%,-3.9%,5.4%,353
Grandmaster,EUW,16.3,101,Rengar,jun,90.4%,C,49.0%,-4.7%,4.5%,294
Grandmaster,EUW,16.3,102,Sion,top,79.7%,C,49.6%,+3.1%,7.2%,468
Grandmaster,EUW,16.3,103,Xin Zhao,jun,95.7%,C,49.8%,+2.3%,6.5%,422
Grandmaster,EUW,16.3,104,Corki,adc,85.7%,C,47.7%,+0.7%,13.0%,842
Grandmaster,EUW,16.3,105,Varus,adc,71.8%,C,47.0%,-5.1%,10.3%,668
Grandmaster,EUW,16.3,106,Elise,sup,42.4%,C,49.8%,+2.2%,3.3%,215
Grandmaster,EUW,16.3,107,Riven,top,88.2%,C,48.4%,-5.9%,5.3%,345
Grandmaster,EUW,16.3,108,Rell,sup,100.0%,C,49.2%,+3.1%,7.3%,474
Grandmaster,EUW,16.3,109,Ekko,mid,38.0%,C,48.8%,-0.6%,3.9%,252
Grandmaster,EUW,16.3,110,Volibear,top,58.9%,C,51.0%,+2.4%,1.6%,104
Grandmaster,EUW,16.3,111,Zeri,adc,96.0%,C,50.9%,-0.4%,2.5%,165
Grandmaster,EUW,16.3,112,Elise,jun,52.8%,C,49.7%,-6.8%,2.9%,187
Grandmaster,EUW,16.3,113,Viego,jun,95.6%,C,47.6%,+3.1%,9.6%,626
Grandmaster,EUW,16.3,114,Blitzcrank,sup,99.9%,C,49.5%,+1.5%,4.8%,309
Grandmaster,EUW,16.3,115,Kai'Sa,adc,98.1%,C,47.7%,-0.6%,14.0%,907
Grandmaster,EUW,16.3,116,Lux,mid,42.2%,C,50.9%,+6.9%,1.6%,106
Grandmaster,EUW,16.3,117,Twisted Fate,mid,94.0%,C,50.5%,+0.5%,3.0%,192
Grandmaster,EUW,16.3,118,Fiddlesticks,jun,68.9%,C,50.3%,+3.6%,2.6%,171
Grandmaster,EUW,16.3,119,Briar,jun,82.6%,C,50.3%,+2.6%,2.9%,187
Grandmaster,EUW,16.3,120,Viktor,mid,91.0%,D,50.0%,+4.1%,3.8%,244
Grandmaster,EUW,16.3,121,Ornn,top,95.5%,D,49.8%,+1.0%,4.3%,281
Grandmaster,EUW,16.3,122,Aatrox,jun,21.0%,D,49.8%,-2.6%,3.1%,201
Grandmaster,EUW,16.3,123,Dr.Mundo,jun,52.1%,D,47.9%,-5.1%,6.9%,447
Grandmaster,EUW,16.3,124,Gangplank,top,93.6%,D,49.2%,-2.8%,4.9%,321
Grandmaster,EUW,16.3,125,Malphite,top,72.4%,D,47.7%,-1.7%,4.9%,321
Grandmaster,EUW,16.3,126,Jayce,mid,12.3%,D,48.6%,-1.8%,1.6%,105
Grandmaster,EUW,16.3,127,Yone,top,39.6%,D,49.7%,+1.6%,2.7%,175
Grandmaster,EUW,16.3,128,Tristana,adc,80.6%,D,49.2%,-6.6%,4.6%,299
Grandmaster,EUW,16.3,129,Veigar,adc,33.5%,D,50.0%,+5.0%,1.8%,120
Grandmaster,EUW,16.3,130,Vi,jun,96.9%,D,48.9%,-2.7%,5.1%,329
Grandmaster,EUW,16.3,131,Neeko,sup,84.3%,D,48.1%,-6.5%,6.1%,397
Grandmaster,EUW,16.3,132,Camille,top,85.4%,D,49.3%,+0.1%,3.2%,209
Grandmaster,EUW,16.3,133,Naafiri,jun,54.0%,D,46.8%,+1.8%,6.0%,389
Grandmaster,EUW,16.3,134,Ryze,mid,80.9%,D,46.0%,-2.1%,9.4%,611
Grandmaster,EUW,16.3,135,Nilah,adc,99.5%,D,49.5%,+7.5%,1.7%,109
Grandmaster,EUW,16.3,136,Yasuo,adc,15.8%,D,47.7%,-3.6%,3.4%,218
Grandmaster,EUW,16.3,137,Akshan,mid,88.9%,D,46.9%,-7.8%,4.2%,273
Grandmaster,EUW,16.3,138,Vladimir,top,40.8%,D,48.3%,-1.7%,2.2%,145
Grandmaster,EUW,16.3,139,Ivern,jun,79.4%,D,48.6%,-1.0%,3.2%,210
Grandmaster,EUW,16.3,140,Volibear,jun,40.1%,D,49.0%,+1.8%,1.6%,104
Grandmaster,EUW,16.3,141,Ryze,top,18.6%,D,47.5%,+7.5%,1.9%,122
Grandmaster,EUW,16.3,142,Taliyah,jun,37.2%,D,48.1%,-2.0%,2.9%,187
Grandmaster,EUW,16.3,143,LeeSin,jun,94.1%,D,47.2%,-0.2%,5.9%,386
Grandmaster,EUW,16.3,144,Soraka,sup,96.7%,D,48.4%,+0.3%,2.4%,157
Grandmaster,EUW,16.3,145,Vayne,adc,50.6%,D,46.5%,-2.3%,3.3%,217
Grandmaster,EUW,16.3,146,Naafiri,mid,35.1%,D,46.4%,-2.4%,2.8%,181
Grandmaster,EUW,16.3,147,Miss Fortune,adc,98.7%,D,47.6%,+3.6%,3.9%,252
Grandmaster,EUW,16.3,148,Cassiopeia,top,30.5%,D,47.6%,-4.4%,1.9%,126
Grandmaster,EUW,16.3,149,Malzahar,mid,89.7%,D,47.7%,-8.9%,3.3%,214
Grandmaster,EUW,16.3,150,Twitch,adc,92.9%,D,47.2%,+0.6%,3.9%,250
Grandmaster,EUW,16.3,151,Aurora,top,32.7%,D,47.6%,-4.3%,2.5%,164
Grandmaster,EUW,16.3,152,Yuumi,sup,99.5%,D,47.7%,+0.9%,2.3%,151
Grandmaster,EUW,16.3,153,Seraphine,sup,66.1%,D,47.8%,-0.1%,2.1%,134
Grandmaster,EUW,16.3,154,Jayce,top,42.4%,D,44.9%,-6.4%,5.4%,352
Grandmaster,EUW,16.3,155,Yone,mid,59.1%,D,46.2%,+1.1%,6.1%,394
Grandmaster,EUW,16.3,156,Urgot,top,95.0%,D,46.9%,+2.6%,2.8%,179
Grandmaster,EUW,16.3,157,Zilean,sup,64.4%,D,46.4%,-6.2%,2.6%,168
Grandmaster,EUW,16.3,158,Kalista,adc,84.4%,D,47.0%,+2.9%,1.8%,117
Grandmaster,EUW,16.3,159,Cho'Gath,top,61.7%,D,47.0%,+2.0%,1.8%,115
Grandmaster,EUW,16.3,160,Gnar,top,99.0%,D,46.2%,-7.2%,3.7%,238
Grandmaster,EUW,16.3,161,Nocturne,jun,83.7%,D,46.8%,-3.5%,1.9%,126
Grandmaster,EUW,16.3,162,Xerath,mid,71.9%,D,46.5%,-1.3%,1.6%,101
Grandmaster,EUW,16.3,163,Milio,sup,99.8%,D,45.6%,-4.5%,3.9%,252
Grandmaster,EUW,16.3,164,Sion,mid,15.3%,D,46.0%,-13.1%,1.7%,113
Grandmaster,EUW,16.3,165,Garen,top,88.8%,D,45.9%,-2.6%,2.6%,170
Grandmaster,EUW,16.3,166,Aurelion Sol,mid,61.6%,D,45.2%,-5.9%,2.9%,186
Grandmaster,EUW,16.3,167,Darius,top,96.8%,D,43.7%,-6.5%,3.0%,197
Grandmaster,EUW,16.3,168,Karthus,jun,66.4%,D,44.8%,-7.0%,1.8%,116
Grandmaster,EUW,16.3,169,Kled,top,91.7%,D,44.5%,-11.4%,2.2%,146
Grandmaster,EUW,16.3,170,Lucian,adc,96.3%,D,43.0%,-7.5%,5.8%,374
Grandmaster,EUW,16.3,171,Hwei,mid,75.6%,D,44.4%,-8.7%,1.9%,126
Grandmaster,EUW,16.3,172,Mordekaiser,top,90.3%,D,44.0%,-2.6%,1.7%,109
Grandmaster,EUW,16.3,173,Aurora,mid,65.1%,D,43.1%,-9.1%,3.6%,232
Grandmaster,EUW,16.3,174,Cassiopeia,mid,46.5%,D,43.0%,-8.9%,2.0%,128
Grandmaster,EUW,16.3,175,Aurelion Sol,adc,29.9%,D,41.9%,-11.0%,2.6%,167
Grandmaster,EUW,16.3,176,Dr.Mundo,top,45.9%,D,40.9%,-6.0%,2.9%,186
Grandmaster,EUW,16.3,177,Kayn,jun,94.1%,D,41.4%,+0.4%,2.3%,152
Grandmaster,EUW,16.3,178,Azir,mid,88.8%,D,40.5%,-9.2%,2.9%,190
Grandmaster,EUW,15.24,1,Bel'Veth,jun,98.1%,S+,59.3%,-0.3%,3.8%,432
Grandmaster,EUW,15.24,2,Jax,jun,22.8%,S+,58.5%,-1.2%,1.4%,164
Grandmaster,EUW,15.24,3,Riven,jun,10.5%,S+,57.5%,-18.2%,1.1%,120
Grandmaster,EUW,15.24,4,Zaahen,top,80.1%,S+,53.9%,+2.0%,12.3%,1 394
Grandmaster,EUW,15.24,5,Riven,top,79.6%,S+,55.2%,-5.9%,6.5%,743
Grandmaster,EUW,15.24,6,Swain,adc,31.2%,S+,57.5%,-1.5%,2.7%,306
Grandmaster,EUW,15.24,7,Katarina,mid,94.0%,S+,54.4%,+4.8%,8.2%,928
Grandmaster,EUW,15.24,8,Gwen,jun,26.3%,S+,57.2%,+1.2%,1.2%,138
Grandmaster,EUW,15.24,9,Syndra,mid,89.0%,S+,52.8%,+6.9%,12.7%,1 448
Grandmaster,EUW,15.24,10,Tristana,adc,87.8%,S+,53.2%,-6.6%,11.9%,1 351
Grandmaster,EUW,15.24,11,Vel'Koz,mid,30.9%,S+,57.1%,-3.8%,1.4%,154
Grandmaster,EUW,15.24,12,Seraphine,adc,21.7%,S+,57.0%,-3.2%,1.1%,121
Grandmaster,EUW,15.24,13,Ivern,jun,83.7%,S+,55.9%,-1.0%,3.5%,397
Grandmaster,EUW,15.24,14,Lissandra,mid,91.8%,S+,56.7%,+2.4%,1.6%,180
Grandmaster,EUW,15.24,15,Talon,jun,74.7%,S+,52.9%,-2.7%,8.3%,943
Grandmaster,EUW,15.24,16,Jarvan IV,jun,96.7%,S+,52.5%,-2.8%,12.4%,1 414
Grandmaster,EUW,15.24,17,Kennen,top,77.9%,S+,55.8%,+6.3%,2.7%,312
Grandmaster,EUW,15.24,18,Quinn,top,69.8%,S+,55.8%,+4.1%,2.1%,233
Grandmaster,EUW,15.24,19,Bard,sup,99.4%,S+,51.5%,-2.6%,13.0%,1 477
Grandmaster,EUW,15.24,20,Nidalee,jun,82.3%,S+,54.1%,+7.8%,6.3%,716
Grandmaster,EUW,15.24,21,Ambessa,jun,29.8%,S+,53.1%,-2.8%,6.1%,689
Grandmaster,EUW,15.24,22,Heimerdinger,top,61.0%,S+,56.0%,-0.4%,1.3%,150
Grandmaster,EUW,15.24,23,Shaco,jun,77.5%,S+,53.1%,+0.2%,5.4%,618
Grandmaster,EUW,15.24,24,Elise,sup,60.0%,S+,53.6%,+2.2%,5.1%,578
Grandmaster,EUW,15.24,25,Gangplank,top,91.5%,S+,54.7%,-2.8%,4.0%,453
Grandmaster,EUW,15.24,26,Teemo,top,79.9%,S+,55.3%,-3.2%,1.3%,152
Grandmaster,EUW,15.24,27,Annie,mid,80.6%,S+,55.5%,-18.1%,1.0%,119
Grandmaster,EUW,15.24,28,Braum,sup,99.9%,S+,52.5%,-3.3%,6.4%,728
Grandmaster,EUW,15.24,29,Zyra,jun,45.8%,S+,55.3%,+6.2%,1.4%,161
Grandmaster,EUW,15.24,30,Sylas,top,6.4%,S+,53.7%,-10.6%,1.1%,123
Grandmaster,EUW,15.24,31,Syndra,adc,8.9%,S,53.4%,-18.2%,1.3%,146
Grandmaster,EUW,15.24,32,Shen,top,89.7%,S,53.5%,+7.1%,5.0%,564
Grandmaster,EUW,15.24,33,Aurelion Sol,mid,59.8%,S,54.9%,-5.9%,1.7%,195
Grandmaster,EUW,15.24,34,Hecarim,jun,99.6%,S,53.9%,+5.2%,3.9%,438
Grandmaster,EUW,15.24,35,Orianna,mid,98.0%,S,51.4%,+2.8%,10.8%,1 230
Grandmaster,EUW,15.24,36,Aphelios,adc,98.6%,S,52.6%,+1.4%,8.5%,970
Grandmaster,EUW,15.24,37,Elise,jun,35.7%,S,53.2%,-6.8%,3.7%,425
Grandmaster,EUW,15.24,38,Janna,sup,98.3%,S,50.6%,+3.4%,11.9%,1 349
Grandmaster,EUW,15.24,39,Sona,sup,98.9%,S,52.6%,+1.7%,7.7%,875
Grandmaster,EUW,15.24,40,Zed,jun,43.8%,S,51.8%,-3.4%,5.4%,612
Grandmaster,EUW,15.24,41,Kayle,top,58.2%,S,54.5%,+6.1%,1.3%,143
Grandmaster,EUW,15.24,42,Ahri,mid,94.8%,S,52.4%,+0.2%,8.4%,958
Grandmaster,EUW,15.24,43,Miss Fortune,adc,99.2%,S,50.2%,+3.6%,15.6%,1 768
Grandmaster,EUW,15.24,44,Taliyah,mid,73.8%,S,53.4%,+4.2%,4.5%,509
Grandmaster,EUW,15.24,45,Yasuo,mid,56.3%,S,52.3%,-0.7%,4.6%,518
Grandmaster,EUW,15.24,46,Swain,mid,27.7%,S,54.1%,+12.4%,1.8%,205
Grandmaster,EUW,15.24,47,Taric,sup,94.5%,S,53.8%,+6.7%,3.3%,372
Grandmaster,EUW,15.24,48,Kled,top,87.9%,S,54.1%,-11.4%,2.3%,257
Grandmaster,EUW,15.24,49,Vel'Koz,sup,44.8%,S,54.3%,+12.1%,1.2%,138
Grandmaster,EUW,15.24,50,Illaoi,top,92.7%,S,54.1%,-2.4%,1.6%,183
Grandmaster,EUW,15.24,51,Jayce,top,33.7%,S,51.0%,-6.4%,6.5%,733
Grandmaster,EUW,15.24,52,Lux,sup,27.6%,A,53.8%,-7.0%,2.3%,260
Grandmaster,EUW,15.24,53,Akshan,mid,88.6%,A,51.4%,-7.8%,5.2%,591
Grandmaster,EUW,15.24,54,Pyke,sup,98.3%,A,50.6%,+2.9%,7.2%,815
Grandmaster,EUW,15.24,55,Samira,adc,98.7%,A,52.9%,+13.0%,3.9%,446
Grandmaster,EUW,15.24,56,Zac,jun,59.1%,A,52.8%,-0.5%,3.0%,345
Grandmaster,EUW,15.24,57,Sylas,mid,38.5%,A,50.5%,+1.3%,6.6%,750
Grandmaster,EUW,15.24,58,Nami,sup,99.8%,A,50.5%,-3.5%,15.5%,1 766
Grandmaster,EUW,15.24,59,Tristana,mid,11.2%,A,52.6%,-0.2%,1.7%,194
Grandmaster,EUW,15.24,60,Qiyana,mid,27.2%,A,52.0%,+5.3%,1.6%,179
Grandmaster,EUW,15.24,61,Taliyah,jun,19.8%,A,53.5%,-2.0%,1.1%,127
Grandmaster,EUW,15.24,62,Ziggs,adc,76.8%,A,53.1%,+3.2%,2.8%,318
Grandmaster,EUW,15.24,63,Lucian,adc,96.7%,A,51.0%,-7.5%,9.6%,1 096
Grandmaster,EUW,15.24,64,Rumble,top,85.7%,A,51.4%,-0.7%,5.9%,667
Grandmaster,EUW,15.24,65,Yunara,adc,99.2%,A,49.4%,-1.0%,13.1%,1 486
Grandmaster,EUW,15.24,66,Poppy,sup,62.3%,A,51.2%,-2.2%,3.3%,373
Grandmaster,EUW,15.24,67,Anivia,mid,69.3%,A,52.6%,-4.3%,3.3%,371
Grandmaster,EUW,15.24,68,Jinx,adc,99.8%,A,52.1%,+2.5%,5.7%,651
Grandmaster,EUW,15.24,69,Milio,sup,99.8%,A,51.7%,-4.5%,5.8%,660
Grandmaster,EUW,15.24,70,Ashe,adc,94.7%,A,51.2%,-4.3%,8.2%,936
Grandmaster,EUW,15.24,71,Zed,mid,51.4%,A,50.6%,-3.9%,4.4%,500
Grandmaster,EUW,15.24,72,Lulu,sup,98.5%,A,50.5%,+1.7%,8.5%,971
Grandmaster,EUW,15.24,73,Nunu,jun,82.1%,A,52.0%,+12.9%,4.5%,512
Grandmaster,EUW,15.24,74,Jax,top,74.9%,A,50.0%,+2.3%,6.0%,686
Grandmaster,EUW,15.24,75,Alistar,sup,99.3%,A,51.3%,-0.8%,5.6%,632
Grandmaster,EUW,15.24,76,Gragas,top,67.3%,A,52.6%,-3.8%,2.7%,308
Grandmaster,EUW,15.24,77,Qiyana,jun,68.6%,B,49.6%,+1.3%,7.1%,805
Grandmaster,EUW,15.24,78,Sylas,jun,49.5%,B,49.4%,+7.1%,7.4%,844
Grandmaster,EUW,15.24,79,Rell,sup,99.8%,B,50.4%,+3.1%,8.7%,993
Grandmaster,EUW,15.24,80,Dr.Mundo,top,59.9%,B,52.0%,-6.0%,2.9%,329
Grandmaster,EUW,15.24,81,Warwick,top,51.1%,B,52.8%,+0.5%,1.1%,123
Grandmaster,EUW,15.24,82,Viktor,mid,91.3%,B,51.1%,+4.1%,6.2%,700
Grandmaster,EUW,15.24,83,Yasuo,adc,13.2%,B,51.2%,-3.6%,2.1%,244
Grandmaster,EUW,15.24,84,Jayce,mid,11.1%,B,50.7%,-1.8%,2.7%,304
Grandmaster,EUW,15.24,85,Naafiri,mid,35.7%,B,52.1%,-2.4%,1.4%,163
Grandmaster,EUW,15.24,86,Rengar,jun,88.3%,B,49.8%,-4.7%,5.4%,608
Grandmaster,EUW,15.24,87,Draven,adc,94.8%,B,49.8%,+2.2%,5.5%,623
Grandmaster,EUW,15.24,88,Pantheon,top,28.5%,B,52.5%,-3.0%,1.2%,139
Grandmaster,EUW,15.24,89,Aurora,top,30.2%,B,52.0%,-4.3%,2.2%,248
Grandmaster,EUW,15.24,90,Sion,mid,12.4%,B,52.5%,-13.1%,1.1%,120
Grandmaster,EUW,15.24,91,Irelia,top,60.5%,B,50.6%,-2.2%,3.7%,415
Grandmaster,EUW,15.24,92,Gnar,top,98.0%,B,52.0%,-7.2%,2.8%,321
Grandmaster,EUW,15.24,93,Malzahar,mid,90.3%,C,51.5%,-8.9%,3.4%,388
Grandmaster,EUW,15.24,94,Thresh,sup,99.9%,C,50.4%,+4.0%,7.4%,844
Grandmaster,EUW,15.24,95,Karma,sup,93.3%,C,48.4%,-1.1%,12.6%,1 429
Grandmaster,EUW,15.24,96,Aurelion Sol,adc,35.2%,C,52.1%,-11.0%,1.7%,188
Grandmaster,EUW,15.24,97,Aatrox,jun,51.0%,C,49.0%,-2.6%,7.2%,820
Grandmaster,EUW,15.24,98,Wukong,jun,81.7%,C,51.6%,+9.7%,3.0%,345
Grandmaster,EUW,15.24,99,Diana,jun,69.2%,C,49.1%,+0.4%,9.3%,1 058
Grandmaster,EUW,15.24,100,Akali,top,23.9%,C,50.2%,-3.6%,1.9%,215
Grandmaster,EUW,15.24,101,Leona,sup,99.8%,C,50.4%,+1.5%,6.0%,684
Grandmaster,EUW,15.24,102,K'Sante,top,94.9%,C,50.3%,+2.9%,6.3%,715
Grandmaster,EUW,15.24,103,Ezreal,adc,97.8%,C,49.2%,+1.6%,10.1%,1 144
Grandmaster,EUW,15.24,104,Caitlyn,adc,95.8%,C,49.4%,+0.8%,7.7%,871
Grandmaster,EUW,15.24,105,Swain,top,21.3%,C,51.5%,+10.7%,1.7%,196
Grandmaster,EUW,15.24,106,Rakan,sup,99.0%,C,49.9%,+2.8%,7.4%,837
Grandmaster,EUW,15.24,107,Ryze,mid,79.4%,C,49.8%,-2.1%,6.0%,681
Grandmaster,EUW,15.24,108,Zoe,mid,78.7%,C,50.3%,-3.2%,4.4%,499
Grandmaster,EUW,15.24,109,Vladimir,mid,51.4%,C,50.1%,+0.4%,3.1%,349
Grandmaster,EUW,15.24,110,Jhin,adc,98.2%,C,48.6%,-2.2%,11.4%,1 298
Grandmaster,EUW,15.24,111,Xayah,adc,99.4%,C,51.2%,+10.4%,2.5%,289
Grandmaster,EUW,15.24,112,Smolder,adc,82.3%,C,50.1%,+6.6%,5.5%,629
Grandmaster,EUW,15.24,113,Darius,top,92.5%,C,49.0%,-6.5%,5.6%,637
Grandmaster,EUW,15.24,114,Fiora,top,97.3%,C,48.5%,-2.6%,5.6%,631
Grandmaster,EUW,15.24,115,Quinn,mid,27.4%,C,50.9%,-12.9%,1.5%,171
Grandmaster,EUW,15.24,116,Kai'Sa,adc,98.3%,C,47.7%,-0.6%,16.3%,1 856
Grandmaster,EUW,15.24,117,Cho'Gath,jun,24.8%,C,50.8%,-11.7%,2.3%,258
Grandmaster,EUW,15.24,118,Ekko,jun,57.5%,C,49.7%,-0.3%,3.5%,394
Grandmaster,EUW,15.24,119,Kayn,jun,93.4%,C,50.6%,+0.4%,3.1%,356
Grandmaster,EUW,15.24,120,Blitzcrank,sup,99.5%,C,49.3%,+1.5%,4.3%,493
Grandmaster,EUW,15.24,121,Nautilus,sup,99.1%,C,46.8%,+1.1%,14.6%,1 663
Grandmaster,EUW,15.24,122,Sett,top,91.0%,C,50.7%,-0.4%,2.6%,296
Grandmaster,EUW,15.24,123,Warwick,jun,45.7%,C,51.0%,+3.4%,1.3%,149
Grandmaster,EUW,15.24,124,Sivir,adc,99.0%,C,49.6%,+2.1%,4.8%,550
Grandmaster,EUW,15.24,125,Ambessa,top,64.2%,C,47.1%,-1.7%,8.6%,973
Grandmaster,EUW,15.24,126,Diana,mid,29.6%,C,50.0%,+5.4%,2.1%,238
Grandmaster,EUW,15.24,127,Urgot,top,93.7%,C,50.0%,+2.6%,4.2%,480
Grandmaster,EUW,15.24,128,Zeri,adc,95.6%,C,49.9%,-0.4%,4.7%,535
Grandmaster,EUW,15.24,129,Hwei,adc,21.0%,C,50.9%,+7.9%,1.0%,116
Grandmaster,EUW,15.24,130,Skarner,jun,73.7%,D,50.6%,-10.6%,2.1%,239
Grandmaster,EUW,15.24,131,Vayne,top,31.2%,D,49.0%,+0.3%,4.3%,484
Grandmaster,EUW,15.24,132,Garen,top,88.3%,D,50.1%,-2.6%,3.1%,355
Grandmaster,EUW,15.24,133,Akali,mid,75.8%,D,47.2%,-2.1%,7.7%,878
Grandmaster,EUW,15.24,134,Naafiri,jun,52.5%,D,49.5%,+1.8%,3.6%,404
Grandmaster,EUW,15.24,135,Camille,top,85.2%,D,50.2%,+0.1%,2.7%,309
Grandmaster,EUW,15.24,136,Ornn,top,91.8%,D,49.6%,+1.0%,4.5%,514
Grandmaster,EUW,15.24,137,LeeSin,jun,94.8%,D,48.2%,-0.2%,7.4%,846
Grandmaster,EUW,15.24,138,Rek'Sai,jun,75.5%,D,49.1%,-4.3%,4.3%,491
Grandmaster,EUW,15.24,139,Kayle,mid,40.8%,D,50.0%,+3.4%,1.2%,134
Grandmaster,EUW,15.24,140,Zilean,sup,71.5%,D,49.2%,-6.2%,3.3%,370
Grandmaster,EUW,15.24,141,Irelia,mid,37.7%,D,48.5%,+1.0%,2.6%,293
Grandmaster,EUW,15.24,142,Senna,sup,90.5%,D,49.2%,-1.2%,4.0%,457
Grandmaster,EUW,15.24,143,Karthus,adc,27.3%,D,49.7%,+0.2%,1.4%,159
Grandmaster,EUW,15.24,144,Nocturne,jun,86.3%,D,49.6%,-3.5%,2.2%,246
Grandmaster,EUW,15.24,145,Graves,jun,97.7%,D,49.8%,-5.9%,1.8%,207
Grandmaster,EUW,15.24,146,Kassadin,mid,96.9%,D,48.9%,-2.0%,3.3%,376
Grandmaster,EUW,15.24,147,Neeko,sup,79.3%,D,49.0%,-6.5%,3.8%,435
Grandmaster,EUW,15.24,148,Corki,adc,76.5%,D,48.2%,+0.7%,6.2%,709
Grandmaster,EUW,15.24,149,Yasuo,top,30.1%,D,48.2%,+3.6%,2.4%,278
Grandmaster,EUW,15.24,150,Soraka,sup,97.3%,D,48.6%,+0.3%,4.7%,535
Grandmaster,EUW,15.24,151,Kha'Zix,jun,99.7%,D,48.6%,+1.6%,4.4%,498
Grandmaster,EUW,15.24,152,Leblanc,mid,82.4%,D,47.3%,+1.2%,3.5%,402
Grandmaster,EUW,15.24,153,Malphite,top,57.7%,D,46.7%,-1.7%,5.1%,580
Grandmaster,EUW,15.24,154,Vayne,adc,64.1%,D,47.7%,-2.3%,3.6%,413
Grandmaster,EUW,15.24,155,Singed,top,82.9%,D,48.7%,+8.1%,2.7%,302
Grandmaster,EUW,15.24,156,Aatrox,top,47.4%,D,46.2%,+3.3%,6.6%,744
Grandmaster,EUW,15.24,157,Vi,jun,94.6%,D,49.0%,-2.7%,1.8%,206
Grandmaster,EUW,15.24,158,Pantheon,sup,39.0%,D,48.4%,+9.3%,3.0%,345
Grandmaster,EUW,15.24,159,Ekko,mid,39.6%,D,46.6%,-0.6%,6.7%,761
Grandmaster,EUW,15.24,160,Cassiopeia,mid,41.7%,D,48.6%,-8.9%,1.9%,220
Grandmaster,EUW,15.24,161,Galio,mid,85.5%,D,47.8%,-3.2%,4.7%,536
Grandmaster,EUW,15.24,162,Yorick,top,96.5%,D,48.3%,+2.6%,1.8%,203
Grandmaster,EUW,15.24,163,Aurora,mid,68.1%,D,47.8%,-9.1%,3.8%,429
Grandmaster,EUW,15.24,164,Udyr,jun,66.9%,D,48.8%,-8.8%,1.5%,168
Grandmaster,EUW,15.24,165,Fizz,mid,88.2%,D,48.5%,+5.6%,1.5%,171
Grandmaster,EUW,15.24,166,Lux,mid,45.5%,D,48.4%,+6.9%,2.4%,275
Grandmaster,EUW,15.24,167,Twisted Fate,mid,91.9%,D,48.4%,+0.5%,2.4%,273
Grandmaster,EUW,15.24,168,Sion,top,83.4%,D,46.7%,+3.1%,6.9%,781
Grandmaster,EUW,15.24,169,Zaahen,jun,15.9%,D,46.6%,+13.5%,2.1%,236
Grandmaster,EUW,15.24,170,Nilah,adc,98.6%,D,48.3%,+7.5%,1.8%,205
Grandmaster,EUW,15.24,171,Kindred,jun,97.3%,D,48.1%,-0.1%,2.3%,262
Grandmaster,EUW,15.24,172,Azir,mid,90.9%,D,48.0%,-9.2%,2.4%,277
Grandmaster,EUW,15.24,173,Nasus,jun,9.6%,D,48.3%,-23.1%,1.1%,120
Grandmaster,EUW,15.24,174,Varus,adc,77.1%,D,47.5%,-5.1%,3.7%,425
Grandmaster,EUW,15.24,175,Xin Zhao,jun,96.0%,D,47.5%,+2.3%,3.8%,432
Grandmaster,EUW,15.24,176,Renekton,top,93.7%,D,46.2%,+2.6%,4.7%,530
Grandmaster,EUW,15.24,177,Varus,top,18.5%,D,48.3%,+1.1%,1.0%,116
Grandmaster,EUW,15.24,178,Yuumi,sup,99.5%,D,47.3%,+0.9%,3.5%,400
Grandmaster,EUW,15.24,179,Gwen,top,67.5%,D,47.0%,-2.2%,2.8%,317
Grandmaster,EUW,15.24,180,Mel,mid,55.3%,D,45.5%,+12.7%,4.7%,539
Grandmaster,EUW,15.24,181,Seraphine,sup,72.1%,D,47.9%,-0.1%,2.3%,259
Grandmaster,EUW,15.24,182,Ziggs,mid,21.5%,D,47.9%,+21.6%,1.2%,140
Grandmaster,EUW,15.24,183,Vex,mid,96.3%,D,47.8%,-11.6%,1.2%,134
Grandmaster,EUW,15.24,184,Smolder,mid,13.6%,D,47.7%,+7.4%,1.1%,128
Grandmaster,EUW,15.24,185,Briar,jun,89.0%,D,47.6%,+2.6%,1.6%,187
Grandmaster,EUW,15.24,186,Yone,mid,54.4%,D,46.8%,+1.1%,4.0%,457
Grandmaster,EUW,15.24,187,Kalista,adc,92.8%,D,47.3%,+2.9%,2.6%,292
Grandmaster,EUW,15.24,188,Viego,jun,94.9%,D,45.2%,+3.1%,7.3%,828
Grandmaster,EUW,15.24,189,Hwei,mid,71.0%,D,46.7%,-8.7%,3.1%,351
Grandmaster,EUW,15.24,190,Karthus,jun,66.7%,D,46.4%,-7.0%,3.0%,345
Grandmaster,EUW,15.24,191,Jayce,jun,54.9%,D,43.7%,-0.9%,7.5%,849
Grandmaster,EUW,15.24,192,Vladimir,top,46.4%,D,45.7%,-1.7%,2.9%,328
Grandmaster,EUW,15.24,193,Xerath,mid,74.7%,D,46.8%,-1.3%,2.6%,293
Grandmaster,EUW,15.24,194,Kog'Maw,adc,86.7%,D,46.9%,+4.4%,1.9%,211
Grandmaster,EUW,15.24,195,Morgana,mid,44.9%,D,46.8%,-9.1%,1.1%,126
Grandmaster,EUW,15.24,196,Master Yi,jun,88.5%,D,46.2%,-6.7%,1.7%,197
Grandmaster,EUW,15.24,197,Renata,sup,99.7%,D,46.2%,+3.9%,1.8%,199
Grandmaster,EUW,15.24,198,Mordekaiser,top,89.0%,D,45.9%,-2.6%,1.9%,220
Grandmaster,EUW,15.24,199,Mel,adc,28.9%,D,43.6%,+3.2%,4.1%,470
Grandmaster,EUW,15.24,200,Twitch,adc,85.2%,D,45.1%,+0.6%,4.0%,457
Grandmaster,EUW,15.24,201,Swain,sup,19.8%,D,45.6%,-2.5%,1.0%,114
Grandmaster,EUW,15.24,202,Veigar,mid,61.3%,D,45.4%,-0.5%,2.5%,280
Grandmaster,EUW,15.24,203,Malphite,jun,34.8%,D,42.9%,-16.5%,3.2%,368
Grandmaster,EUW,15.24,204,Sejuani,jun,49.3%,D,45.2%,-3.5%,1.3%,146
Grandmaster,EUW,15.24,205,Olaf,top,83.3%,D,44.6%,+0.6%,2.2%,251
Grandmaster,EUW,15.24,206,Lillia,jun,98.7%,D,45.0%,+12.6%,1.2%,131
Grandmaster,EUW,15.24,207,Trundle,top,32.0%,D,45.1%,-2.8%,1.1%,122
Grandmaster,EUW,15.24,208,Nasus,top,76.3%,D,45.0%,-2.1%,1.1%,129
Grandmaster,EUW,15.24,209,Tryndamere,top,74.2%,D,44.7%,+7.8%,1.2%,132
Grandmaster,EUW,15.24,210,Cho'Gath,top,55.8%,D,43.3%,+2.0%,3.1%,356
Grandmaster,EUW,15.24,211,Volibear,top,63.7%,D,43.5%,+2.4%,1.4%,154
Grandmaster,EUW,15.24,212,Dr.Mundo,jun,34.4%,D,42.7%,-5.1%,2.2%,253
Grandmaster,EUW,15.24,213,Pantheon,jun,22.0%,D,42.6%,-5.2%,1.0%,115
Grandmaster,EUW,15.24,214,Yone,top,44.1%,D,41.8%,+1.6%,2.0%,225
Grandmaster,EUW,15.24,215,Corki,mid,20.0%,D,40.6%,+5.0%,1.5%,170
Challenger,TOUT,16.3,1,Cassiopeia,top,35.3%,S+,61.4%,+9.1%,1.4%,251
Challenger,TOUT,16.3,2,Rek'Sai,jun,84.0%,S+,57.5%,+6.1%,4.2%,750
Challenger,TOUT,16.3,3,Singed,top,81.6%,S+,57.6%,+3.9%,3.7%,661
Challenger,TOUT,16.3,4,Alistar,sup,99.7%,S+,55.1%,+3.3%,8.9%,1 602
Challenger,TOUT,16.3,5,Rumble,top,88.9%,S+,54.4%,+1.7%,7.6%,1 374
Challenger,TOUT,16.3,6,Ahri,mid,95.3%,S+,54.1%,+4.8%,11.4%,2 060
Challenger,TOUT,16.3,7,Yasuo,adc,18.6%,S+,55.5%,-1.3%,2.1%,373
Challenger,TOUT,16.3,8,Riven,top,87.4%,S+,54.7%,+1.4%,4.8%,869
Challenger,TOUT,16.3,9,Veigar,adc,34.6%,S+,57.1%,+3.6%,1.3%,240
Challenger,TOUT,16.3,10,Kennen,top,86.9%,S+,55.2%,+1.9%,4.8%,867
Challenger,TOUT,16.3,11,Swain,adc,40.8%,S+,56.2%,+4.4%,2.2%,388
Challenger,TOUT,16.3,12,Aatrox,jun,31.4%,S+,55.5%,+2.9%,3.2%,573
Challenger,TOUT,16.3,13,Zoe,mid,77.0%,S+,53.6%,-1.3%,5.7%,1 032
Challenger,TOUT,16.3,14,Kayle,mid,31.6%,S+,56.3%,+3.6%,1.1%,192
Challenger,TOUT,16.3,15,LeeSin,jun,92.9%,S+,51.5%,+0.0%,12.3%,2 212
Challenger,TOUT,16.3,16,Lux,adc,34.0%,S+,55.3%,+4.1%,1.9%,347
Challenger,TOUT,16.3,17,Bard,sup,99.7%,S+,51.1%,-1.6%,11.6%,2 085
Challenger,TOUT,16.3,18,Sylas,mid,57.4%,S+,52.1%,+4.2%,7.9%,1 423
Challenger,TOUT,16.3,19,Blitzcrank,sup,99.9%,S+,53.6%,+2.3%,4.8%,866
Challenger,TOUT,16.3,20,Jayce,mid,12.4%,S+,53.7%,+1.8%,1.7%,313
Challenger,TOUT,16.3,21,Poppy,top,29.9%,S+,54.3%,+0.3%,1.2%,221
Challenger,TOUT,16.3,22,Neeko,sup,86.9%,S+,53.0%,-1.4%,6.9%,1 250
Challenger,TOUT,16.3,23,Aphelios,adc,99.5%,S+,50.6%,+0.1%,13.4%,2 423
Challenger,TOUT,16.3,24,Cassiopeia,mid,45.1%,S+,54.8%,+3.2%,1.8%,321
Challenger,TOUT,16.3,25,Irelia,top,67.5%,S,52.6%,+1.7%,5.0%,896
Challenger,TOUT,16.3,26,Bel'Veth,jun,98.0%,S,53.7%,+2.1%,2.5%,445
Challenger,TOUT,16.3,27,Rengar,jun,87.4%,S,52.2%,-2.1%,4.6%,829
Challenger,TOUT,16.3,28,Akshan,mid,88.3%,S,53.2%,+0.7%,3.5%,624
Challenger,TOUT,16.3,29,Gwen,top,55.6%,S,52.2%,-0.1%,4.2%,759
Challenger,TOUT,16.3,30,Karma,sup,93.5%,S,50.5%,+3.7%,12.3%,2 218
Challenger,TOUT,16.3,31,Qiyana,mid,39.9%,S,52.2%,+0.2%,3.8%,690
Challenger,TOUT,16.3,32,Braum,sup,100.0%,S,50.7%,-2.0%,8.8%,1 579
Challenger,TOUT,16.3,33,Caitlyn,adc,99.4%,S,49.9%,+1.9%,10.8%,1 952
Challenger,TOUT,16.3,34,Zaahen,jun,44.6%,S,52.2%,+2.9%,5.8%,1 045
Challenger,TOUT,16.3,35,Ivern,jun,79.1%,S,54.1%,+5.6%,1.9%,344
Challenger,TOUT,16.3,36,Syndra,mid,86.2%,A,52.1%,+1.4%,6.4%,1 145
Challenger,TOUT,16.3,37,Poppy,sup,60.5%,A,52.7%,-2.0%,2.5%,448
Challenger,TOUT,16.3,38,Karthus,adc,40.2%,A,53.2%,+3.2%,1.5%,265
Challenger,TOUT,16.3,39,Kai'Sa,adc,97.8%,A,50.6%,+1.5%,19.3%,3 487
Challenger,TOUT,16.3,40,Kindred,jun,95.2%,A,53.2%,+1.3%,2.7%,494
Challenger,TOUT,16.3,41,Zaahen,top,52.6%,A,51.6%,+2.3%,6.8%,1 233
Challenger,TOUT,16.3,42,Anivia,mid,59.5%,A,52.7%,+0.1%,3.7%,673
Challenger,TOUT,16.3,43,Maokai,sup,67.8%,A,54.1%,-5.8%,1.4%,244
Challenger,TOUT,16.3,44,Thresh,sup,99.9%,A,50.6%,-0.2%,10.5%,1 900
Challenger,TOUT,16.3,45,Akali,mid,67.5%,A,50.5%,+2.2%,7.5%,1 347
Challenger,TOUT,16.3,46,Dr.Mundo,jun,58.8%,A,52.7%,+1.2%,4.0%,729
Challenger,TOUT,16.3,47,Aurora,mid,61.1%,A,52.5%,+7.4%,5.0%,902
Challenger,TOUT,16.3,48,Ambessa,top,42.1%,A,50.3%,+1.5%,7.9%,1 426
Challenger,TOUT,16.3,49,Pyke,sup,98.0%,A,50.5%,+2.0%,7.0%,1 254
Challenger,TOUT,16.3,50,Akali,top,31.9%,A,51.5%,+1.0%,3.5%,637
Challenger,TOUT,16.3,51,Nautilus,sup,99.0%,A,49.2%,+0.3%,13.8%,2 484
Challenger,TOUT,16.3,52,Gangplank,top,92.5%,A,52.2%,-0.8%,4.6%,835
Challenger,TOUT,16.3,53,Twisted Fate,mid,94.3%,A,52.8%,-0.5%,4.3%,774
Challenger,TOUT,16.3,54,Ambessa,jun,54.2%,A,49.5%,+1.3%,10.2%,1 836
Challenger,TOUT,16.3,55,Fiora,top,96.9%,A,51.1%,+1.1%,4.8%,872
Challenger,TOUT,16.3,56,Lucian,adc,95.5%,A,50.9%,+0.4%,9.0%,1 630
Challenger,TOUT,16.3,57,Kha'Zix,jun,99.9%,A,49.6%,-1.4%,9.1%,1 640
Challenger,TOUT,16.3,58,Sona,sup,98.6%,A,51.3%,-0.9%,6.4%,1 158
Challenger,TOUT,16.3,59,Ezreal,adc,97.4%,A,49.5%,+3.1%,20.3%,3 662
Challenger,TOUT,16.3,60,Nunu,jun,87.4%,A,52.5%,+2.2%,2.9%,528
Challenger,TOUT,16.3,61,Shaco,jun,82.2%,A,52.1%,+2.6%,2.5%,457
Challenger,TOUT,16.3,62,Darius,top,96.0%,A,51.6%,+1.0%,4.2%,764
Challenger,TOUT,16.3,63,Nami,sup,99.9%,A,49.8%,+0.7%,16.6%,3 001
Challenger,TOUT,16.3,64,Olaf,top,82.0%,A,52.8%,+4.9%,2.3%,415
Challenger,TOUT,16.3,65,Talon,jun,63.6%,A,50.6%,+0.1%,4.6%,828
Challenger,TOUT,16.3,66,Vi,jun,98.3%,A,51.5%,+5.3%,6.5%,1 180
Challenger,TOUT,16.3,67,Karthus,jun,54.2%,A,52.1%,-2.1%,2.0%,357
Challenger,TOUT,16.3,68,Jayce,top,40.0%,A,50.2%,-4.4%,5.6%,1 007
Challenger,TOUT,16.3,69,Qiyana,jun,52.2%,A,50.4%,-1.8%,5.0%,903
Challenger,TOUT,16.3,70,Yunara,adc,99.4%,A,49.2%,-1.8%,15.9%,2 862
Challenger,TOUT,16.3,71,Naafiri,jun,57.5%,A,50.7%,+0.4%,4.5%,810
Challenger,TOUT,16.3,72,Sivir,adc,99.0%,A,50.7%,+1.6%,6.9%,1 244
Challenger,TOUT,16.3,73,Lulu,sup,97.6%,A,49.1%,+1.3%,11.8%,2 124
Challenger,TOUT,16.3,74,Malzahar,mid,88.6%,A,52.6%,+6.0%,2.4%,428
Challenger,TOUT,16.3,75,Vel'Koz,sup,34.3%,A,52.9%,+5.0%,1.2%,225
Challenger,TOUT,16.3,76,Talon,mid,34.6%,B,50.9%,-5.0%,2.5%,450
Challenger,TOUT,16.3,77,Rammus,jun,88.7%,B,52.4%,-2.6%,1.7%,307
Challenger,TOUT,16.3,78,Kalista,adc,88.3%,B,52.9%,+6.4%,1.0%,189
Challenger,TOUT,16.3,79,Vel'Koz,adc,33.4%,B,52.5%,-3.1%,1.2%,219
Challenger,TOUT,16.3,80,Irelia,mid,31.0%,B,51.0%,+3.2%,2.3%,412
Challenger,TOUT,16.3,81,Aurora,top,38.4%,B,51.7%,+1.9%,3.1%,567
Challenger,TOUT,16.3,82,Vladimir,mid,46.1%,B,51.1%,+0.7%,2.9%,528
Challenger,TOUT,16.3,83,Orianna,mid,96.8%,B,49.9%,+0.7%,7.7%,1 383
Challenger,TOUT,16.3,84,Jhin,adc,98.9%,C,49.9%,-0.3%,9.9%,1 789
Challenger,TOUT,16.3,85,Kayle,top,67.1%,C,51.7%,-1.1%,2.3%,408
Challenger,TOUT,16.3,86,Jarvan IV,jun,97.3%,C,50.0%,+1.1%,8.1%,1 469
Challenger,TOUT,16.3,87,Miss Fortune,adc,98.5%,C,51.3%,+2.4%,4.5%,803
Challenger,TOUT,16.3,88,Aurelion Sol,mid,56.0%,C,52.0%,-4.1%,2.0%,358
Challenger,TOUT,16.3,89,Veigar,mid,60.2%,C,51.9%,+1.6%,2.3%,418
Challenger,TOUT,16.3,90,Ashe,adc,94.0%,C,51.3%,+2.9%,4.1%,737
Challenger,TOUT,16.3,91,Renekton,top,95.5%,C,49.7%,+0.4%,6.6%,1 198
Challenger,TOUT,16.3,92,Teemo,top,88.7%,C,51.8%,+1.2%,1.7%,307
Challenger,TOUT,16.3,93,Graves,jun,97.7%,C,50.8%,+2.6%,4.3%,777
Challenger,TOUT,16.3,94,Corki,adc,86.8%,C,49.8%,-1.5%,8.2%,1 472
Challenger,TOUT,16.3,95,Zac,jun,63.0%,C,51.0%,-1.5%,2.9%,527
Challenger,TOUT,16.3,96,Tryndamere,top,80.2%,C,51.7%,+6.8%,1.7%,300
Challenger,TOUT,16.3,97,Hecarim,jun,99.9%,C,49.9%,-0.3%,5.0%,900
Challenger,TOUT,16.3,98,Jinx,adc,99.7%,C,49.2%,-0.7%,10.3%,1 855
Challenger,TOUT,16.3,99,Zed,mid,73.2%,C,48.8%,+1.5%,5.9%,1 071
Challenger,TOUT,16.3,100,Lux,mid,38.4%,C,51.3%,+1.5%,2.2%,392
Challenger,TOUT,16.3,101,Zyra,jun,65.9%,C,51.2%,-4.4%,2.1%,383
Challenger,TOUT,16.3,102,Jax,top,78.7%,C,48.4%,-2.9%,6.9%,1 247
Challenger,TOUT,16.3,103,Soraka,sup,97.1%,C,50.5%,+0.0%,4.7%,840
Challenger,TOUT,16.3,104,Pantheon,sup,34.9%,C,51.3%,+0.1%,2.4%,431
Challenger,TOUT,16.3,105,Nasus,top,70.9%,C,51.4%,+3.1%,2.0%,358
Challenger,TOUT,16.3,106,Jax,jun,17.6%,C,50.0%,+1.6%,1.5%,278
Challenger,TOUT,16.3,107,Leona,sup,100.0%,C,50.0%,-1.1%,6.4%,1 157
Challenger,TOUT,16.3,108,Shen,top,88.4%,C,51.0%,-1.6%,3.5%,626
Challenger,TOUT,16.3,109,Varus,top,26.2%,C,49.4%,-2.5%,3.1%,559
Challenger,TOUT,16.3,110,Seraphine,sup,63.8%,C,50.7%,+3.5%,3.8%,686
Challenger,TOUT,16.3,111,Sylas,jun,28.7%,C,49.3%,-0.5%,3.9%,710
Challenger,TOUT,16.3,112,Milio,sup,99.5%,C,50.0%,+1.9%,5.1%,924
Challenger,TOUT,16.3,113,Nidalee,jun,85.0%,C,50.1%,-1.3%,4.2%,764
Challenger,TOUT,16.3,114,Kayn,jun,94.4%,C,50.8%,+3.4%,3.0%,543
Challenger,TOUT,16.3,115,Janna,sup,99.3%,C,49.8%,-3.8%,5.7%,1 028
Challenger,TOUT,16.3,116,Fiddlesticks,jun,65.8%,C,51.0%,-1.8%,1.9%,347
Challenger,TOUT,16.3,117,Master Yi,jun,89.4%,C,49.8%,-2.2%,2.9%,522
Challenger,TOUT,16.3,118,Xayah,adc,99.6%,C,51.1%,-2.2%,2.5%,454
Challenger,TOUT,16.3,119,Sion,mid,16.8%,C,51.3%,-3.4%,1.2%,224
Challenger,TOUT,16.3,120,Pantheon,jun,26.1%,C,51.1%,+0.7%,1.8%,323
Challenger,TOUT,16.3,121,Varus,adc,70.1%,C,47.6%,-2.6%,8.3%,1 499
Challenger,TOUT,16.3,122,Yasuo,mid,54.7%,C,48.2%,-1.1%,6.1%,1 097
Challenger,TOUT,16.3,123,Aatrox,top,65.9%,C,49.2%,+0.5%,6.7%,1 204
Challenger,TOUT,16.3,124,Kog'Maw,adc,77.4%,C,51.1%,+1.3%,1.7%,305
Challenger,TOUT,16.3,125,Rakan,sup,99.9%,C,49.4%,-1.1%,7.2%,1 294
Challenger,TOUT,16.3,126,Yasuo,top,26.4%,C,49.0%,-0.5%,2.9%,529
Challenger,TOUT,16.3,127,Tristana,adc,75.9%,C,50.1%,-4.8%,4.1%,732
Challenger,TOUT,16.3,128,Mel,adc,37.9%,C,49.2%,+2.2%,2.1%,378
Challenger,TOUT,16.3,129,Jayce,jun,47.3%,C,47.8%,-1.6%,6.6%,1 190
Challenger,TOUT,16.3,130,Udyr,jun,62.0%,C,51.0%,+5.9%,1.1%,204
Challenger,TOUT,16.3,131,Katarina,mid,89.9%,C,48.2%,-3.1%,5.2%,933
Challenger,TOUT,16.3,132,Taliyah,mid,58.9%,C,49.6%,-2.8%,4.7%,855
Challenger,TOUT,16.3,133,Wukong,jun,86.7%,C,50.6%,+4.0%,2.3%,423
Challenger,TOUT,16.3,134,Xin Zhao,jun,97.1%,D,48.6%,-2.5%,7.9%,1 433
Challenger,TOUT,16.3,135,Fizz,mid,89.1%,D,50.4%,+3.7%,2.0%,359
Challenger,TOUT,16.3,136,Gwen,jun,42.6%,D,48.5%,-1.1%,3.2%,581
Challenger,TOUT,16.3,137,Quinn,top,58.5%,D,50.8%,-0.4%,1.0%,183
Challenger,TOUT,16.3,138,Ryze,mid,83.4%,D,47.3%,-1.0%,10.1%,1 820
Challenger,TOUT,16.3,139,Twitch,adc,92.7%,D,49.3%,-0.5%,4.4%,787
Challenger,TOUT,16.3,140,Rell,sup,99.9%,D,49.3%,-0.2%,5.5%,992
Challenger,TOUT,16.3,141,Viego,jun,95.8%,D,45.9%,-1.6%,13.4%,2 423
Challenger,TOUT,16.3,142,Elise,sup,48.1%,D,49.6%,-2.8%,2.5%,456
Challenger,TOUT,16.3,143,Seraphine,adc,30.6%,D,50.5%,-1.6%,1.8%,329
Challenger,TOUT,16.3,144,Taliyah,jun,37.0%,D,49.7%,-2.4%,3.0%,537
Challenger,TOUT,16.3,145,Urgot,top,94.9%,D,50.3%,-1.9%,2.1%,372
Challenger,TOUT,16.3,146,K'Sante,top,95.4%,D,48.5%,+2.4%,6.9%,1 241
Challenger,TOUT,16.3,147,Lissandra,mid,89.3%,D,49.9%,-2.2%,2.5%,457
Challenger,TOUT,16.3,148,Ekko,mid,43.2%,D,48.7%,-4.1%,3.3%,593
Challenger,TOUT,16.3,149,Garen,top,79.8%,D,50.0%,+4.5%,2.2%,398
Challenger,TOUT,16.3,150,Aurelion Sol,adc,38.2%,D,50.0%,-0.7%,1.4%,244
Challenger,TOUT,16.3,151,Pantheon,top,24.8%,D,49.8%,-3.3%,1.7%,307
Challenger,TOUT,16.3,152,Malphite,top,70.5%,D,47.3%,-1.0%,4.8%,866
Challenger,TOUT,16.3,153,Senna,sup,83.3%,D,49.1%,-4.8%,4.1%,748
Challenger,TOUT,16.3,154,Yone,mid,60.4%,D,48.3%,-1.9%,5.5%,993
Challenger,TOUT,16.3,155,Draven,adc,93.4%,D,47.5%,+1.0%,3.5%,640
Challenger,TOUT,16.3,156,Galio,mid,88.6%,D,47.8%,-2.1%,6.9%,1 242
Challenger,TOUT,16.3,157,Leblanc,mid,80.6%,D,47.3%,-0.8%,4.1%,740
Challenger,TOUT,16.3,158,Kassadin,mid,94.6%,D,47.9%,-4.3%,3.9%,702
Challenger,TOUT,16.3,159,Xerath,mid,78.4%,D,48.8%,-1.5%,3.5%,633
Challenger,TOUT,16.3,160,Ornn,top,96.1%,D,48.8%,-3.2%,4.2%,756
Challenger,TOUT,16.3,161,Malphite,jun,19.7%,D,47.9%,+3.1%,1.3%,242
Challenger,TOUT,16.3,162,Ekko,jun,51.9%,D,47.8%,-2.9%,4.0%,713
Challenger,TOUT,16.3,163,Nocturne,jun,88.5%,D,49.1%,+0.6%,2.2%,399
Challenger,TOUT,16.3,164,Sion,top,78.4%,D,47.8%,-0.7%,5.8%,1 043
Challenger,TOUT,16.3,165,Swain,mid,21.4%,D,49.0%,-2.4%,1.1%,204
Challenger,TOUT,16.3,166,Smolder,adc,78.5%,D,48.1%,+0.1%,4.1%,747
Challenger,TOUT,16.3,167,Briar,jun,80.9%,D,49.0%,+4.5%,1.3%,241
Challenger,TOUT,16.3,168,Sett,top,91.6%,D,48.7%,+2.6%,2.5%,458
Challenger,TOUT,16.3,169,Vladimir,top,40.7%,D,47.9%,-0.4%,2.6%,466
Challenger,TOUT,16.3,170,Zilean,sup,58.4%,D,48.6%,-4.5%,1.9%,346
Challenger,TOUT,16.3,171,Zoe,sup,16.6%,D,47.3%,-3.5%,1.2%,222
Challenger,TOUT,16.3,172,Zeri,adc,95.2%,D,48.6%,-2.5%,2.4%,438
Challenger,TOUT,16.3,173,Vex,mid,92.8%,D,48.5%,-3.8%,1.7%,309
Challenger,TOUT,16.3,174,Diana,jun,66.8%,D,46.8%,-4.3%,4.4%,785
Challenger,TOUT,16.3,175,Camille,top,85.7%,D,48.3%,-3.2%,2.4%,437
Challenger,TOUT,16.3,176,Vayne,top,50.7%,D,47.1%,-1.0%,3.3%,596
Challenger,TOUT,16.3,177,Elise,jun,48.8%,D,47.3%,-5.5%,2.6%,463
Challenger,TOUT,16.3,178,Volibear,top,61.1%,D,48.1%,-0.4%,1.7%,314
Challenger,TOUT,16.3,179,Gnar,top,99.3%,D,47.2%,-3.4%,4.4%,801
Challenger,TOUT,16.3,180,Vayne,adc,46.0%,D,47.0%,-4.7%,3.0%,541
Challenger,TOUT,16.3,181,Taric,sup,96.1%,D,47.8%,-5.9%,2.0%,366
Challenger,TOUT,16.3,182,Morgana,sup,67.8%,D,47.5%,+0.5%,1.6%,297
Challenger,TOUT,16.3,183,Nilah,adc,99.4%,D,47.2%,-5.4%,1.8%,324
Challenger,TOUT,16.3,184,Ziggs,adc,83.9%,D,47.3%,-8.0%,2.6%,469
Challenger,TOUT,16.3,185,Viktor,mid,91.8%,D,46.4%,-1.4%,4.9%,878
Challenger,TOUT,16.3,186,Cho'Gath,top,60.0%,D,47.4%,-2.6%,2.0%,352
Challenger,TOUT,16.3,187,Diana,mid,32.0%,D,46.3%,-0.0%,2.1%,376
Challenger,TOUT,16.3,188,Mel,mid,48.5%,D,45.5%,+0.7%,2.7%,484
Challenger,TOUT,16.3,189,Naafiri,mid,30.4%,D,45.7%,-6.2%,2.4%,429
Challenger,TOUT,16.3,190,Anivia,top,21.6%,D,46.7%,-5.8%,1.4%,244
Challenger,TOUT,16.3,191,Gragas,top,65.8%,D,46.9%,-1.7%,2.5%,458
Challenger,TOUT,16.3,192,Ryze,top,16.2%,D,46.3%,+1.7%,2.0%,354
Challenger,TOUT,16.3,193,Hwei,mid,70.6%,D,47.0%,+2.2%,2.3%,415
Challenger,TOUT,16.3,194,Mordekaiser,top,88.1%,D,46.7%,+0.6%,2.5%,443
Challenger,TOUT,16.3,195,Yuumi,sup,99.9%,D,44.8%,-1.8%,4.1%,736
Challenger,TOUT,16.3,196,Samira,adc,98.3%,D,46.1%,-1.5%,2.6%,464
Challenger,TOUT,16.3,197,Azir,mid,89.7%,D,45.9%,-3.2%,3.6%,643
Challenger,TOUT,16.3,198,Tristana,mid,22.5%,D,46.5%,+2.5%,1.2%,217
Challenger,TOUT,16.3,199,Kled,top,85.2%,D,46.5%,-6.2%,1.4%,254
Challenger,TOUT,16.3,200,Evelynn,jun,97.5%,D,46.0%,-2.5%,1.7%,313
Challenger,TOUT,16.3,201,Swain,sup,19.7%,D,46.3%,+1.0%,1.0%,188
Challenger,TOUT,16.3,202,Lillia,jun,98.5%,D,46.3%,+1.8%,1.4%,257
Challenger,TOUT,16.3,203,Yorick,top,95.2%,D,45.2%,-4.6%,1.9%,334
Challenger,TOUT,16.3,204,Volibear,jun,38.1%,D,44.9%,-5.3%,1.1%,196
Challenger,TOUT,16.3,205,Sylas,top,7.9%,D,43.1%,-8.2%,1.1%,197
Challenger,TOUT,16.3,206,Sejuani,jun,63.4%,D,44.6%,-2.4%,1.1%,204
Challenger,TOUT,16.3,207,Yone,top,37.4%,D,43.2%,-3.7%,3.4%,616
Challenger,TOUT,16.3,208,Zed,jun,15.0%,D,42.3%,-5.8%,1.2%,220
Challenger,TOUT,16.3,209,Dr.Mundo,top,38.7%,D,40.0%,-4.8%,2.7%,480
Challenger,TOUT,16.3,210,Lux,sup,26.5%,D,40.4%,-3.4%,1.5%,270
Challenger,TOUT,15.24,1,Zac,top,25.5%,S+,59.1%,+7.9%,1.0%,296
Challenger,TOUT,15.24,2,Aurelion Sol,adc,41.0%,S+,58.7%,-0.7%,1.4%,409
Challenger,TOUT,15.24,3,Talon,mid,24.2%,S+,56.3%,-5.0%,2.1%,602
Challenger,TOUT,15.24,4,Qiyana,jun,71.4%,S+,53.7%,-1.8%,8.7%,2 561
Challenger,TOUT,15.24,5,Swain,adc,34.9%,S+,57.2%,+4.4%,1.8%,538
Challenger,TOUT,15.24,6,Olaf,top,81.8%,S+,56.8%,+4.9%,1.8%,523
Challenger,TOUT,15.24,7,Riven,top,74.9%,S+,54.0%,+1.4%,6.0%,1 752
Challenger,TOUT,15.24,8,Bel'Veth,jun,97.0%,S+,55.2%,+2.1%,3.0%,886
Challenger,TOUT,15.24,9,Zoe,mid,81.2%,S+,53.9%,-1.3%,5.8%,1 700
Challenger,TOUT,15.24,10,Udyr,jun,70.9%,S+,56.3%,+5.9%,2.0%,575
Challenger,TOUT,15.24,11,Syndra,adc,10.0%,S+,55.8%,+2.2%,1.0%,294
Challenger,TOUT,15.24,12,Nidalee,sup,16.6%,S+,56.0%,-6.1%,1.1%,336
Challenger,TOUT,15.24,13,Poppy,sup,69.2%,S+,53.8%,-2.0%,4.5%,1 334
Challenger,TOUT,15.24,14,LeeSin,jun,93.7%,S+,51.7%,+0.0%,12.0%,3 535
Challenger,TOUT,15.24,15,Kled,top,85.1%,S+,56.1%,-6.2%,1.6%,474
Challenger,TOUT,15.24,16,Fiora,top,97.7%,S+,53.1%,+1.1%,6.3%,1 848
Challenger,TOUT,15.24,17,Taric,sup,92.6%,S+,55.9%,-5.9%,2.0%,597
Challenger,TOUT,15.24,18,Elise,sup,64.4%,S+,53.9%,-2.8%,4.4%,1 279
Challenger,TOUT,15.24,19,Rumble,top,88.2%,S+,53.5%,+1.7%,7.0%,2 051
Challenger,TOUT,15.24,20,Katarina,mid,93.6%,S+,52.6%,-3.1%,6.8%,2 003
Challenger,TOUT,15.24,21,Jax,top,75.8%,S+,52.6%,-2.9%,6.4%,1 866
Challenger,TOUT,15.24,22,Xayah,adc,99.0%,S+,55.0%,-2.2%,3.6%,1 049
Challenger,TOUT,15.24,23,Orianna,mid,97.5%,S+,51.5%,+0.7%,10.7%,3 144
Challenger,TOUT,15.24,24,Draven,adc,93.9%,S+,52.4%,+1.0%,5.5%,1 625
Challenger,TOUT,15.24,25,Kennen,top,79.6%,S+,54.6%,+1.9%,2.8%,809
Challenger,TOUT,15.24,26,Bard,sup,99.6%,S,50.7%,-1.6%,11.5%,3 376
Challenger,TOUT,15.24,27,Nami,sup,99.9%,S,51.7%,+0.7%,15.7%,4 595
Challenger,TOUT,15.24,28,Jayce,mid,10.3%,S,53.0%,+1.8%,2.1%,619
Challenger,TOUT,15.24,29,Zaahen,top,81.9%,S,49.9%,+2.3%,12.1%,3 548
Challenger,TOUT,15.24,30,Jayce,jun,59.4%,S,49.9%,-1.6%,12.1%,3 561
Challenger,TOUT,15.24,31,Ambessa,top,61.4%,S,49.9%,+1.5%,11.3%,3 331
Challenger,TOUT,15.24,32,Qiyana,mid,24.0%,S,52.3%,+0.2%,2.9%,862
Challenger,TOUT,15.24,33,Diana,mid,29.5%,S,53.5%,-0.0%,2.8%,809
Challenger,TOUT,15.24,34,Ekko,mid,39.4%,S,53.5%,-4.1%,3.1%,913
Challenger,TOUT,15.24,35,Ashe,adc,95.3%,S,52.4%,+2.9%,7.3%,2 135
Challenger,TOUT,15.24,36,Sylas,jun,48.4%,S,50.4%,-0.5%,8.8%,2 597
Challenger,TOUT,15.24,37,Fiddlesticks,jun,59.7%,S,54.0%,-1.8%,1.5%,428
Challenger,TOUT,15.24,38,Tristana,adc,85.7%,A,51.6%,-4.8%,8.1%,2 364
Challenger,TOUT,15.24,39,Shaco,jun,81.0%,A,52.3%,+2.6%,2.9%,844
Challenger,TOUT,15.24,40,Nautilus,sup,99.3%,A,49.5%,+0.3%,12.0%,3 513
Challenger,TOUT,15.24,41,Lucian,adc,95.5%,A,50.2%,+0.4%,12.0%,3 536
Challenger,TOUT,15.24,42,Jax,jun,20.4%,A,52.1%,+1.6%,1.7%,503
Challenger,TOUT,15.24,43,Kassadin,mid,96.3%,A,52.8%,-4.3%,3.0%,895
Challenger,TOUT,15.24,44,Sylas,mid,38.0%,A,50.4%,+4.2%,7.0%,2 043
Challenger,TOUT,15.24,45,Swain,top,22.0%,A,53.7%,-5.3%,1.2%,339
Challenger,TOUT,15.24,46,Alistar,sup,98.9%,A,51.5%,+3.3%,7.8%,2 286
Challenger,TOUT,15.24,47,Janna,sup,99.0%,A,51.6%,-3.8%,7.3%,2 150
Challenger,TOUT,15.24,48,Syndra,mid,88.3%,A,50.4%,+1.4%,8.8%,2 593
Challenger,TOUT,15.24,49,Pyke,sup,96.0%,A,50.0%,+2.0%,7.8%,2 299
Challenger,TOUT,15.24,50,Aphelios,adc,98.8%,A,50.9%,+0.1%,9.3%,2 733
Challenger,TOUT,15.24,51,Cho'Gath,top,50.9%,A,53.2%,-2.6%,2.2%,660
Challenger,TOUT,15.24,52,Hecarim,jun,99.8%,A,52.3%,-0.3%,3.8%,1 109
Challenger,TOUT,15.24,53,Blitzcrank,sup,99.6%,A,51.6%,+2.3%,4.6%,1 348
Challenger,TOUT,15.24,54,Miss Fortune,adc,98.8%,A,49.2%,+2.4%,13.2%,3 889
Challenger,TOUT,15.24,55,Lulu,sup,98.1%,A,49.7%,+1.3%,10.6%,3 103
Challenger,TOUT,15.24,56,Zed,mid,48.3%,A,50.7%,+1.5%,4.7%,1 384
Challenger,TOUT,15.24,57,Urgot,top,91.5%,A,52.7%,-1.9%,3.1%,899
Challenger,TOUT,15.24,58,Swain,mid,25.4%,A,53.2%,-2.4%,1.3%,391
Challenger,TOUT,15.24,59,Ivern,jun,84.1%,A,52.8%,+5.6%,2.3%,667
Challenger,TOUT,15.24,60,Master Yi,jun,91.9%,A,51.5%,-2.2%,2.7%,789
Challenger,TOUT,15.24,61,Pantheon,top,24.9%,A,52.7%,-3.3%,1.8%,518
Challenger,TOUT,15.24,62,Anivia,mid,64.3%,A,52.3%,+0.1%,3.2%,928
Challenger,TOUT,15.24,63,Rek'Sai,jun,66.5%,A,52.5%,+6.1%,2.8%,832
Challenger,TOUT,15.24,64,Kalista,adc,95.4%,A,53.0%,+6.4%,1.8%,519
Challenger,TOUT,15.24,65,Taliyah,mid,79.1%,A,51.5%,-2.8%,5.9%,1 737
Challenger,TOUT,15.24,66,Kai'Sa,adc,98.2%,A,49.3%,+1.5%,21.2%,6 225
Challenger,TOUT,15.24,67,Singed,top,85.8%,A,52.7%,+3.9%,2.2%,634
Challenger,TOUT,15.24,68,Irelia,top,61.1%,A,50.7%,+1.7%,4.9%,1 426
Challenger,TOUT,15.24,69,Jayce,top,29.9%,A,49.9%,-4.4%,6.1%,1 795
Challenger,TOUT,15.24,70,Gangplank,top,90.9%,A,52.1%,-0.8%,3.9%,1 145
Challenger,TOUT,15.24,71,Jarvan IV,jun,97.0%,A,50.6%,+1.1%,8.3%,2 447
Challenger,TOUT,15.24,72,Thresh,sup,99.9%,B,50.6%,-0.2%,8.0%,2 361
Challenger,TOUT,15.24,73,Rengar,jun,84.8%,B,50.2%,-2.1%,4.8%,1 413
Challenger,TOUT,15.24,74,Leona,sup,99.9%,B,51.2%,-1.1%,6.5%,1 903
Challenger,TOUT,15.24,75,Evelynn,jun,95.5%,B,52.5%,-2.5%,1.9%,551
Challenger,TOUT,15.24,76,Kha'Zix,jun,99.5%,B,51.6%,-1.4%,4.4%,1 303
Challenger,TOUT,15.24,77,Karthus,jun,62.4%,B,51.6%,-2.1%,2.8%,830
Challenger,TOUT,15.24,78,Lissandra,mid,91.1%,B,52.5%,-2.2%,2.2%,655
Challenger,TOUT,15.24,79,Quinn,top,65.8%,B,51.7%,-0.4%,2.2%,656
Challenger,TOUT,15.24,80,Vi,jun,95.7%,B,52.4%,+5.3%,2.6%,750
Challenger,TOUT,15.24,81,Xin Zhao,jun,95.8%,B,51.5%,-2.5%,5.2%,1 524
Challenger,TOUT,15.24,82,Yasuo,adc,14.4%,B,51.1%,-1.3%,1.4%,421
Challenger,TOUT,15.24,83,Malphite,top,54.7%,B,49.9%,-1.0%,5.3%,1 551
Challenger,TOUT,15.24,84,Teemo,top,78.3%,B,52.4%,+1.2%,1.7%,498
Challenger,TOUT,15.24,85,Sion,top,85.1%,B,51.0%,-0.7%,6.4%,1 873
Challenger,TOUT,15.24,86,Varus,adc,82.5%,B,51.4%,-2.6%,5.0%,1 466
Challenger,TOUT,15.24,87,Gnar,top,98.6%,B,51.9%,-3.4%,3.4%,986
Challenger,TOUT,15.24,88,Leblanc,sup,20.5%,B,50.9%,-4.5%,1.3%,381
Challenger,TOUT,15.24,89,Ahri,mid,94.7%,B,50.7%,+4.8%,7.4%,2 161
Challenger,TOUT,15.24,90,Zac,jun,52.2%,B,51.9%,-1.5%,2.1%,605
Challenger,TOUT,15.24,91,Talon,jun,74.7%,B,49.3%,+0.1%,6.3%,1 857
Challenger,TOUT,15.24,92,Karma,sup,93.3%,B,48.5%,+3.7%,12.0%,3 525
Challenger,TOUT,15.24,93,Braum,sup,99.7%,B,50.2%,-2.0%,6.1%,1 798
Challenger,TOUT,15.24,94,Sett,top,87.2%,B,52.2%,+2.6%,2.2%,650
Challenger,TOUT,15.24,95,Rell,sup,99.9%,B,50.6%,-0.2%,6.9%,2 014
Challenger,TOUT,15.24,96,Neeko,sup,84.1%,B,50.4%,-1.4%,6.2%,1 813
Challenger,TOUT,15.24,97,Diana,jun,68.7%,C,50.4%,-4.3%,6.4%,1 881
Challenger,TOUT,15.24,98,Zilean,sup,64.3%,C,51.9%,-4.5%,2.1%,611
Challenger,TOUT,15.24,99,Yunara,adc,99.0%,C,48.5%,-1.8%,14.9%,4 360
Challenger,TOUT,15.24,100,Aatrox,jun,61.5%,C,48.2%,+2.9%,9.8%,2 868
Challenger,TOUT,15.24,101,Lux,adc,27.8%,C,52.0%,+4.1%,1.8%,525
Challenger,TOUT,15.24,102,Akshan,mid,88.2%,C,50.6%,+0.7%,3.7%,1 090
Challenger,TOUT,15.24,103,Sylas,top,7.2%,C,50.5%,-8.2%,1.3%,388
Challenger,TOUT,15.24,104,Sona,sup,99.1%,C,50.6%,-0.9%,5.2%,1 521
Challenger,TOUT,15.24,105,Lillia,jun,99.8%,C,52.0%,+1.8%,1.8%,535
Challenger,TOUT,15.24,106,Gwen,top,70.7%,C,50.7%,-0.1%,3.9%,1 157
Challenger,TOUT,15.24,107,Ezreal,adc,98.2%,C,48.4%,+3.1%,13.8%,4 044
Challenger,TOUT,15.24,108,Kindred,jun,97.1%,C,50.8%,+1.3%,3.2%,926
Challenger,TOUT,15.24,109,Darius,top,91.2%,C,50.0%,+1.0%,4.3%,1 270
Challenger,TOUT,15.24,110,Aatrox,top,36.9%,C,48.9%,+0.5%,5.9%,1 719
Challenger,TOUT,15.24,111,Seraphine,sup,70.6%,C,51.1%,+3.5%,3.8%,1 103
Challenger,TOUT,15.24,112,Akali,mid,75.7%,C,49.0%,+2.2%,6.9%,2 026
Challenger,TOUT,15.24,113,Jinx,adc,99.6%,C,50.5%,-0.7%,5.6%,1 647
Challenger,TOUT,15.24,114,Vladimir,mid,51.9%,C,50.1%,+0.7%,3.2%,949
Challenger,TOUT,15.24,115,Nidalee,jun,77.7%,C,49.8%,-1.3%,5.4%,1 577
Challenger,TOUT,15.24,116,Twisted Fate,mid,91.8%,C,51.1%,-0.5%,3.1%,908
Challenger,TOUT,15.24,117,Kog'Maw,adc,84.5%,C,51.5%,+1.3%,1.8%,540
Challenger,TOUT,15.24,118,Ryze,mid,83.1%,C,49.7%,-1.0%,6.5%,1 906
Challenger,TOUT,15.24,119,Gwen,jun,22.5%,C,50.9%,-1.1%,1.3%,369
Challenger,TOUT,15.24,120,Veigar,adc,36.1%,C,51.6%,+3.6%,1.1%,320
Challenger,TOUT,15.24,121,Graves,jun,97.9%,C,49.8%,+2.6%,5.5%,1 615
Challenger,TOUT,15.24,122,Karthus,adc,32.1%,C,50.6%,+3.2%,1.5%,427
Challenger,TOUT,15.24,123,Nilah,adc,98.1%,C,51.1%,-5.4%,1.2%,364
Challenger,TOUT,15.24,124,Ekko,jun,56.1%,C,49.9%,-2.9%,4.4%,1 298
Challenger,TOUT,15.24,125,Galio,mid,86.2%,C,50.0%,-2.1%,4.5%,1 321
Challenger,TOUT,15.24,126,Rakan,sup,99.5%,C,49.4%,-1.1%,7.5%,2 199
Challenger,TOUT,15.24,127,Caitlyn,adc,96.4%,C,48.7%,+1.9%,7.1%,2 075
Challenger,TOUT,15.24,128,Leblanc,mid,77.4%,C,48.5%,-0.8%,4.9%,1 438
Challenger,TOUT,15.24,129,Ziggs,adc,78.3%,C,50.7%,-8.0%,2.9%,850
Challenger,TOUT,15.24,130,Mel,adc,34.5%,C,48.8%,+2.2%,3.5%,1 014
Challenger,TOUT,15.24,131,Pantheon,jun,22.4%,C,50.6%,+0.7%,1.6%,466
Challenger,TOUT,15.24,132,Jhin,adc,98.1%,C,48.1%,-0.3%,11.4%,3 352
Challenger,TOUT,15.24,133,Xerath,mid,75.8%,C,50.6%,-1.5%,2.7%,803
Challenger,TOUT,15.24,134,Vayne,top,39.2%,C,50.4%,-1.0%,2.4%,699
Challenger,TOUT,15.24,135,Hwei,adc,24.7%,C,50.9%,-4.9%,1.3%,371
Challenger,TOUT,15.24,136,Twitch,adc,81.5%,C,50.0%,-0.5%,3.8%,1 125
Challenger,TOUT,15.24,137,Irelia,mid,36.6%,C,49.2%,+3.2%,2.9%,853
Challenger,TOUT,15.24,138,Yasuo,top,31.2%,C,48.8%,-0.5%,3.1%,910
Challenger,TOUT,15.24,139,Elise,jun,29.8%,C,49.7%,-5.5%,2.0%,592
Challenger,TOUT,15.24,140,Nunu,jun,84.5%,C,50.6%,+2.2%,2.0%,599
Challenger,TOUT,15.24,141,Quinn,mid,30.4%,C,50.2%,-5.9%,1.0%,303
Challenger,TOUT,15.24,142,Viego,jun,95.2%,D,47.7%,-1.6%,9.7%,2 838
Challenger,TOUT,15.24,143,Samira,adc,98.1%,D,50.4%,-1.5%,2.4%,709
Challenger,TOUT,15.24,144,Cassiopeia,mid,43.1%,D,50.3%,+3.2%,1.8%,527
Challenger,TOUT,15.24,145,Aurelion Sol,mid,55.6%,D,50.5%,-4.1%,1.9%,554
Challenger,TOUT,15.24,146,Morgana,sup,41.9%,D,50.3%,+0.5%,1.3%,380
Challenger,TOUT,15.24,147,Naafiri,mid,37.6%,D,50.2%,-6.2%,1.5%,442
Challenger,TOUT,15.24,148,Zyra,jun,48.1%,D,50.3%,-4.4%,1.7%,489
Challenger,TOUT,15.24,149,Yorick,top,97.7%,D,49.9%,-4.6%,2.0%,595
Challenger,TOUT,15.24,150,Poppy,top,22.8%,D,48.6%,+0.3%,1.5%,440
Challenger,TOUT,15.24,151,Wukong,jun,84.4%,D,49.7%,+4.0%,3.1%,922
Challenger,TOUT,15.24,152,Soraka,sup,97.0%,D,48.8%,+0.0%,5.3%,1 570
Challenger,TOUT,15.24,153,Viktor,mid,91.1%,D,48.1%,-1.4%,7.4%,2 173
Challenger,TOUT,15.24,154,Lux,mid,44.9%,D,49.5%,+1.5%,2.9%,846
Challenger,TOUT,15.24,155,Warwick,top,56.9%,D,50.1%,+7.5%,1.1%,337
Challenger,TOUT,15.24,156,Pantheon,sup,43.3%,D,49.3%,+0.1%,3.1%,901
Challenger,TOUT,15.24,157,Hwei,mid,68.6%,D,49.4%,+2.2%,3.5%,1 029
Challenger,TOUT,15.24,158,Vayne,adc,53.1%,D,49.1%,-4.7%,3.2%,947
Challenger,TOUT,15.24,159,Ambessa,jun,33.6%,D,46.9%,+1.3%,6.2%,1 825
Challenger,TOUT,15.24,160,Senna,sup,90.9%,D,49.5%,-4.8%,2.9%,864
Challenger,TOUT,15.24,161,Taliyah,jun,14.7%,D,49.7%,-2.4%,1.1%,322
Challenger,TOUT,15.24,162,Renekton,top,94.0%,D,47.6%,+0.4%,6.0%,1 753
Challenger,TOUT,15.24,163,Ryze,top,16.6%,D,49.3%,+1.7%,1.3%,381
Challenger,TOUT,15.24,164,Sivir,adc,98.9%,D,47.9%,+1.6%,5.9%,1 725
Challenger,TOUT,15.24,165,Cho'Gath,jun,29.0%,D,49.5%,-12.5%,1.3%,376
Challenger,TOUT,15.24,166,Vladimir,top,45.1%,D,47.9%,-0.4%,2.8%,824
Challenger,TOUT,15.24,167,Kayle,mid,53.4%,D,48.8%,+3.6%,2.3%,687
Challenger,TOUT,15.24,168,Vex,mid,96.9%,D,49.2%,-3.8%,1.6%,463
Challenger,TOUT,15.24,169,Yasuo,mid,54.1%,D,46.5%,-1.1%,5.4%,1 578
Challenger,TOUT,15.24,170,Rek'Sai,top,31.7%,D,49.2%,+3.9%,1.3%,396
Challenger,TOUT,15.24,171,Zed,jun,47.6%,D,46.6%,-5.8%,4.6%,1 364
Challenger,TOUT,15.24,172,Corki,mid,19.5%,D,49.2%,-0.7%,1.1%,325
Challenger,TOUT,15.24,173,Aurora,top,34.6%,D,48.7%,+1.9%,2.0%,575
Challenger,TOUT,15.24,174,Corki,adc,76.6%,D,48.2%,-1.5%,4.4%,1 278
Challenger,TOUT,15.24,175,Tristana,mid,13.0%,D,48.6%,+2.5%,1.2%,360
Challenger,TOUT,15.24,176,Seraphine,adc,23.2%,D,49.0%,-1.6%,1.2%,363
Challenger,TOUT,15.24,177,Milio,sup,99.9%,D,46.8%,+1.9%,7.1%,2 074
Challenger,TOUT,15.24,178,Dr.Mundo,jun,39.0%,D,48.5%,+1.2%,1.9%,571
Challenger,TOUT,15.24,179,Dr.Mundo,top,54.5%,D,48.2%,-4.8%,2.7%,798
Challenger,TOUT,15.24,180,Tryndamere,top,72.8%,D,48.5%,+6.8%,1.8%,515
Challenger,TOUT,15.24,181,Kayn,jun,91.7%,D,48.2%,+3.4%,2.5%,722
Challenger,TOUT,15.24,182,Sylas,sup,6.3%,D,47.2%,-4.1%,1.1%,337
Challenger,TOUT,15.24,183,Akali,top,23.8%,D,47.3%,+1.0%,2.2%,636
Challenger,TOUT,15.24,184,Sejuani,top,47.7%,D,48.9%,+2.1%,1.1%,317
Challenger,TOUT,15.24,185,Shen,top,89.6%,D,48.1%,-1.6%,3.1%,916
Challenger,TOUT,15.24,186,Camille,top,84.1%,D,48.1%,-3.2%,3.3%,966
Challenger,TOUT,15.24,187,Malphite,jun,38.5%,D,46.3%,+3.1%,3.7%,1 090
Challenger,TOUT,15.24,188,Cassiopeia,top,34.8%,D,48.1%,+9.1%,1.5%,426
Challenger,TOUT,15.24,189,Smolder,adc,79.6%,D,46.9%,+0.1%,6.2%,1 831
Challenger,TOUT,15.24,190,Zeri,adc,95.4%,D,47.7%,-2.5%,4.2%,1 239
Challenger,TOUT,15.24,191,Zaahen,jun,13.9%,D,46.6%,+2.9%,2.1%,603
Challenger,TOUT,15.24,192,Smolder,mid,16.1%,D,48.2%,+4.3%,1.3%,371
Challenger,TOUT,15.24,193,Gragas,top,68.3%,D,47.8%,-1.7%,3.1%,897
Challenger,TOUT,15.24,194,Garen,top,84.9%,D,47.7%,+4.5%,2.6%,765
Challenger,TOUT,15.24,195,Renata,sup,99.7%,D,48.2%,+9.7%,1.2%,342
Challenger,TOUT,15.24,196,Aurora,mid,64.5%,D,47.1%,+7.4%,3.7%,1 072
Challenger,TOUT,15.24,197,Kayle,top,44.4%,D,47.5%,-1.1%,1.9%,571
Challenger,TOUT,15.24,198,K'Sante,top,96.0%,D,45.9%,+2.4%,7.3%,2 129
Challenger,TOUT,15.24,199,Zoe,sup,14.6%,D,46.4%,-3.5%,1.0%,306
Challenger,TOUT,15.24,200,Nasus,top,73.1%,D,47.6%,+3.1%,1.3%,378
Challenger,TOUT,15.24,201,Mel,mid,53.5%,D,44.8%,+0.7%,5.4%,1 573
Challenger,TOUT,15.24,202,Vel'Koz,sup,39.9%,D,47.6%,+5.0%,1.1%,309
Challenger,TOUT,15.24,203,Yuumi,sup,99.2%,D,44.9%,-1.8%,3.9%,1 152
Challenger,TOUT,15.24,204,Azir,mid,89.5%,D,46.1%,-3.2%,3.6%,1 043
Challenger,TOUT,15.24,205,Yone,mid,59.1%,D,45.4%,-1.9%,5.0%,1 471
Challenger,TOUT,15.24,206,Veigar,mid,52.9%,D,46.5%,+1.6%,1.6%,469
Challenger,TOUT,15.24,207,Naafiri,jun,51.3%,D,45.9%,+0.4%,2.1%,604
Challenger,TOUT,15.24,208,Nocturne,jun,87.2%,D,46.1%,+0.6%,1.7%,505
Challenger,TOUT,15.24,209,Fizz,mid,88.6%,D,46.0%,+3.7%,1.7%,513
Challenger,TOUT,15.24,210,Volibear,top,67.5%,D,45.7%,-0.4%,1.4%,409
Challenger,TOUT,15.24,211,Yone,top,39.6%,D,45.0%,-3.7%,3.4%,987
Challenger,TOUT,15.24,212,Lux,sup,26.8%,D,45.3%,-3.4%,1.7%,506
Challenger,TOUT,15.24,213,Morgana,mid,46.1%,D,44.9%,-13.4%,1.4%,419
Challenger,TOUT,15.24,214,Mordekaiser,top,88.1%,D,44.4%,+0.6%,2.2%,637
Challenger,TOUT,15.24,215,Malzahar,mid,89.8%,D,44.3%,+6.0%,2.3%,680
Challenger,TOUT,15.24,216,Ornn,top,89.4%,D,43.0%,-3.2%,3.2%,945
Challenger,TOUT,15.24,217,Mel,sup,11.3%,D,40.8%,+2.5%,1.1%,331
Challenger,TOUT,15.24,218,Illaoi,top,91.5%,D,42.3%,-1.8%,1.0%,300
Challenger,TOUT,15.24,219,Sejuani,jun,44.9%,D,42.3%,-2.4%,1.0%,298
Challenger,KR,16.3,1,Rek'Sai,jun,84.0%,S+,65.4%,+13.0%,6.0%,162
Challenger,KR,16.3,2,Zoe,mid,77.0%,S+,63.5%,+10.5%,6.6%,178
Challenger,KR,16.3,3,Alistar,sup,99.7%,S+,57.4%,+1.4%,11.3%,303
Challenger,KR,16.3,4,Rumble,top,88.9%,S+,55.7%,+6.4%,15.2%,409
Challenger,KR,16.3,5,Kennen,top,86.9%,S+,56.3%,+2.9%,8.5%,229
Challenger,KR,16.3,6,Zyra,jun,65.9%,S+,57.0%,-3.5%,5.0%,135
Challenger,KR,16.3,7,Vi,jun,98.3%,S+,54.9%,+11.5%,18.6%,499
Challenger,KR,16.3,8,Twisted Fate,mid,94.3%,S+,56.7%,+5.4%,7.5%,201
Challenger,KR,16.3,9,Miss Fortune,adc,98.5%,S+,56.3%,+0.7%,7.3%,197
Challenger,KR,16.3,10,Aurora,top,38.4%,S+,56.0%,+6.6%,5.6%,150
Challenger,KR,16.3,11,Ahri,mid,95.3%,S+,54.3%,-0.0%,13.1%,352
Challenger,KR,16.3,12,Qiyana,jun,52.2%,S+,54.8%,+1.8%,5.4%,146
Challenger,KR,16.3,13,Jarvan IV,jun,97.3%,S+,54.8%,+6.0%,10.5%,283
Challenger,KR,16.3,14,Poppy,sup,60.5%,S+,54.5%,-0.5%,5.3%,143
Challenger,KR,16.3,15,Rakan,sup,99.9%,S+,54.3%,-1.6%,10.8%,291
Challenger,KR,16.3,16,Olaf,top,82.0%,S+,55.6%,+7.4%,5.4%,144
Challenger,KR,16.3,17,Pyke,sup,98.0%,S+,52.7%,+4.4%,10.2%,275
Challenger,KR,16.3,18,Neeko,sup,86.9%,S+,52.2%,-5.0%,13.6%,366
Challenger,KR,16.3,19,Kai'Sa,adc,97.8%,S+,53.5%,+3.0%,22.6%,609
Challenger,KR,16.3,20,Vayne,top,50.7%,S+,55.9%,+13.9%,3.8%,102
Challenger,KR,16.3,21,Xerath,mid,78.4%,S+,54.9%,+6.4%,5.3%,142
Challenger,KR,16.3,22,Ambessa,top,42.1%,S+,52.0%,+6.2%,10.4%,279
Challenger,KR,16.3,23,Bard,sup,99.7%,S+,51.1%,-1.2%,19.9%,536
Challenger,KR,16.3,24,Ryze,mid,83.4%,S+,50.8%,+1.2%,15.5%,417
Challenger,KR,16.3,25,Fiora,top,96.9%,S+,52.4%,+8.0%,6.1%,164
Challenger,KR,16.3,26,Aphelios,adc,99.5%,S+,50.5%,+4.4%,19.1%,515
Challenger,KR,16.3,27,Akali,mid,67.5%,S,51.3%,-1.2%,8.7%,234
Challenger,KR,16.3,28,Orianna,mid,96.8%,S,50.7%,+1.0%,10.6%,284
Challenger,KR,16.3,29,Aurora,mid,61.1%,S,52.0%,+9.2%,9.1%,246
Challenger,KR,16.3,30,Braum,sup,100.0%,S,50.8%,+2.3%,9.7%,262
Challenger,KR,16.3,31,Zaahen,jun,44.6%,S,52.3%,-14.4%,7.2%,195
Challenger,KR,16.3,32,Jayce,top,40.0%,S,50.2%,-5.8%,9.8%,263
Challenger,KR,16.3,33,Karma,sup,93.5%,A,50.9%,+4.6%,10.1%,273
Challenger,KR,16.3,34,Corki,adc,86.8%,A,52.4%,-1.2%,7.1%,191
Challenger,KR,16.3,35,Nautilus,sup,99.0%,A,50.1%,+5.2%,17.1%,459
Challenger,KR,16.3,36,Pantheon,sup,34.9%,A,52.9%,-3.1%,4.5%,121
Challenger,KR,16.3,37,LeeSin,jun,92.9%,A,49.0%,-3.6%,21.4%,575
Challenger,KR,16.3,38,Ambessa,jun,54.2%,A,48.9%,+1.5%,17.3%,466
Challenger,KR,16.3,39,Yunara,adc,99.4%,A,49.2%,-1.0%,24.0%,646
Challenger,KR,16.3,40,Lucian,adc,95.5%,A,51.3%,+6.5%,8.7%,234
Challenger,KR,16.3,41,Sivir,adc,99.0%,A,51.2%,+3.1%,7.7%,207
Challenger,KR,16.3,42,Jinx,adc,99.7%,A,51.3%,-9.4%,8.6%,232
Challenger,KR,16.3,43,Kha'Zix,jun,99.9%,A,50.6%,+1.6%,5.7%,154
Challenger,KR,16.3,44,Jax,top,78.7%,A,49.3%,-2.5%,8.2%,221
Challenger,KR,16.3,45,Ezreal,adc,97.4%,B,48.1%,-0.7%,31.9%,857
Challenger,KR,16.3,46,Sylas,mid,57.4%,B,49.2%,+0.3%,8.9%,240
Challenger,KR,16.3,47,Irelia,top,67.5%,B,49.7%,-7.7%,5.4%,145
Challenger,KR,16.3,48,Taliyah,jun,37.0%,C,50.8%,-0.8%,4.9%,132
Challenger,KR,16.3,49,Varus,adc,70.1%,C,47.4%,+0.4%,12.0%,323
Challenger,KR,16.3,50,K'Sante,top,95.4%,C,48.5%,+3.1%,11.4%,307
Challenger,KR,16.3,51,Rell,sup,99.9%,C,50.3%,+7.8%,6.4%,171
Challenger,KR,16.3,52,Syndra,mid,86.2%,C,50.9%,-6.5%,4.1%,110
Challenger,KR,16.3,53,Gwen,top,55.6%,C,50.0%,-1.6%,6.2%,166
Challenger,KR,16.3,54,Jhin,adc,98.9%,C,48.1%,-2.3%,12.9%,347
Challenger,KR,16.3,55,Zaahen,top,52.6%,C,48.2%,-4.0%,8.4%,226
Challenger,KR,16.3,56,Caitlyn,adc,99.4%,C,48.4%,-2.0%,6.8%,182
Challenger,KR,16.3,57,Xin Zhao,jun,97.1%,D,47.0%,+1.0%,15.4%,413
Challenger,KR,16.3,58,Nami,sup,99.9%,D,49.2%,-1.9%,4.6%,124
Challenger,KR,16.3,59,Galio,mid,88.6%,D,46.2%,-2.0%,12.2%,329
Challenger,KR,16.3,60,Renekton,top,95.5%,D,47.2%,-2.8%,7.3%,197
Challenger,KR,16.3,61,Lulu,sup,97.6%,D,46.7%,+1.4%,9.7%,261
Challenger,KR,16.3,62,Blitzcrank,sup,99.9%,D,48.0%,+2.4%,5.6%,150
Challenger,KR,16.3,63,Taliyah,mid,58.9%,D,47.2%,-4.2%,7.2%,193
Challenger,KR,16.3,64,Thresh,sup,99.9%,D,46.1%,-4.8%,10.4%,280
Challenger,KR,16.3,65,Sion,top,78.4%,D,47.8%,+1.4%,5.9%,159
Challenger,KR,16.3,66,Ziggs,adc,83.9%,D,47.5%,-13.1%,3.8%,101
Challenger,KR,16.3,67,Azir,mid,89.7%,D,46.9%,-2.0%,4.2%,113
Challenger,KR,16.3,68,Nidalee,jun,85.0%,D,45.2%,-9.6%,6.6%,177
Challenger,KR,16.3,69,Viego,jun,95.8%,D,43.2%,-4.2%,12.4%,333
Challenger,KR,16.3,70,Elise,sup,48.1%,D,44.4%,-7.8%,4.9%,133
Challenger,KR,16.3,71,Qiyana,mid,39.9%,D,44.7%,-20.6%,3.8%,103
Challenger,KR,16.3,72,Aatrox,top,65.9%,D,45.4%,-12.3%,4.4%,119
Challenger,KR,16.3,73,Gnar,top,99.3%,D,44.1%,-10.5%,6.9%,186
Challenger,KR,16.3,74,Akali,top,31.9%,D,42.9%,-1.2%,4.2%,112
Challenger,KR,16.3,75,Yone,mid,60.4%,D,42.9%,-7.4%,7.5%,203
Challenger,KR,16.3,76,Leona,sup,100.0%,D,42.1%,-2.5%,8.9%,240
Challenger,KR,16.3,77,Jayce,jun,47.3%,D,39.4%,-9.0%,4.9%,132
Challenger,KR,15.24,1,Nidalee,sup,16.6%,S+,63.1%,-13.6%,1.9%,111
Challenger,KR,15.24,2,Olaf,top,81.8%,S+,61.7%,+7.4%,2.0%,115
Challenger,KR,15.24,3,Qiyana,jun,71.4%,S+,56.7%,+1.8%,12.7%,723
Challenger,KR,15.24,4,Talon,mid,24.2%,S+,59.4%,-6.4%,2.3%,133
Challenger,KR,15.24,5,Anivia,sup,12.0%,S+,60.2%,-25.8%,1.8%,103
Challenger,KR,15.24,6,Kennen,top,79.6%,S+,59.2%,+2.9%,3.0%,169
Challenger,KR,15.24,7,Gragas,top,68.3%,S+,59.4%,-5.7%,2.8%,160
Challenger,KR,15.24,8,Xayah,adc,99.0%,S+,59.2%,-19.0%,2.2%,125
Challenger,KR,15.24,9,Rumble,top,88.2%,S+,54.5%,+6.4%,17.9%,1 021
Challenger,KR,15.24,10,Alistar,sup,98.9%,S+,55.4%,+1.4%,14.1%,807
Challenger,KR,15.24,11,Fiddlesticks,jun,59.7%,S+,58.0%,-2.3%,2.0%,112
Challenger,KR,15.24,12,Elise,sup,64.4%,S+,55.8%,-7.8%,5.4%,310
Challenger,KR,15.24,13,Maokai,sup,76.0%,S+,58.1%,-15.3%,1.8%,105
Challenger,KR,15.24,14,Draven,adc,93.9%,S+,55.8%,+11.1%,3.3%,190
Challenger,KR,15.24,15,Irelia,top,61.1%,S+,55.9%,-7.7%,3.4%,195
Challenger,KR,15.24,16,Irelia,mid,36.6%,S+,56.2%,+10.4%,2.3%,130
Challenger,KR,15.24,17,Zoe,mid,81.2%,S+,54.7%,+10.5%,5.6%,322
Challenger,KR,15.24,18,Gnar,top,98.6%,S+,55.9%,-10.5%,5.1%,290
Challenger,KR,15.24,19,LeeSin,jun,93.7%,S+,52.3%,-3.6%,17.3%,987
Challenger,KR,15.24,20,Katarina,mid,93.6%,S+,55.6%,-2.4%,4.7%,268
Challenger,KR,15.24,21,Ambessa,top,61.4%,S+,52.0%,+6.2%,20.1%,1 149
Challenger,KR,15.24,22,Ashe,adc,95.3%,S+,54.8%,-0.8%,6.8%,387
Challenger,KR,15.24,23,Orianna,mid,97.5%,S+,51.7%,+1.0%,20.2%,1 154
Challenger,KR,15.24,24,Poppy,sup,69.2%,S+,52.0%,-0.5%,10.7%,613
Challenger,KR,15.24,25,Galio,mid,86.2%,S+,54.7%,-2.0%,5.8%,331
Challenger,KR,15.24,26,Thresh,sup,99.9%,S+,54.3%,-4.8%,6.4%,368
Challenger,KR,15.24,27,Evelynn,jun,95.5%,S+,55.7%,-25.1%,2.1%,122
Challenger,KR,15.24,28,Talon,jun,74.7%,S+,52.6%,-3.4%,6.2%,352
Challenger,KR,15.24,29,Aphelios,adc,98.8%,S+,51.7%,+4.4%,14.6%,834
Challenger,KR,15.24,30,Wukong,jun,84.4%,S+,54.6%,-1.4%,3.6%,207
Challenger,KR,15.24,31,Pyke,sup,96.0%,S,51.2%,+4.4%,8.9%,508
Challenger,KR,15.24,32,Vi,jun,95.7%,S,53.8%,+11.5%,5.0%,288
Challenger,KR,15.24,33,Jayce,jun,59.4%,S,50.1%,-9.0%,22.3%,1 271
Challenger,KR,15.24,34,Nautilus,sup,99.3%,S,50.8%,+5.2%,15.5%,886
Challenger,KR,15.24,35,Zyra,jun,48.1%,S,53.9%,-3.5%,2.7%,152
Challenger,KR,15.24,36,Kai'Sa,adc,98.2%,S,51.3%,+3.0%,21.0%,1 196
Challenger,KR,15.24,37,Ryze,mid,83.1%,S,51.6%,+1.2%,10.2%,580
Challenger,KR,15.24,38,Rek'Sai,jun,66.5%,S,53.8%,+13.0%,3.0%,169
Challenger,KR,15.24,39,Singed,top,85.8%,S,53.7%,-7.1%,3.1%,175
Challenger,KR,15.24,40,Ekko,mid,39.4%,S,53.8%,-9.7%,2.1%,119
Challenger,KR,15.24,41,Ezreal,adc,98.2%,S,50.4%,-0.7%,20.2%,1 155
Challenger,KR,15.24,42,Varus,adc,82.5%,A,51.8%,+0.4%,8.9%,508
Challenger,KR,15.24,43,Syndra,mid,88.3%,A,50.5%,-6.5%,11.8%,675
Challenger,KR,15.24,44,Miss Fortune,adc,98.8%,A,49.3%,+0.7%,14.0%,800
Challenger,KR,15.24,45,Nidalee,jun,77.7%,A,51.1%,-9.6%,7.0%,397
Challenger,KR,15.24,46,Neeko,sup,84.1%,A,49.5%,-5.0%,12.9%,736
Challenger,KR,15.24,47,Anivia,mid,64.3%,A,52.4%,-4.5%,4.4%,252
Challenger,KR,15.24,48,Hwei,mid,68.6%,A,53.3%,-2.9%,3.2%,184
Challenger,KR,15.24,49,Akali,mid,75.7%,A,51.2%,-1.2%,7.2%,412
Challenger,KR,15.24,50,Xin Zhao,jun,95.8%,A,50.6%,+1.0%,10.9%,620
Challenger,KR,15.24,51,Seraphine,sup,70.6%,A,52.7%,-4.5%,4.2%,241
Challenger,KR,15.24,52,Gangplank,top,90.9%,A,52.8%,-1.9%,3.5%,197
Challenger,KR,15.24,53,Sion,top,85.1%,A,50.5%,+1.4%,10.4%,592
Challenger,KR,15.24,54,Tristana,adc,85.7%,A,51.1%,-1.6%,7.1%,405
Challenger,KR,15.24,55,Aatrox,jun,61.5%,A,48.3%,+10.7%,16.9%,967
Challenger,KR,15.24,56,Rell,sup,99.9%,A,50.9%,+7.8%,8.5%,483
Challenger,KR,15.24,57,Jarvan IV,jun,97.0%,A,51.5%,+6.0%,6.4%,367
Challenger,KR,15.24,58,Taliyah,mid,79.1%,A,50.3%,-4.2%,10.1%,578
Challenger,KR,15.24,59,Cassiopeia,adc,21.7%,A,51.4%,+0.3%,2.4%,138
Challenger,KR,15.24,60,Yunara,adc,99.0%,B,48.1%,-1.0%,27.9%,1 591
Challenger,KR,15.24,61,Blitzcrank,sup,99.6%,B,51.2%,+2.4%,5.2%,297
Challenger,KR,15.24,62,Fiora,top,97.7%,B,51.0%,+8.0%,2.7%,155
Challenger,KR,15.24,63,Janna,sup,99.0%,B,51.8%,+1.9%,4.0%,226
Challenger,KR,15.24,64,Jax,top,75.8%,B,49.7%,-2.5%,6.3%,360
Challenger,KR,15.24,65,Master Yi,jun,91.9%,B,51.0%,-4.6%,2.7%,153
Challenger,KR,15.24,66,Lucian,adc,95.5%,B,48.9%,+6.5%,12.3%,702
Challenger,KR,15.24,67,Ahri,mid,94.7%,B,51.0%,-0.0%,6.3%,361
Challenger,KR,15.24,68,Jinx,adc,99.6%,C,51.8%,-9.4%,3.4%,193
Challenger,KR,15.24,69,Gwen,top,70.7%,C,51.6%,-1.6%,3.3%,190
Challenger,KR,15.24,70,Akshan,mid,88.2%,C,49.6%,+3.0%,4.5%,256
Challenger,KR,15.24,71,Bard,sup,99.6%,C,48.4%,-1.2%,13.8%,790
Challenger,KR,15.24,72,Bel'Veth,jun,97.0%,C,51.3%,+7.5%,2.7%,156
Challenger,KR,15.24,73,Kalista,adc,95.4%,C,51.7%,-9.4%,2.1%,118
Challenger,KR,15.24,74,Leona,sup,99.9%,C,49.3%,-2.5%,9.2%,527
Challenger,KR,15.24,75,Zaahen,top,81.9%,C,47.0%,-4.0%,14.4%,820
Challenger,KR,15.24,76,Sylas,mid,38.0%,C,48.3%,+0.3%,7.6%,433
Challenger,KR,15.24,77,Diana,mid,29.5%,C,51.5%,-1.4%,1.8%,103
Challenger,KR,15.24,78,Taric,sup,92.6%,C,51.4%,+2.3%,1.8%,105
Challenger,KR,15.24,79,Ambessa,jun,33.6%,C,46.6%,+1.5%,12.3%,702
Challenger,KR,15.24,80,Rek'Sai,top,31.7%,C,50.5%,+0.6%,3.5%,200
Challenger,KR,15.24,81,Viktor,mid,91.1%,C,48.1%,-9.7%,10.3%,590
Challenger,KR,15.24,82,Jayce,top,29.9%,C,47.9%,-5.8%,6.4%,365
Challenger,KR,15.24,83,Mel,adc,34.5%,C,49.0%,-10.7%,2.7%,155
Challenger,KR,15.24,84,Corki,adc,76.6%,C,50.0%,-1.2%,5.1%,290
Challenger,KR,15.24,85,Darius,top,91.2%,C,49.3%,-3.1%,2.5%,142
Challenger,KR,15.24,86,Sylas,jun,48.4%,C,47.2%,+1.3%,8.4%,479
Challenger,KR,15.24,87,Renekton,top,94.0%,C,48.3%,-2.8%,8.3%,476
Challenger,KR,15.24,88,Jhin,adc,98.1%,C,47.7%,-2.3%,13.6%,776
Challenger,KR,15.24,89,Nami,sup,99.9%,D,50.0%,-1.9%,4.3%,244
Challenger,KR,15.24,90,Dr.Mundo,jun,39.0%,D,50.3%,-0.8%,2.6%,151
Challenger,KR,15.24,91,Malphite,jun,38.5%,D,48.1%,-9.2%,5.2%,295
Challenger,KR,15.24,92,Yuumi,sup,99.2%,D,48.3%,+7.4%,3.0%,174
Challenger,KR,15.24,93,Rakan,sup,99.5%,D,47.2%,-1.6%,11.4%,652
Challenger,KR,15.24,94,Braum,sup,99.7%,D,47.6%,+2.3%,8.1%,462
Challenger,KR,15.24,95,Yasuo,top,31.2%,D,48.9%,-2.4%,2.3%,133
Challenger,KR,15.24,96,Zed,mid,48.3%,D,48.8%,-13.1%,2.8%,162
Challenger,KR,15.24,97,Yone,mid,59.1%,D,47.9%,-7.4%,7.1%,407
Challenger,KR,15.24,98,Ekko,jun,56.1%,D,49.0%,-3.0%,2.7%,155
Challenger,KR,15.24,99,Lulu,sup,98.1%,D,46.0%,+1.4%,10.4%,591
Challenger,KR,15.24,100,Sejuani,top,47.7%,D,49.6%,+4.5%,2.0%,115
Challenger,KR,15.24,101,Aurora,mid,64.5%,D,48.3%,+9.2%,5.3%,300
Challenger,KR,15.24,102,Sivir,adc,98.9%,D,47.8%,+3.1%,6.4%,364
Challenger,KR,15.24,103,Smolder,adc,79.6%,D,48.7%,-12.1%,3.3%,187
Challenger,KR,15.24,104,Karma,sup,93.3%,D,47.1%,+4.6%,6.7%,380
Challenger,KR,15.24,105,Leblanc,mid,77.4%,D,46.0%,-3.4%,5.2%,298
Challenger,KR,15.24,106,Caitlyn,adc,96.4%,D,48.0%,-2.0%,3.1%,177
Challenger,KR,15.24,107,Leblanc,sup,20.5%,D,46.1%,-15.3%,4.0%,230
Challenger,KR,15.24,108,Kindred,jun,97.1%,D,47.9%,+8.4%,2.6%,146
Challenger,KR,15.24,109,Kayle,mid,53.4%,D,47.6%,2.2%,124,-
Challenger,KR,15.24,110,Dr.Mundo,top,54.5%,D,47.9%,+1.6%,2.0%,117
Challenger,KR,15.24,111,K'Sante,top,96.0%,D,44.4%,+3.1%,12.5%,714
Challenger,KR,15.24,112,Riven,top,74.9%,D,46.9%,-4.4%,3.4%,196
Challenger,KR,15.24,113,Viego,jun,95.2%,D,46.1%,-4.2%,6.9%,393
Challenger,KR,15.24,114,Ziggs,adc,78.3%,D,47.1%,-13.1%,3.3%,191
Challenger,KR,15.24,115,Zac,jun,52.2%,D,47.3%,-10.9%,1.9%,110
Challenger,KR,15.24,116,Mel,mid,53.5%,D,44.2%,+11.9%,5.6%,321
Challenger,KR,15.24,117,Malphite,top,54.7%,D,44.9%,-14.3%,4.1%,236
Challenger,KR,15.24,118,Aatrox,top,36.9%,D,44.8%,-12.3%,2.7%,154
Challenger,KR,15.24,119,Hecarim,jun,99.8%,D,45.4%,-2.6%,2.5%,141
Challenger,KR,15.24,120,Ivern,jun,84.1%,D,46.5%,+8.3%,2.2%,127
Challenger,KR,15.24,121,Aurora,top,34.6%,D,45.7%,+6.6%,3.7%,210
Challenger,KR,15.24,122,Zeri,adc,95.4%,D,45.1%,-3.3%,5.5%,315
Challenger,KR,15.24,123,Yone,top,39.6%,D,45.6%,+17.7%,2.2%,125
Challenger,KR,15.24,124,Twisted Fate,mid,91.8%,D,45.1%,+5.4%,3.8%,215
Challenger,KR,15.24,125,Azir,mid,89.5%,D,43.3%,-2.0%,7.6%,436
Challenger,KR,15.24,126,Camille,top,84.1%,D,45.0%,-17.8%,2.8%,160
Challenger,KR,15.24,127,Pantheon,sup,43.3%,D,44.1%,-3.1%,4.7%,270
Challenger,KR,15.24,128,Yasuo,mid,54.1%,D,43.8%,+5.4%,3.0%,169
Challenger,KR,15.24,129,Cassiopeia,top,34.8%,D,43.4%,+16.4%,3.4%,196
Challenger,KR,15.24,130,Karthus,jun,62.4%,D,42.7%,-8.8%,2.5%,143
Challenger,KR,15.24,131,Vex,mid,96.9%,D,44.3%,+24.8%,2.1%,122
Challenger,KR,15.24,132,Milio,sup,99.9%,D,43.8%,+0.4%,1.8%,105
Challenger,KR,15.24,133,Ornn,top,89.4%,D,42.0%,-8.3%,2.8%,162
Challenger,KR,15.24,134,Zed,jun,47.6%,D,41.4%,+24.1%,1.9%,111
Challenger,KR,15.24,135,Shen,top,89.6%,D,41.6%,-13.6%,1.8%,101
Challenger,EUW,16.3,1,Singed,top,81.6%,S+,66.5%,+18.1%,6.3%,191
Challenger,EUW,16.3,2,Blitzcrank,sup,99.9%,S+,63.6%,+16.4%,3.6%,110
Challenger,EUW,16.3,3,Kennen,top,86.9%,S+,59.7%,+9.3%,4.4%,134
Challenger,EUW,16.3,4,Fiora,top,96.9%,S+,58.6%,+7.7%,4.4%,133
Challenger,EUW,16.3,5,Vel'Koz,adc,33.4%,S+,59.6%,-3.8%,3.7%,114
Challenger,EUW,16.3,6,Naafiri,jun,57.5%,S+,57.3%,+5.3%,7.2%,220
Challenger,EUW,16.3,7,Ahri,mid,95.3%,S+,56.9%,+2.8%,13.3%,404
Challenger,EUW,16.3,8,Rumble,top,88.9%,S+,56.4%,+2.4%,9.0%,275
Challenger,EUW,16.3,9,Neeko,sup,86.9%,S+,56.5%,+3.2%,10.3%,313
Challenger,EUW,16.3,10,Alistar,sup,99.7%,S+,55.5%,+3.4%,9.5%,290
Challenger,EUW,16.3,11,Katarina,mid,89.9%,S+,55.3%,+4.6%,4.6%,141
Challenger,EUW,16.3,12,Irelia,top,67.5%,S+,55.8%,+7.7%,3.9%,120
Challenger,EUW,16.3,13,Shaco,jun,82.2%,S+,55.0%,+2.3%,3.6%,109
Challenger,EUW,16.3,14,Dr.Mundo,jun,58.8%,S+,54.1%,-2.5%,8.0%,242
Challenger,EUW,16.3,15,Zoe,mid,77.0%,S+,54.9%,-4.5%,5.8%,175
Challenger,EUW,16.3,16,Pyke,sup,98.0%,S+,53.1%,+3.7%,8.1%,245
Challenger,EUW,16.3,17,Vi,jun,98.3%,S+,54.6%,+4.6%,8.2%,251
Challenger,EUW,16.3,18,Qiyana,jun,52.2%,S+,53.6%,+4.4%,5.9%,179
Challenger,EUW,16.3,19,Sylas,mid,57.4%,S+,53.4%,+6.3%,8.7%,264
Challenger,EUW,16.3,20,Braum,sup,100.0%,S+,53.4%,-2.1%,6.8%,206
Challenger,EUW,16.3,21,Zaahen,jun,44.6%,S+,52.7%,-5.6%,10.2%,311
Challenger,EUW,16.3,22,Caitlyn,adc,99.4%,S+,51.4%,-0.4%,13.0%,397
Challenger,EUW,16.3,23,Lulu,sup,97.6%,S+,53.0%,+1.6%,11.0%,336
Challenger,EUW,16.3,24,Aatrox,jun,31.4%,S+,54.7%,+2.8%,4.9%,148
Challenger,EUW,16.3,25,Varus,top,26.2%,S+,53.5%,-2.1%,4.2%,127
Challenger,EUW,16.3,26,Anivia,mid,59.5%,S+,54.1%,-2.1%,4.9%,148
Challenger,EUW,16.3,27,Ekko,mid,43.2%,S+,53.1%,-0.6%,5.3%,162
Challenger,EUW,16.3,28,Rek'Sai,jun,84.0%,S+,53.8%,+3.8%,6.0%,182
Challenger,EUW,16.3,29,Bard,sup,99.7%,S+,51.0%,-1.1%,13.5%,410
Challenger,EUW,16.3,30,Rengar,jun,87.4%,S+,53.4%,-1.1%,3.9%,118
Challenger,EUW,16.3,31,Yunara,adc,99.4%,S+,51.3%,+1.4%,19.0%,577
Challenger,EUW,16.3,32,Nunu,jun,87.4%,S+,53.9%,+1.9%,4.2%,128
Challenger,EUW,16.3,33,LeeSin,jun,92.9%,S+,54.0%,+6.0%,5.8%,176
Challenger,EUW,16.3,34,Zed,mid,73.2%,S+,52.9%,+7.4%,3.9%,119
Challenger,EUW,16.3,35,Orianna,mid,96.8%,S+,51.4%,+2.3%,10.4%,315
Challenger,EUW,16.3,36,Jayce,top,40.0%,S,52.0%,-1.9%,5.9%,179
Challenger,EUW,16.3,37,Aphelios,adc,99.5%,S,50.9%,-0.2%,13.1%,399
Challenger,EUW,16.3,38,Kai'Sa,adc,97.8%,S,51.3%,+6.1%,12.7%,386
Challenger,EUW,16.3,39,Malphite,top,70.5%,S,52.1%,+6.2%,3.8%,117
Challenger,EUW,16.3,40,Talon,jun,63.6%,S,51.9%,+4.0%,4.2%,129
Challenger,EUW,16.3,41,Ambessa,jun,54.2%,S,49.6%,+2.4%,12.6%,383
Challenger,EUW,16.3,42,Karma,sup,93.5%,S,50.0%,+2.2%,13.3%,406
Challenger,EUW,16.3,43,Syndra,mid,86.2%,S,50.8%,+2.0%,8.5%,260
Challenger,EUW,16.3,44,Aurora,mid,61.1%,S,53.1%,+9.4%,4.8%,147
Challenger,EUW,16.3,45,Jarvan IV,jun,97.3%,A,50.8%,+2.0%,10.9%,331
Challenger,EUW,16.3,46,Zaahen,top,52.6%,A,51.0%,-1.3%,8.2%,249
Challenger,EUW,16.3,47,Nautilus,sup,99.0%,A,49.4%,+0.5%,18.6%,565
Challenger,EUW,16.3,48,Renekton,top,95.5%,A,51.5%,+5.2%,6.6%,200
Challenger,EUW,16.3,49,Lucian,adc,95.5%,A,52.2%,+2.5%,5.8%,178
Challenger,EUW,16.3,50,Jhin,adc,98.9%,A,50.5%,-1.5%,12.6%,384
Challenger,EUW,16.3,51,Nami,sup,99.9%,A,50.3%,+3.3%,17.6%,535
Challenger,EUW,16.3,52,Elise,jun,48.8%,A,51.9%,+3.0%,3.4%,104
Challenger,EUW,16.3,53,Diana,jun,66.8%,A,51.0%,-1.5%,4.8%,145
Challenger,EUW,16.3,54,Corki,adc,86.8%,A,49.8%,+1.0%,13.7%,416
Challenger,EUW,16.3,55,Yone,mid,60.4%,A,51.8%,-4.3%,5.4%,164
Challenger,EUW,16.3,56,Gwen,top,55.6%,A,50.9%,+0.0%,3.5%,108
Challenger,EUW,16.3,57,Jinx,adc,99.7%,A,51.6%,+0.1%,6.1%,186
Challenger,EUW,16.3,58,Janna,sup,99.3%,B,50.0%,-0.8%,6.2%,190
Challenger,EUW,16.3,59,Riven,top,87.4%,B,50.0%,-1.9%,3.9%,118
Challenger,EUW,16.3,60,Aatrox,top,65.9%,C,50.6%,-0.2%,5.6%,170
Challenger,EUW,16.3,61,Sylas,jun,28.7%,C,50.5%,-0.1%,3.4%,103
Challenger,EUW,16.3,62,Thresh,sup,99.9%,C,49.3%,+0.2%,9.5%,290
Challenger,EUW,16.3,63,Ezreal,adc,97.4%,C,48.1%,-0.0%,17.2%,522
Challenger,EUW,16.3,64,Elise,sup,48.1%,C,50.0%,-3.5%,4.1%,124
Challenger,EUW,16.3,65,Akali,mid,67.5%,C,48.0%,+0.6%,7.5%,227
Challenger,EUW,16.3,66,Viego,jun,95.8%,C,48.0%,+3.7%,8.1%,248
Challenger,EUW,16.3,67,Ryze,mid,83.4%,D,46.5%,-4.7%,10.7%,325
Challenger,EUW,16.3,68,Rell,sup,99.9%,D,48.3%,+3.4%,7.9%,240
Challenger,EUW,16.3,69,Darius,top,96.0%,D,48.3%,-3.4%,3.9%,118
Challenger,EUW,16.3,70,Leblanc,mid,80.6%,D,47.4%,-0.6%,3.8%,116
Challenger,EUW,16.3,71,Viktor,mid,91.8%,D,49.1%,+10.0%,3.5%,108
Challenger,EUW,16.3,72,Sona,sup,98.6%,D,48.7%,+0.2%,3.8%,115
Challenger,EUW,16.3,73,Jax,top,78.7%,D,46.3%,-2.3%,6.6%,201
Challenger,EUW,16.3,74,Varus,adc,70.1%,D,45.2%,-3.5%,9.9%,301
Challenger,EUW,16.3,75,Ambessa,top,42.1%,D,45.7%,-4.6%,7.7%,234
Challenger,EUW,16.3,76,Jayce,jun,47.3%,D,45.9%,-4.7%,7.2%,218
Challenger,EUW,16.3,77,Rakan,sup,99.9%,D,47.0%,+0.1%,8.1%,247
Challenger,EUW,16.3,78,K'Sante,top,95.4%,D,47.1%,-1.5%,6.8%,208
Challenger,EUW,16.3,79,Sion,top,78.4%,D,46.1%,-2.8%,10.2%,310
Challenger,EUW,16.3,80,Yasuo,mid,54.7%,D,46.0%,-5.5%,6.2%,189
Challenger,EUW,16.3,81,Kha'Zix,jun,99.9%,D,45.5%,-6.5%,8.3%,253
Challenger,EUW,16.3,82,Gnar,top,99.3%,D,47.4%,-3.3%,4.5%,137
Challenger,EUW,16.3,83,Aurora,top,38.4%,D,47.4%,+3.7%,3.8%,116
Challenger,EUW,16.3,84,Kassadin,mid,94.6%,D,45.9%,-0.9%,4.4%,135
Challenger,EUW,16.3,85,Garen,top,79.8%,D,47.6%,-6.8%,3.4%,103
Challenger,EUW,16.3,86,Gangplank,top,92.5%,D,46.7%,-2.5%,5.6%,169
Challenger,EUW,16.3,87,Taliyah,mid,58.9%,D,46.3%,-6.7%,4.4%,134
Challenger,EUW,16.3,88,Draven,adc,93.4%,D,45.5%,+1.3%,3.6%,110
Challenger,EUW,16.3,89,Xin Zhao,jun,97.1%,D,45.7%,-7.8%,7.3%,221
Challenger,EUW,16.3,90,Galio,mid,88.6%,D,45.6%,-7.8%,6.7%,204
Challenger,EUW,16.3,91,Sivir,adc,99.0%,D,45.7%,-8.7%,5.8%,175
Challenger,EUW,16.3,92,Senna,sup,83.3%,D,44.9%,-12.3%,6.1%,185
Challenger,EUW,16.3,93,Hecarim,jun,99.9%,D,44.2%,+3.1%,4.2%,129
Challenger,EUW,16.3,94,Leona,sup,100.0%,D,43.8%,-10.1%,6.3%,192
Challenger,EUW,16.3,95,Ornn,top,96.1%,D,44.4%,-9.9%,3.5%,108
Challenger,EUW,16.3,96,Azir,mid,89.7%,D,43.7%,-3.4%,4.4%,135
Challenger,EUW,16.3,97,Tristana,adc,75.9%,D,43.9%,-9.7%,3.5%,107
Challenger,EUW,16.3,98,Vayne,top,50.7%,D,40.8%,-8.1%,4.1%,125
Challenger,EUW,15.24,1,Aurelion Sol,adc,41.0%,S+,63.5%,-9.5%,2.8%,104
Challenger,EUW,15.24,2,Elise,sup,64.4%,S+,60.0%,-3.5%,8.2%,310
Challenger,EUW,15.24,3,Poppy,sup,69.2%,S+,58.7%,-12.8%,4.6%,172
Challenger,EUW,15.24,4,Ekko,mid,39.4%,S+,57.7%,-0.6%,6.4%,241
Challenger,EUW,15.24,5,Orianna,mid,97.5%,S+,55.8%,+2.3%,13.2%,498
Challenger,EUW,15.24,6,Fiora,top,97.7%,S+,56.7%,+7.7%,5.7%,215
Challenger,EUW,15.24,7,Bard,sup,99.6%,S+,53.8%,-1.1%,14.5%,546
Challenger,EUW,15.24,8,Jarvan IV,jun,97.0%,S+,54.8%,+2.0%,15.9%,599
Challenger,EUW,15.24,9,Vladimir,mid,51.9%,S+,57.3%,-9.3%,2.9%,110
Challenger,EUW,15.24,10,Anivia,mid,64.3%,S+,57.6%,-2.1%,3.5%,132
Challenger,EUW,15.24,11,Twitch,adc,81.5%,S+,57.2%,-2.9%,4.0%,152
Challenger,EUW,15.24,12,Riven,top,74.9%,S+,54.7%,-1.9%,6.8%,254
Challenger,EUW,15.24,13,Malphite,top,54.7%,S+,54.9%,+6.2%,4.3%,162
Challenger,EUW,15.24,14,Ambessa,top,61.4%,S+,53.3%,-4.6%,9.6%,362
Challenger,EUW,15.24,15,Katarina,mid,93.6%,S+,53.9%,+4.6%,6.9%,258
Challenger,EUW,15.24,16,Shen,top,89.6%,S+,55.6%,+2.5%,4.8%,180
Challenger,EUW,15.24,17,Ziggs,adc,78.3%,S+,56.5%,-8.7%,3.1%,115
Challenger,EUW,15.24,18,Dr.Mundo,top,54.5%,S+,56.3%,-3.0%,2.7%,103
Challenger,EUW,15.24,19,Shaco,jun,81.0%,S+,54.1%,+2.3%,4.9%,183
Challenger,EUW,15.24,20,Leona,sup,99.9%,S+,55.0%,-10.1%,6.3%,238
Challenger,EUW,15.24,21,Zaahen,top,81.9%,S+,51.7%,-1.3%,16.9%,634
Challenger,EUW,15.24,22,Caitlyn,adc,96.4%,S+,53.8%,-0.4%,8.5%,320
Challenger,EUW,15.24,23,Sylas,mid,38.0%,S+,53.2%,+6.3%,6.3%,237
Challenger,EUW,15.24,24,Syndra,mid,88.3%,S+,51.2%,+2.0%,11.8%,443
Challenger,EUW,15.24,25,Cassiopeia,mid,43.1%,S+,54.6%,-0.1%,4.6%,174
Challenger,EUW,15.24,26,Draven,adc,93.9%,S+,53.2%,+1.3%,4.5%,171
Challenger,EUW,15.24,27,Vayne,top,39.2%,S+,53.1%,-8.1%,5.6%,209
Challenger,EUW,15.24,28,Bel'Veth,jun,97.0%,S+,53.9%,-7.7%,4.4%,167
Challenger,EUW,15.24,29,Aatrox,jun,61.5%,S+,51.0%,+2.8%,10.3%,388
Challenger,EUW,15.24,30,Gangplank,top,90.9%,S+,54.2%,-2.5%,4.8%,179
Challenger,EUW,15.24,31,Rengar,jun,84.8%,S+,52.5%,-1.1%,4.7%,177
Challenger,EUW,15.24,32,Yunara,adc,99.0%,S,50.8%,+1.4%,17.7%,666
Challenger,EUW,15.24,33,Blitzcrank,sup,99.6%,S,53.6%,+16.4%,4.0%,151
Challenger,EUW,15.24,34,Nami,sup,99.9%,S,51.9%,+3.3%,11.2%,420
Challenger,EUW,15.24,35,Nautilus,sup,99.3%,S,50.8%,+0.5%,16.2%,608
Challenger,EUW,15.24,36,Nidalee,jun,77.7%,S,52.0%,+3.9%,7.5%,281
Challenger,EUW,15.24,37,Aurora,top,34.6%,S,54.1%,+3.7%,2.9%,109
Challenger,EUW,15.24,38,Zed,jun,47.6%,S,51.8%,-4.3%,6.0%,224
Challenger,EUW,15.24,39,Leblanc,mid,77.4%,S,52.3%,-0.6%,4.0%,151
Challenger,EUW,15.24,40,Nunu,jun,84.5%,S,54.0%,+1.9%,3.4%,126
Challenger,EUW,15.24,41,Cho'Gath,top,50.9%,S,53.9%,+1.6%,3.4%,128
Challenger,EUW,15.24,42,Jhin,adc,98.1%,S,51.4%,-1.5%,13.3%,500
Challenger,EUW,15.24,43,Cho'Gath,jun,29.0%,S,53.8%,-19.3%,3.2%,119
Challenger,EUW,15.24,44,Talon,jun,74.7%,S,51.2%,+4.0%,6.7%,250
Challenger,EUW,15.24,45,Jinx,adc,99.6%,S,53.6%,+0.1%,3.7%,138
Challenger,EUW,15.24,46,Karthus,jun,62.4%,A,52.9%,-7.5%,3.2%,119
Challenger,EUW,15.24,47,Rek'Sai,jun,66.5%,A,53.1%,+3.8%,3.9%,147
Challenger,EUW,15.24,48,Zeri,adc,95.4%,A,53.0%,-5.6%,4.9%,185
Challenger,EUW,15.24,49,Thresh,sup,99.9%,A,52.6%,+0.2%,5.7%,213
Challenger,EUW,15.24,50,Elise,jun,29.8%,A,51.4%,+3.0%,3.7%,138
Challenger,EUW,15.24,51,Viktor,mid,91.1%,A,52.3%,+10.0%,5.7%,214
Challenger,EUW,15.24,52,Taric,sup,92.6%,A,52.8%,-14.8%,3.3%,123
Challenger,EUW,15.24,53,Jayce,top,29.9%,A,49.7%,-1.9%,8.2%,310
Challenger,EUW,15.24,54,Miss Fortune,adc,98.8%,A,49.1%,+10.1%,13.8%,517
Challenger,EUW,15.24,55,Urgot,top,91.5%,A,52.6%,+12.8%,3.5%,133
Challenger,EUW,15.24,56,Sylas,jun,48.4%,A,49.8%,-0.1%,7.3%,273
Challenger,EUW,15.24,57,Alistar,sup,98.9%,A,51.1%,+3.4%,7.3%,274
Challenger,EUW,15.24,58,Janna,sup,99.0%,A,49.5%,-0.8%,10.6%,398
Challenger,EUW,15.24,59,Ambessa,jun,33.6%,A,49.5%,+2.4%,7.8%,295
Challenger,EUW,15.24,60,LeeSin,jun,93.7%,A,50.7%,+6.0%,7.2%,270
Challenger,EUW,15.24,61,Lucian,adc,95.5%,B,49.8%,+2.5%,11.7%,438
Challenger,EUW,15.24,62,Diana,jun,68.7%,B,49.3%,-1.5%,10.2%,383
Challenger,EUW,15.24,63,Neeko,sup,84.1%,B,51.2%,+3.2%,5.7%,215
Challenger,EUW,15.24,64,Akshan,mid,88.2%,B,50.7%,+7.0%,3.6%,134
Challenger,EUW,15.24,65,Braum,sup,99.7%,C,50.2%,-2.1%,5.7%,215
Challenger,EUW,15.24,66,Sion,top,85.1%,C,49.8%,-2.8%,8.6%,323
Challenger,EUW,15.24,67,Rumble,top,88.2%,C,49.0%,+2.4%,9.0%,337
Challenger,EUW,15.24,68,Senna,sup,90.9%,C,51.4%,-12.3%,3.7%,138
Challenger,EUW,15.24,69,Xin Zhao,jun,95.8%,C,51.4%,-7.8%,3.8%,142
Challenger,EUW,15.24,70,Swain,adc,34.9%,C,51.3%,-0.7%,3.2%,119
Challenger,EUW,15.24,71,Akali,mid,75.7%,C,48.2%,+0.6%,8.2%,309
Challenger,EUW,15.24,72,Twisted Fate,mid,91.8%,C,51.4%,+5.4%,2.8%,107
Challenger,EUW,15.24,73,Taliyah,mid,79.1%,C,49.8%,-6.7%,6.5%,245
Challenger,EUW,15.24,74,Ahri,mid,94.7%,C,49.5%,+2.8%,8.5%,319
Challenger,EUW,15.24,75,Aphelios,adc,98.8%,C,49.4%,-0.2%,8.4%,316
Challenger,EUW,15.24,76,Kha'Zix,jun,99.5%,C,50.8%,-6.5%,3.2%,122
Challenger,EUW,15.24,77,Milio,sup,99.9%,C,50.3%,-1.4%,4.4%,165
Challenger,EUW,15.24,78,Pyke,sup,96.0%,C,47.5%,+3.7%,8.5%,318
Challenger,EUW,15.24,79,Rakan,sup,99.5%,C,49.3%,+0.1%,7.8%,292
Challenger,EUW,15.24,80,Tristana,adc,85.7%,C,47.5%,-9.7%,10.1%,379
Challenger,EUW,15.24,81,Mel,adc,34.5%,D,48.1%,+10.3%,4.9%,185
Challenger,EUW,15.24,82,Aatrox,top,36.9%,D,47.7%,-0.2%,5.9%,222
Challenger,EUW,15.24,83,Wukong,jun,84.4%,D,50.0%,+8.2%,3.2%,120
Challenger,EUW,15.24,84,Irelia,mid,36.6%,D,48.8%,+1.1%,3.3%,123
Challenger,EUW,15.24,85,Zed,mid,48.3%,D,48.2%,+7.4%,3.6%,137
Challenger,EUW,15.24,86,Darius,top,91.2%,D,48.9%,-3.4%,3.5%,133
Challenger,EUW,15.24,87,Karma,sup,93.3%,D,46.5%,+2.2%,13.7%,516
Challenger,EUW,15.24,88,Qiyana,jun,71.4%,D,46.8%,+4.4%,7.1%,265
Challenger,EUW,15.24,89,Varus,adc,82.5%,D,49.3%,-3.5%,4.0%,152
Challenger,EUW,15.24,90,Mel,mid,53.5%,D,47.4%,-13.4%,4.7%,175
Challenger,EUW,15.24,91,Ashe,adc,95.3%,D,48.3%,+9.6%,7.1%,265
Challenger,EUW,15.24,92,Ekko,jun,56.1%,D,48.3%,-4.3%,3.1%,116
Challenger,EUW,15.24,93,Naafiri,jun,51.3%,D,48.6%,+5.3%,3.7%,140
Challenger,EUW,15.24,94,Corki,adc,76.6%,D,48.2%,+1.0%,6.1%,228
Challenger,EUW,15.24,95,Kai'Sa,adc,98.2%,D,46.2%,+6.1%,17.1%,641
Challenger,EUW,15.24,96,Aurora,mid,64.5%,D,48.6%,+9.4%,3.8%,142
Challenger,EUW,15.24,97,Galio,mid,86.2%,D,48.6%,-7.8%,3.8%,144
Challenger,EUW,15.24,98,Rell,sup,99.9%,D,46.4%,+3.4%,10.0%,377
Challenger,EUW,15.24,99,Renekton,top,94.0%,D,47.6%,+5.2%,4.5%,170
Challenger,EUW,15.24,100,Yasuo,mid,54.1%,D,47.3%,-5.5%,4.9%,184
Challenger,EUW,15.24,101,Ivern,jun,84.1%,D,48.3%,-9.8%,3.8%,143
Challenger,EUW,15.24,102,Sona,sup,99.1%,D,47.1%,+0.2%,6.9%,261
Challenger,EUW,15.24,103,Hecarim,jun,99.8%,D,47.8%,+3.1%,4.7%,178
Challenger,EUW,15.24,104,Sivir,adc,98.9%,D,47.6%,-8.7%,4.5%,168
Challenger,EUW,15.24,105,Ryze,mid,83.1%,D,45.9%,-4.7%,6.8%,257
Challenger,EUW,15.24,106,Pantheon,sup,43.3%,D,47.1%,-5.9%,4.1%,153
Challenger,EUW,15.24,107,Lulu,sup,98.1%,D,46.2%,+1.6%,6.6%,247
Challenger,EUW,15.24,108,Jax,top,75.8%,D,45.1%,-2.3%,5.7%,213
Challenger,EUW,15.24,109,Gwen,top,70.7%,D,46.6%,+0.0%,3.1%,116
Challenger,EUW,15.24,110,Zoe,mid,81.2%,D,45.9%,-4.5%,4.8%,181
Challenger,EUW,15.24,111,Lux,sup,26.8%,D,46.0%,-2.7%,3.3%,124
Challenger,EUW,15.24,112,Ezreal,adc,98.2%,D,42.9%,-0.0%,10.8%,406
Challenger,EUW,15.24,113,Irelia,top,61.1%,D,43.8%,+7.7%,3.9%,146
Challenger,EUW,15.24,114,Malphite,jun,38.5%,D,43.2%,+12.2%,3.0%,111
Challenger,EUW,15.24,115,Jayce,jun,59.4%,D,40.5%,-4.7%,10.8%,405
Challenger,EUW,15.24,116,Ornn,top,89.4%,D,43.5%,-9.9%,3.3%,124
Challenger,EUW,15.24,117,Smolder,adc,79.6%,D,42.2%,+2.7%,4.6%,173
Challenger,EUW,15.24,118,Gnar,top,98.6%,D,42.7%,-3.3%,3.1%,117
Challenger,EUW,15.24,119,Yone,mid,59.1%,D,41.8%,-4.3%,5.5%,208
Challenger,EUW,15.24,120,Viego,jun,95.2%,D,40.9%,+3.7%,6.8%,254
Challenger,EUW,15.24,121,K'Sante,top,96.0%,D,40.2%,-1.5%,6.6%,249
Challenger,EUW,15.24,122,Malzahar,mid,89.8%,D,40.1%,+9.5%,3.6%,137
Challenger,EUW,15.24,123,Soraka,sup,97.0%,D,37.9%,-18.6%,4.3%,161
Bronze,TOUT,15.24,1,Miss Fortune,adc,96.9%,S+,52.7%,+0.1%,28.8%,773 991
Bronze,TOUT,15.24,2,Briar,jun,92.6%,S+,54.0%,+1.8%,7.3%,195 942
Bronze,TOUT,15.24,3,Dr.Mundo,jun,35.4%,S+,54.2%,+0.4%,4.3%,114 928
Bronze,TOUT,15.24,4,Malzahar,mid,88.1%,S+,52.9%,+0.1%,8.2%,220 066
Bronze,TOUT,15.24,5,Dr.Mundo,top,59.4%,S+,53.1%,-0.2%,7.2%,192 916
Bronze,TOUT,15.24,6,Yorick,top,88.5%,S+,53.4%,-0.2%,6.2%,166 649
Bronze,TOUT,15.24,7,Warwick,jun,87.3%,S+,52.0%,+0.0%,10.3%,275 287
Bronze,TOUT,15.24,8,Jax,jun,60.6%,S+,52.5%,-0.3%,8.5%,227 115
Bronze,TOUT,15.24,9,Morgana,sup,78.1%,S+,51.4%,+0.1%,11.6%,310 006
Bronze,TOUT,15.24,10,Sett,top,90.8%,S+,52.8%,-0.1%,9.6%,258 214
Bronze,TOUT,15.24,11,Amumu,jun,89.4%,S+,53.9%,-0.1%,6.3%,169 569
Bronze,TOUT,15.24,12,Mordekaiser,top,88.5%,S+,51.5%,+0.4%,10.4%,279 552
Bronze,TOUT,15.24,13,Swain,adc,10.8%,S+,54.8%,-0.2%,1.1%,30 816
Bronze,TOUT,15.24,14,Veigar,mid,80.6%,S+,52.5%,-0.2%,9.7%,261 410
Bronze,TOUT,15.24,15,Teemo,sup,15.7%,S+,53.9%,+0.3%,2.1%,56 404
Bronze,TOUT,15.24,16,Malphite,top,44.0%,S+,52.0%,-0.0%,8.2%,218 856
Bronze,TOUT,15.24,17,Swain,mid,18.4%,S+,54.3%,-0.9%,1.9%,52 324
Bronze,TOUT,15.24,18,Lux,sup,72.1%,S+,50.7%,-0.0%,17.6%,471 588
Bronze,TOUT,15.24,19,Malphite,jun,33.5%,S+,52.4%,-0.4%,6.2%,166 804
Bronze,TOUT,15.24,20,Viego,jun,97.5%,S+,51.1%,+0.0%,11.7%,312 726
Bronze,TOUT,15.24,21,Yasuo,mid,71.9%,S+,50.8%,-0.4%,11.2%,301 589
Bronze,TOUT,15.24,22,Teemo,top,63.8%,S+,51.5%,+0.3%,8.5%,228 713
Bronze,TOUT,15.24,23,Brand,sup,68.1%,S+,52.9%,-0.3%,5.9%,158 846
Bronze,TOUT,15.24,24,Master Yi,jun,91.2%,S+,50.7%,+0.1%,10.9%,291 915
Bronze,TOUT,15.24,25,Garen,top,91.1%,S,51.6%,+0.2%,9.9%,266 602
Bronze,TOUT,15.24,26,Lux,mid,24.6%,S,52.0%,-0.1%,6.0%,160 768
Bronze,TOUT,15.24,27,Swain,sup,59.7%,S,52.3%,+0.6%,6.3%,169 620
Bronze,TOUT,15.24,28,Zyra,sup,85.4%,S,52.9%,-0.1%,5.1%,136 009
Bronze,TOUT,15.24,29,Leona,sup,99.1%,S,51.4%,+0.4%,8.3%,223 968
Bronze,TOUT,15.24,30,Jhin,adc,96.2%,S,50.6%,+0.1%,15.2%,407 640
Bronze,TOUT,15.24,31,Caitlyn,adc,95.4%,S,49.6%,-0.4%,19.9%,532 966
Bronze,TOUT,15.24,32,Fizz,mid,90.3%,S,51.2%,+0.9%,6.5%,173 629
Bronze,TOUT,15.24,33,Illaoi,top,94.8%,S,51.9%,-0.3%,4.4%,118 015
Bronze,TOUT,15.24,34,Morgana,mid,16.7%,S,52.4%,-0.8%,2.5%,66 448
Bronze,TOUT,15.24,35,Malphite,mid,8.2%,S,52.7%,-0.1%,1.5%,40 657
Bronze,TOUT,15.24,36,Teemo,jun,12.3%,S,52.6%,-0.1%,1.6%,44 005
Bronze,TOUT,15.24,37,Rammus,jun,92.5%,S,53.3%,-0.2%,2.6%,70 389
Bronze,TOUT,15.24,38,Jinx,adc,98.6%,S,50.3%,-0.3%,15.3%,409 346
Bronze,TOUT,15.24,39,Kayn,jun,94.2%,A,50.4%,+0.3%,10.0%,269 356
Bronze,TOUT,15.24,40,Brand,mid,21.1%,A,52.8%,+0.0%,1.8%,49 300
Bronze,TOUT,15.24,41,Smolder,adc,82.2%,A,51.6%,-1.0%,7.8%,208 964
Bronze,TOUT,15.24,42,Vayne,adc,77.7%,A,50.9%,+0.2%,7.9%,212 797
Bronze,TOUT,15.24,43,Shaco,sup,18.0%,A,52.2%,+0.4%,1.4%,37 037
Bronze,TOUT,15.24,44,Ashe,adc,88.1%,A,49.6%,-0.1%,13.6%,363 967
Bronze,TOUT,15.24,45,Milio,sup,99.0%,A,52.5%,-0.2%,4.5%,121 413
Bronze,TOUT,15.24,46,Warwick,top,11.9%,A,52.0%,+0.4%,1.4%,37 478
Bronze,TOUT,15.24,47,Singed,top,84.1%,A,53.2%,+0.2%,2.3%,61 392
Bronze,TOUT,15.24,48,Urgot,top,92.8%,A,52.6%,-0.4%,3.5%,93 964
Bronze,TOUT,15.24,49,Volibear,jun,60.4%,A,51.7%,-2.1%,5.3%,143 176
Bronze,TOUT,15.24,50,Diana,mid,43.2%,A,51.0%,+0.2%,5.5%,147 223
Bronze,TOUT,15.24,51,Nami,sup,99.6%,A,51.8%,+0.2%,6.3%,170 262
Bronze,TOUT,15.24,52,Sion,top,72.8%,A,52.6%,+1.0%,3.5%,94 091
Bronze,TOUT,15.24,53,Ahri,mid,95.4%,A,50.0%,+0.7%,10.5%,280 497
Bronze,TOUT,15.24,54,Yasuo,adc,7.9%,A,51.7%,+0.0%,1.2%,33 257
Bronze,TOUT,15.24,55,Diana,jun,55.1%,A,50.4%,-1.6%,7.0%,187 722
Bronze,TOUT,15.24,56,Swain,top,10.9%,A,52.2%,+0.1%,1.2%,31 051
Bronze,TOUT,15.24,57,Samira,adc,97.9%,A,50.0%,+0.0%,6.1%,164 252
Bronze,TOUT,15.24,58,Heimerdinger,mid,24.7%,A,51.9%,+0.7%,1.1%,30 719
Bronze,TOUT,15.24,59,Taric,sup,92.7%,A,53.1%,-0.8%,1.5%,38 991
Bronze,TOUT,15.24,60,Nautilus,sup,96.2%,A,49.3%,-0.1%,9.2%,246 416
Bronze,TOUT,15.24,61,Nasus,top,78.5%,A,51.3%,-0.4%,5.4%,144 208
Bronze,TOUT,15.24,62,Kayle,top,81.3%,B,51.6%,-0.4%,4.8%,129 696
Bronze,TOUT,15.24,63,Vel'Koz,sup,69.1%,B,51.9%,-0.9%,3.7%,100 370
Bronze,TOUT,15.24,64,Xerath,sup,48.0%,B,51.4%,+0.5%,3.2%,85 398
Bronze,TOUT,15.24,65,Naafiri,mid,57.7%,B,51.6%,-0.5%,3.4%,91 669
Bronze,TOUT,15.24,66,Seraphine,sup,94.0%,B,49.9%,+0.5%,9.8%,262 096
Bronze,TOUT,15.24,67,Zaahen,top,68.9%,B,49.3%,+0.0%,7.2%,193 505
Bronze,TOUT,15.24,68,Akali,mid,87.8%,B,48.9%,+0.2%,8.7%,232 946
Bronze,TOUT,15.24,69,Heimerdinger,top,61.1%,B,51.0%,+1.1%,2.8%,76 106
Bronze,TOUT,15.24,70,Xerath,mid,49.1%,B,51.2%,+0.0%,3.3%,87 445
Bronze,TOUT,15.24,71,Nilah,adc,97.2%,B,52.2%,-1.4%,1.9%,50 179
Bronze,TOUT,15.24,72,Jax,top,37.2%,B,49.7%,+0.2%,5.2%,139 652
Bronze,TOUT,15.24,73,Yone,mid,60.4%,B,49.4%,+1.0%,8.6%,231 186
Bronze,TOUT,15.24,74,Nocturne,jun,97.0%,C,50.3%,-0.1%,5.7%,152 272
Bronze,TOUT,15.24,75,Lillia,jun,93.1%,C,51.3%,+0.5%,3.6%,97 446
Bronze,TOUT,15.24,76,Aurelion Sol,mid,82.3%,C,51.8%,+0.7%,2.7%,72 272
Bronze,TOUT,15.24,77,Kai'Sa,adc,96.5%,C,49.0%,+0.3%,11.4%,306 026
Bronze,TOUT,15.24,78,Darius,top,91.0%,C,48.2%,+0.0%,9.2%,246 889
Bronze,TOUT,15.24,79,Trundle,jun,68.4%,C,51.3%,+1.5%,3.5%,94 307
Bronze,TOUT,15.24,80,Soraka,sup,97.4%,C,51.2%,-0.2%,3.7%,98 619
Bronze,TOUT,15.24,81,Ziggs,adc,56.9%,C,51.6%,+0.1%,2.4%,65 366
Bronze,TOUT,15.24,82,Viktor,mid,94.7%,C,51.4%,-0.7%,3.3%,87 577
Bronze,TOUT,15.24,83,Sona,sup,98.5%,C,51.7%,-0.6%,2.7%,72 851
Bronze,TOUT,15.24,84,Tristana,adc,92.3%,C,48.8%,+0.1%,9.1%,244 539
Bronze,TOUT,15.24,85,Malphite,sup,14.0%,C,49.9%,-0.6%,2.6%,69 448
Bronze,TOUT,15.24,86,Irelia,mid,49.4%,C,50.4%,-0.4%,3.2%,85 671
Bronze,TOUT,15.24,87,Mel,mid,48.8%,C,48.1%,+0.1%,8.2%,219 476
Bronze,TOUT,15.24,88,Ekko,mid,50.8%,C,50.7%,-0.6%,3.8%,102 885
Bronze,TOUT,15.24,89,Blitzcrank,sup,97.9%,C,48.6%,+0.2%,6.1%,164 142
Bronze,TOUT,15.24,90,Cho'Gath,top,64.0%,C,50.5%,+0.3%,4.4%,118 983
Bronze,TOUT,15.24,91,Wukong,jun,79.3%,C,51.2%,+0.2%,2.6%,69 633
Bronze,TOUT,15.24,92,Nasus,jun,15.9%,C,51.2%,+0.9%,1.1%,29 231
Bronze,TOUT,15.24,93,Kled,top,91.3%,C,51.6%,-0.4%,1.2%,32 956
Bronze,TOUT,15.24,94,Sylas,mid,48.0%,C,48.5%,+0.5%,6.0%,161 159
Bronze,TOUT,15.24,95,Aphelios,adc,96.7%,C,50.2%,-0.3%,4.6%,123 191
Bronze,TOUT,15.24,96,Jarvan IV,jun,89.9%,C,50.9%,+0.1%,2.8%,76 478
Bronze,TOUT,15.24,97,Braum,sup,98.6%,C,50.8%,-0.1%,3.1%,84 242
Bronze,TOUT,15.24,98,Yone,top,36.8%,C,49.3%,+0.7%,5.2%,140 621
Bronze,TOUT,15.24,99,Vel'Koz,mid,25.7%,C,51.1%,+0.4%,1.4%,37 306
Bronze,TOUT,15.24,100,Shaco,jun,76.3%,C,48.4%,+0.2%,5.8%,156 946
Bronze,TOUT,15.24,101,Vex,mid,94.3%,C,49.9%,+0.2%,4.4%,118 136
Bronze,TOUT,15.24,102,Maokai,sup,81.1%,C,51.1%,+1.2%,2.0%,54 094
Bronze,TOUT,15.24,103,Pyke,sup,97.6%,C,47.9%,-0.4%,7.1%,191 297
Bronze,TOUT,15.24,104,Tahm Kench,sup,72.0%,C,49.8%,-0.2%,4.4%,117 460
Bronze,TOUT,15.24,105,Kog'Maw,adc,87.7%,C,51.2%,+0.4%,1.6%,44 169
Bronze,TOUT,15.24,106,Twitch,adc,81.9%,C,49.2%,+0.2%,4.5%,119 645
Bronze,TOUT,15.24,107,Syndra,mid,93.4%,C,50.3%,+0.3%,3.4%,91 756
Bronze,TOUT,15.24,108,Galio,mid,76.5%,C,50.1%,-0.3%,3.7%,98 469
Bronze,TOUT,15.24,109,Poppy,sup,67.2%,C,50.8%,+0.7%,2.0%,54 333
Bronze,TOUT,15.24,110,Shyvana,jun,91.4%,C,51.0%,+0.5%,1.6%,42 771
Bronze,TOUT,15.24,111,Tahm Kench,top,24.4%,C,50.4%,-0.7%,1.5%,39 850
Bronze,TOUT,15.24,112,Volibear,top,37.0%,C,49.9%,-1.2%,3.3%,87 686
Bronze,TOUT,15.24,113,Vladimir,mid,60.2%,C,50.2%,-0.1%,2.1%,55 623
Bronze,TOUT,15.24,114,Anivia,mid,71.1%,C,50.7%,+0.0%,1.7%,44 814
Bronze,TOUT,15.24,115,Katarina,mid,96.0%,D,48.5%,-0.0%,6.0%,161 482
Bronze,TOUT,15.24,116,Zed,mid,71.6%,D,47.7%,-0.6%,6.0%,161 436
Bronze,TOUT,15.24,117,Ornn,top,83.3%,D,50.5%,+0.2%,2.3%,60 743
Bronze,TOUT,15.24,118,Thresh,sup,97.4%,D,48.9%,-0.0%,6.6%,178 386
Bronze,TOUT,15.24,119,Yasuo,top,18.8%,D,48.6%,-0.3%,2.9%,78 772
Bronze,TOUT,15.24,120,Ziggs,mid,30.8%,D,50.5%,-0.4%,1.3%,35 406
Bronze,TOUT,15.24,121,Sejuani,jun,82.5%,D,50.5%,+0.4%,1.9%,51 662
Bronze,TOUT,15.24,122,Sylas,jun,42.4%,D,47.8%,-0.6%,5.3%,142 442
Bronze,TOUT,15.24,123,Renekton,top,92.8%,D,49.7%,+0.3%,3.6%,95 641
Bronze,TOUT,15.24,124,Xin Zhao,jun,88.6%,D,49.9%,+2.9%,3.3%,87 788
Bronze,TOUT,15.24,125,Tryndamere,top,75.3%,D,49.5%,+1.2%,3.6%,95 503
Bronze,TOUT,15.24,126,Rell,sup,98.5%,D,50.2%,+0.2%,2.3%,62 519
Bronze,TOUT,15.24,127,Veigar,sup,9.5%,D,49.7%,-0.3%,1.1%,30 854
Bronze,TOUT,15.24,128,Mel,adc,9.6%,D,48.7%,+1.0%,1.6%,43 022
Bronze,TOUT,15.24,129,Sivir,adc,97.3%,D,49.6%,+0.1%,3.5%,93 715
Bronze,TOUT,15.24,130,Janna,sup,95.1%,D,50.4%,-0.3%,1.4%,38 296
Bronze,TOUT,15.24,131,Cho'Gath,jun,15.9%,D,50.2%,+0.1%,1.1%,29 601
Bronze,TOUT,15.24,132,Pantheon,sup,48.2%,D,49.1%,+0.4%,4.4%,117 214
Bronze,TOUT,15.24,133,Akali,top,11.2%,D,48.6%,-1.2%,1.1%,29 781
Bronze,TOUT,15.24,134,Hwei,mid,75.2%,D,49.8%,+0.1%,2.5%,67 733
Bronze,TOUT,15.24,135,Karma,sup,90.7%,D,49.6%,-0.7%,3.1%,82 024
Bronze,TOUT,15.24,136,Zilean,sup,87.8%,D,50.2%,-0.3%,1.4%,37 865
Bronze,TOUT,15.24,137,Ezreal,adc,92.9%,D,47.9%,+1.3%,7.9%,212 050
Bronze,TOUT,15.24,138,Irelia,top,48.9%,D,48.7%,-0.6%,3.2%,84 685
Bronze,TOUT,15.24,139,Mel,sup,40.2%,D,46.9%,-1.1%,6.7%,180 649
Bronze,TOUT,15.24,140,Lissandra,mid,87.9%,D,50.0%,+0.1%,1.6%,43 861
Bronze,TOUT,15.24,141,Zaahen,jun,25.9%,D,48.0%,+2.0%,2.7%,72 600
Bronze,TOUT,15.24,142,Kassadin,mid,96.3%,D,49.8%,-0.1%,1.7%,45 359
Bronze,TOUT,15.24,143,Ekko,jun,45.3%,D,49.0%,-0.8%,3.4%,91 857
Bronze,TOUT,15.24,144,Leblanc,mid,88.5%,D,48.1%,+0.1%,3.4%,92 397
Bronze,TOUT,15.24,145,Kennen,mid,36.8%,D,49.9%,+0.0%,1.0%,27 243
Bronze,TOUT,15.24,146,Shen,top,63.8%,D,49.5%,+0.1%,2.4%,65 618
Bronze,TOUT,15.24,147,Xayah,adc,98.5%,D,49.0%,+0.1%,3.6%,96 752
Bronze,TOUT,15.24,148,Graves,jun,89.4%,D,49.4%,-0.6%,2.3%,61 253
Bronze,TOUT,15.24,149,Olaf,top,83.3%,D,49.4%,-0.5%,2.0%,54 926
Bronze,TOUT,15.24,150,Ryze,mid,82.2%,D,49.5%,-1.0%,1.8%,48 702
Bronze,TOUT,15.24,151,Trundle,top,28.8%,D,49.2%,+1.6%,1.5%,39 743
Bronze,TOUT,15.24,152,Senna,sup,84.9%,D,48.6%,+0.1%,4.2%,113 278
Bronze,TOUT,15.24,153,Fiddlesticks,jun,71.5%,D,49.1%,-0.4%,2.2%,59 630
Bronze,TOUT,15.24,154,Nunu,jun,93.5%,D,48.9%,+1.1%,2.9%,77 585
Bronze,TOUT,15.24,155,Vi,jun,92.5%,D,48.8%,+2.1%,3.1%,84 039
Bronze,TOUT,15.24,156,Zeri,adc,94.6%,D,49.1%,+0.5%,2.2%,59 201
Bronze,TOUT,15.24,157,Cassiopeia,mid,72.7%,D,49.2%,+0.1%,1.5%,40 287
Bronze,TOUT,15.24,158,Vayne,top,19.3%,D,48.1%,-0.4%,2.0%,52 867
Bronze,TOUT,15.24,159,Draven,adc,94.2%,D,47.5%,+1.2%,3.1%,82 816
Bronze,TOUT,15.24,160,Fiora,top,96.6%,D,48.5%,+0.5%,2.8%,76 391
Bronze,TOUT,15.24,161,Lulu,sup,96.6%,D,48.4%,-0.2%,3.3%,87 866
Bronze,TOUT,15.24,162,Smolder,mid,10.9%,D,48.9%,+0.7%,1.0%,27 827
Bronze,TOUT,15.24,163,Karthus,jun,71.3%,D,49.2%,+1.2%,1.2%,31 046
Bronze,TOUT,15.24,164,Naafiri,jun,34.7%,D,48.3%,+1.6%,2.1%,55 086
Bronze,TOUT,15.24,165,Bard,sup,96.1%,D,48.7%,-0.2%,2.4%,63 211
Bronze,TOUT,15.24,166,Rakan,sup,97.9%,D,48.7%,+0.0%,2.4%,65 698
Bronze,TOUT,15.24,167,Bel'Veth,jun,96.6%,D,48.8%,+1.5%,1.6%,42 725
Bronze,TOUT,15.24,168,Neeko,sup,78.3%,D,47.7%,+0.5%,4.4%,118 595
Bronze,TOUT,15.24,169,Udyr,jun,83.6%,D,48.8%,-0.2%,1.7%,45 097
Bronze,TOUT,15.24,170,Alistar,sup,93.0%,D,48.6%,+0.2%,2.1%,56 328
Bronze,TOUT,15.24,171,Yunara,adc,97.0%,D,47.3%,+0.4%,5.3%,142 948
Bronze,TOUT,15.24,172,Aatrox,top,65.0%,D,47.1%,+0.0%,4.2%,112 174
Bronze,TOUT,15.24,173,Zac,jun,75.8%,D,48.6%,+0.1%,1.8%,47 081
Bronze,TOUT,15.24,174,Annie,mid,81.5%,D,48.6%,+0.3%,1.5%,39 464
Bronze,TOUT,15.24,175,Zed,jun,24.6%,D,46.8%,-2.4%,2.1%,55 388
Bronze,TOUT,15.24,176,Evelynn,jun,96.9%,D,48.0%,-1.2%,2.7%,73 424
Bronze,TOUT,15.24,177,Kha'Zix,jun,99.0%,D,47.5%,-0.2%,4.1%,108 867
Bronze,TOUT,15.24,178,Aurora,mid,81.3%,D,48.1%,-0.6%,2.1%,56 236
Bronze,TOUT,15.24,179,Lucian,adc,94.9%,D,47.3%,+0.1%,5.0%,133 808
Bronze,TOUT,15.24,180,Aatrox,jun,32.2%,D,47.4%,-0.6%,2.1%,55 587
Bronze,TOUT,15.24,181,Orianna,mid,94.5%,D,47.9%,-1.3%,2.9%,76 531
Bronze,TOUT,15.24,182,Pantheon,top,21.1%,D,47.8%,-1.1%,1.9%,51 157
Bronze,TOUT,15.24,183,Kennen,top,57.6%,D,48.2%,-0.0%,1.6%,42 659
Bronze,TOUT,15.24,184,Akshan,mid,86.9%,D,47.7%,-0.2%,2.2%,59 422
Bronze,TOUT,15.24,185,Gnar,top,93.9%,D,47.9%,-0.3%,2.0%,54 421
Bronze,TOUT,15.24,186,Quinn,top,72.5%,D,47.6%,-0.5%,2.0%,54 679
Bronze,TOUT,15.24,187,Talon,mid,37.8%,D,48.1%,+0.3%,1.1%,30 569
Bronze,TOUT,15.24,188,Gwen,top,79.6%,D,46.9%,+0.4%,3.9%,104 568
Bronze,TOUT,15.24,189,Vladimir,top,38.3%,D,47.4%,-0.4%,1.3%,35 369
Bronze,TOUT,15.24,190,Elise,jun,64.8%,D,47.9%,-0.6%,1.0%,26 986
Bronze,TOUT,15.24,191,Rumble,top,81.2%,D,47.8%,-0.2%,1.2%,32 981
Bronze,TOUT,15.24,192,Kindred,jun,95.6%,D,47.2%,-0.4%,2.8%,75 595
Bronze,TOUT,15.24,193,Twisted Fate,mid,83.3%,D,47.5%,+0.4%,1.7%,46 943
Bronze,TOUT,15.24,194,LeeSin,jun,89.8%,D,46.0%,-0.6%,5.0%,133 840
Bronze,TOUT,15.24,195,Pantheon,jun,20.2%,D,46.9%,-0.2%,1.8%,48 996
Bronze,TOUT,15.24,196,Zoe,mid,81.2%,D,46.6%,-0.7%,3.1%,82 761
Bronze,TOUT,15.24,197,Ashe,sup,7.6%,D,46.5%,-0.8%,1.2%,31 502
Bronze,TOUT,15.24,198,Ambessa,top,69.5%,D,46.7%,+0.7%,2.1%,57 321
Bronze,TOUT,15.24,199,Varus,adc,78.0%,D,46.3%,-1.4%,4.2%,111 396
Bronze,TOUT,15.24,200,Talon,jun,60.2%,D,46.8%,+0.9%,1.8%,48 688
Bronze,TOUT,15.24,201,Yuumi,sup,97.9%,D,45.9%,-1.1%,3.9%,105 786
Bronze,TOUT,15.24,202,Hecarim,jun,98.5%,D,46.7%,+0.4%,1.8%,48 796
Bronze,TOUT,15.24,203,Kalista,adc,90.2%,D,46.5%,-0.2%,1.3%,34 033
Bronze,TOUT,15.24,204,Gangplank,top,83.0%,D,46.2%,+0.3%,1.8%,46 970
Bronze,TOUT,15.24,205,Riven,top,82.0%,D,45.7%,-0.6%,2.4%,64 684
Bronze,TOUT,15.24,206,Jayce,top,52.5%,D,45.9%,+0.1%,1.2%,32 893
Bronze,TOUT,15.24,207,Camille,top,83.7%,D,45.3%,-0.5%,1.1%,29 879
Bronze,TOUT,15.24,208,Gragas,top,55.8%,D,45.3%,-0.1%,1.0%,27 934
Bronze,TOUT,15.24,209,Qiyana,mid,52.2%,D,44.6%,-0.9%,1.5%,41 091
Bronze,TOUT,15.24,210,Azir,mid,92.4%,D,44.5%,-0.6%,1.6%,43 170
Bronze,TOUT,15.24,211,Rengar,jun,91.3%,D,43.4%,-1.1%,2.8%,75 558
Bronze,TOUT,15.24,212,K'Sante,top,93.8%,D,43.7%,+0.0%,1.6%,43 074
Bronze,TOUT,15.24,213,Nidalee,jun,67.1%,D,42.6%,+0.1%,1.1%,30 512
Bronze,TOUT,15.24,214,Qiyana,jun,44.8%,D,42.1%,+0.2%,1.3%,35 250
Bronze,VN,16.3,1,Nami,sup,99.7%,S+,61.8%,+8.8%,1.5%,165
Bronze,VN,16.3,2,Yorick,top,90.1%,S+,59.6%,+3.5%,3.1%,349
Bronze,VN,16.3,3,Morgana,sup,86.4%,S+,56.4%,+1.3%,9.9%,1 096
Bronze,VN,16.3,4,Zac,jun,81.8%,S+,60.7%,+10.0%,1.1%,122
Bronze,VN,16.3,5,Shen,top,63.6%,S+,59.1%,+9.7%,1.2%,132
Bronze,VN,16.3,6,Urgot,top,93.9%,S+,59.0%,+4.8%,1.4%,156
Bronze,VN,16.3,7,Aurelion Sol,mid,82.9%,S+,57.9%,+6.4%,2.7%,302
Bronze,VN,16.3,8,Lux,sup,72.3%,S+,53.6%,+2.1%,15.7%,1 747
Bronze,VN,16.3,9,Ziggs,adc,54.6%,S+,58.1%,+7.9%,2.2%,241
Bronze,VN,16.3,10,Brand,sup,64.0%,S+,55.3%,+0.2%,6.0%,662
Bronze,VN,16.3,11,Morgana,mid,9.3%,S+,56.6%,+6.4%,1.0%,113
Bronze,VN,16.3,12,Sejuani,jun,83.3%,S+,57.9%,+3.1%,1.6%,183
Bronze,VN,16.3,13,Sett,top,92.2%,S+,55.3%,+0.5%,8.2%,910
Bronze,VN,16.3,14,Dr.Mundo,jun,42.6%,S+,55.2%,-2.3%,3.7%,411
Bronze,VN,16.3,15,Dr.Mundo,top,53.8%,S+,55.2%,+2.2%,3.7%,413
Bronze,VN,16.3,16,Trundle,top,41.8%,S+,57.4%,+5.6%,1.4%,155
Bronze,VN,16.3,17,Mordekaiser,top,88.2%,S+,53.2%,-1.0%,10.0%,1 117
Bronze,VN,16.3,18,Milio,sup,99.2%,S+,57.4%,+6.2%,1.2%,136
Bronze,VN,16.3,19,Smolder,adc,86.4%,S+,53.0%,-0.6%,12.6%,1 403
Bronze,VN,16.3,20,Braum,sup,99.1%,S+,56.2%,+3.2%,3.7%,406
Bronze,VN,16.3,21,Gwen,jun,36.6%,S+,56.7%,+7.2%,1.5%,171
Bronze,VN,16.3,22,Yone,mid,62.8%,S+,51.9%,+2.6%,12.7%,1 413
Bronze,VN,16.3,23,Ezreal,mid,4.7%,S+,56.1%,+9.5%,1.8%,198
Bronze,VN,16.3,24,Vex,mid,95.4%,S+,56.3%,+5.5%,2.2%,240
Bronze,VN,16.3,25,Teemo,sup,13.4%,S+,54.5%,+2.3%,2.6%,292
Bronze,VN,16.3,26,Renekton,top,93.8%,S+,54.7%,+4.4%,6.3%,706
Bronze,VN,16.3,27,Ekko,jun,47.2%,S+,55.8%,+2.9%,2.7%,301
Bronze,VN,16.3,28,Brand,mid,23.1%,S+,54.5%,-1.9%,2.0%,224
Bronze,VN,16.3,29,Jarvan IV,jun,91.1%,S+,54.7%,+2.7%,6.1%,678
Bronze,VN,16.3,30,Swain,sup,62.6%,S+,54.9%,+1.7%,4.8%,532
Bronze,VN,16.3,31,Xerath,sup,45.5%,S+,53.4%,+2.6%,4.7%,528
Bronze,VN,16.3,32,Viktor,mid,95.1%,S+,55.1%,+0.3%,3.4%,383
Bronze,VN,16.3,33,Shaco,sup,14.8%,S+,54.2%,+8.1%,1.4%,153
Bronze,VN,16.3,34,Varus,top,32.4%,S+,55.5%,+1.5%,1.9%,209
Bronze,VN,16.3,35,Master Yi,jun,91.1%,S+,51.0%,-1.7%,16.6%,1 850
Bronze,VN,16.3,36,Rell,sup,98.6%,S+,55.6%,+3.9%,2.0%,223
Bronze,VN,16.3,37,Briar,jun,92.3%,S+,55.3%,+0.5%,1.7%,188
Bronze,VN,16.3,38,Lux,mid,24.9%,S+,53.1%,+1.4%,4.4%,484
Bronze,VN,16.3,39,Yone,top,34.7%,S+,51.1%,+1.4%,10.9%,1 216
Bronze,VN,16.3,40,Sion,top,74.2%,S+,55.4%,+1.4%,1.8%,202
Bronze,VN,16.3,41,Garen,top,92.0%,S+,51.4%,+0.4%,12.5%,1 389
Bronze,VN,16.3,42,Naafiri,mid,73.4%,S+,54.8%,-1.3%,2.3%,261
Bronze,VN,16.3,43,Jinx,adc,98.8%,S+,52.1%,+0.1%,15.8%,1 757
Bronze,VN,16.3,44,Graves,jun,85.1%,S+,52.0%,-0.2%,10.0%,1 116
Bronze,VN,16.3,45,Sett,sup,2.8%,S+,54.9%,+6.1%,1.1%,122
Bronze,VN,16.3,46,Malzahar,mid,90.6%,S+,53.7%,-2.3%,4.3%,479
Bronze,VN,16.3,47,Seraphine,sup,94.5%,S+,54.4%,+4.5%,4.4%,487
Bronze,VN,16.3,48,Illaoi,top,95.1%,S+,53.3%,+2.9%,3.9%,430
Bronze,VN,16.3,49,Teemo,mid,5.9%,S+,53.6%,-4.3%,1.2%,138
Bronze,VN,16.3,50,Miss Fortune,adc,96.8%,S+,51.7%,-1.3%,18.7%,2 080
Bronze,VN,16.3,51,Nocturne,jun,97.3%,S+,52.7%,+2.2%,6.4%,716
Bronze,VN,16.3,52,Veigar,mid,78.9%,S,52.0%,-0.3%,8.8%,975
Bronze,VN,16.3,53,Kai'Sa,adc,96.9%,S,51.4%,+3.8%,19.9%,2 216
Bronze,VN,16.3,54,Teemo,top,68.4%,S,52.1%,+0.4%,4.8%,537
Bronze,VN,16.3,55,Trundle,jun,52.9%,S,54.5%,+3.4%,2.4%,268
Bronze,VN,16.3,56,Samira,adc,98.1%,S,53.8%,+2.7%,3.8%,418
Bronze,VN,16.3,57,Malphite,jun,31.3%,S,50.8%,-0.4%,9.0%,996
Bronze,VN,16.3,58,Caitlyn,adc,96.8%,S,49.7%,-1.6%,20.8%,2 317
Bronze,VN,16.3,59,Blitzcrank,sup,98.3%,S,51.4%,+2.3%,6.3%,700
Bronze,VN,16.3,60,Yasuo,mid,74.9%,S,49.7%,-0.1%,18.7%,2 081
Bronze,VN,16.3,61,Jax,jun,54.6%,S,51.7%,-0.6%,8.0%,890
Bronze,VN,16.3,62,Ahri,mid,96.6%,S,52.2%,-0.1%,6.9%,767
Bronze,VN,16.3,63,Lissandra,mid,87.7%,S,54.1%,+2.8%,1.7%,185
Bronze,VN,16.3,64,Ziggs,mid,32.7%,A,53.7%,+1.9%,2.0%,218
Bronze,VN,16.3,65,Tryndamere,top,75.7%,A,52.5%,+4.0%,4.0%,448
Bronze,VN,16.3,66,Leblanc,mid,90.7%,A,51.2%,+1.2%,4.0%,449
Bronze,VN,16.3,67,Xin Zhao,jun,89.0%,A,52.4%,+6.9%,4.4%,489
Bronze,VN,16.3,68,Kayn,jun,95.4%,A,51.8%,+2.0%,5.6%,627
Bronze,VN,16.3,69,LeeSin,jun,90.3%,A,48.4%,+1.6%,16.8%,1 865
Bronze,VN,16.3,70,Kayle,top,87.6%,A,52.8%,+0.5%,2.8%,307
Bronze,VN,16.3,71,Malphite,top,45.2%,A,50.5%,+0.4%,4.9%,545
Bronze,VN,16.3,72,Volibear,jun,67.1%,A,52.4%,-1.3%,3.2%,359
Bronze,VN,16.3,73,Fizz,mid,93.9%,A,50.8%,+0.6%,5.3%,593
Bronze,VN,16.3,74,Vayne,adc,70.4%,A,51.0%,+1.0%,5.1%,569
Bronze,VN,16.3,75,Cho'Gath,jun,13.5%,B,52.2%,-1.8%,1.6%,180
Bronze,VN,16.3,76,Rammus,jun,94.1%,B,52.7%,-7.4%,1.5%,169
Bronze,VN,16.3,77,Aphelios,adc,97.7%,B,51.1%,+1.5%,5.9%,657
Bronze,VN,16.3,78,Zed,mid,79.2%,B,48.0%,+0.6%,11.4%,1 269
Bronze,VN,16.3,79,Irelia,mid,48.5%,B,52.2%,+0.7%,2.1%,230
Bronze,VN,16.3,80,Xerath,mid,51.3%,B,50.4%,-2.3%,3.2%,353
Bronze,VN,16.3,81,Viego,jun,97.1%,B,50.4%,-0.7%,8.2%,907
Bronze,VN,16.3,82,Smolder,mid,8.7%,B,50.9%,+0.5%,3.5%,391
Bronze,VN,16.3,83,Thresh,sup,97.6%,B,49.6%,+0.5%,9.7%,1 074
Bronze,VN,16.3,84,Ornn,top,91.3%,B,52.4%,-1.7%,1.7%,185
Bronze,VN,16.3,85,Naafiri,jun,19.0%,B,51.9%,-1.4%,1.6%,183
Bronze,VN,16.3,86,Vel'Koz,sup,71.0%,B,52.2%,-1.1%,2.1%,230
Bronze,VN,16.3,87,Aatrox,top,82.9%,B,47.7%,-1.5%,11.7%,1 301
Bronze,VN,16.3,88,Ezreal,adc,92.9%,B,48.8%,+1.2%,16.7%,1 856
Bronze,VN,16.3,89,Soraka,sup,97.5%,C,52.4%,-0.5%,1.3%,145
Bronze,VN,16.3,90,LeeSin,sup,3.6%,C,50.7%,+2.2%,1.3%,140
Bronze,VN,16.3,91,Teemo,jun,9.6%,C,50.7%,+4.6%,1.3%,150
Bronze,VN,16.3,92,Wukong,jun,77.3%,C,51.6%,+1.7%,3.7%,415
Bronze,VN,16.3,93,Vi,jun,93.1%,C,51.6%,+4.3%,3.7%,415
Bronze,VN,16.3,94,Zaahen,top,63.9%,C,50.1%,+1.4%,4.5%,501
Bronze,VN,16.3,95,Cho'Gath,sup,7.3%,C,51.4%,+1.2%,1.9%,208
Bronze,VN,16.3,96,Lillia,jun,92.8%,C,51.6%,-0.9%,2.0%,219
Bronze,VN,16.3,97,Ashe,adc,87.4%,C,49.5%,-1.4%,8.5%,949
Bronze,VN,16.3,98,Nautilus,sup,97.5%,C,47.9%,-3.3%,10.6%,1 178
Bronze,VN,16.3,99,Jayce,jun,36.5%,C,51.1%,+2.2%,2.1%,229
Bronze,VN,16.3,100,Syndra,mid,95.1%,C,51.4%,+3.6%,2.2%,245
Bronze,VN,16.3,101,Tahm Kench,sup,56.7%,C,50.4%,-1.0%,4.6%,514
Bronze,VN,16.3,102,Zeri,adc,95.4%,C,51.8%,+3.3%,1.2%,139
Bronze,VN,16.3,103,Diana,mid,40.0%,C,51.1%,-3.4%,2.1%,229
Bronze,VN,16.3,104,Darius,top,92.5%,C,46.8%,-1.0%,13.6%,1 508
Bronze,VN,16.3,105,Malphite,mid,7.9%,C,49.8%,-0.2%,1.9%,209
Bronze,VN,16.3,106,Ashe,sup,8.5%,C,51.2%,+6.9%,1.8%,203
Bronze,VN,16.3,107,Jhin,adc,96.2%,C,48.1%,-1.3%,16.8%,1 871
Bronze,VN,16.3,108,Yunara,adc,97.6%,C,49.3%,+0.4%,7.7%,854
Bronze,VN,16.3,109,Sylas,mid,58.3%,C,47.2%,-1.3%,9.3%,1 029
Bronze,VN,16.3,110,Nasus,top,74.9%,C,48.5%,-3.9%,6.8%,757
Bronze,VN,16.3,111,Galio,mid,78.3%,C,50.2%,+1.2%,4.4%,486
Bronze,VN,16.3,112,Mel,sup,43.6%,C,47.8%,-1.1%,7.1%,793
Bronze,VN,16.3,113,Nasus,jun,19.8%,C,50.0%,-3.0%,1.6%,174
Bronze,VN,16.3,114,Neeko,sup,78.0%,C,50.2%,+2.6%,3.8%,426
Bronze,VN,16.3,115,Ambessa,jun,44.4%,C,49.6%,+1.6%,3.0%,339
Bronze,VN,16.3,116,Diana,jun,58.7%,C,50.0%,-3.9%,3.5%,392
Bronze,VN,16.3,117,Kindred,jun,95.1%,C,50.5%,+1.9%,2.5%,283
Bronze,VN,16.3,118,Sylas,jun,32.2%,C,48.0%,+0.3%,5.5%,612
Bronze,VN,16.3,119,Akali,mid,83.5%,D,47.0%,+1.2%,8.4%,938
Bronze,VN,16.3,120,Anivia,mid,70.4%,D,50.6%,-0.6%,1.5%,168
Bronze,VN,16.3,121,Tristana,adc,92.3%,D,48.6%,+0.9%,8.0%,886
Bronze,VN,16.3,122,Zyra,sup,81.7%,D,50.5%,-4.1%,1.9%,212
Bronze,VN,16.3,123,Volibear,top,31.1%,D,50.0%,-2.2%,3.1%,340
Bronze,VN,16.3,124,Ambessa,top,51.6%,D,49.2%,+3.5%,3.2%,360
Bronze,VN,16.3,125,Yasuo,top,16.9%,D,47.4%,-1.2%,6.6%,734
Bronze,VN,16.3,126,Irelia,top,50.0%,D,50.0%,+2.0%,2.6%,284
Bronze,VN,16.3,127,Veigar,sup,7.4%,D,49.4%,-0.7%,2.2%,245
Bronze,VN,16.3,128,Jax,top,43.3%,D,48.6%,-2.4%,5.1%,564
Bronze,VN,16.3,129,Shaco,jun,80.0%,D,47.9%,-1.9%,4.5%,495
Bronze,VN,16.3,130,Sivir,adc,97.5%,D,50.0%,-3.0%,2.9%,322
Bronze,VN,16.3,131,Kha'Zix,jun,99.4%,D,48.0%,-0.1%,7.3%,812
Bronze,VN,16.3,132,Tryndamere,jun,18.0%,D,49.3%,-1.6%,3.1%,349
Bronze,VN,16.3,133,Corki,adc,83.3%,D,50.0%,+1.9%,1.8%,196
Bronze,VN,16.3,134,Amumu,jun,91.9%,D,49.8%,-5.6%,1.8%,205
Bronze,VN,16.3,135,Karma,sup,90.1%,D,49.8%,-2.0%,1.9%,211
Bronze,VN,16.3,136,Akali,top,15.6%,D,47.7%,-1.4%,3.0%,333
Bronze,VN,16.3,137,Katarina,mid,95.5%,D,49.6%,-0.8%,2.0%,226
Bronze,VN,16.3,138,Smolder,top,4.4%,D,48.6%,-4.7%,1.6%,181
Bronze,VN,16.3,139,Fiora,top,96.2%,D,49.7%,+2.2%,1.4%,155
Bronze,VN,16.3,140,Tahm Kench,top,40.0%,D,49.1%,-5.2%,2.0%,222
Bronze,VN,16.3,141,Pyke,sup,98.3%,D,47.1%,-1.8%,6.8%,758
Bronze,VN,16.3,142,Karthus,jun,71.7%,D,49.7%,-2.7%,1.4%,151
Bronze,VN,16.3,143,Leona,sup,99.3%,D,47.3%,-5.5%,7.0%,773
Bronze,VN,16.3,144,Malphite,sup,15.1%,D,45.6%,-3.2%,9.2%,1 024
Bronze,VN,16.3,145,Sona,sup,98.9%,D,49.7%,-3.5%,1.4%,153
Bronze,VN,16.3,146,Yuumi,sup,98.5%,D,48.8%,+5.9%,3.0%,334
Bronze,VN,16.3,147,Lucian,adc,95.3%,D,47.6%,+0.2%,7.2%,796
Bronze,VN,16.3,148,Aatrox,jun,14.3%,D,47.5%,-3.2%,1.8%,202
Bronze,VN,16.3,149,Ziggs,sup,10.4%,D,49.1%,+0.5%,1.5%,167
Bronze,VN,16.3,150,Aurora,mid,81.8%,D,48.7%,-3.2%,2.3%,261
Bronze,VN,16.3,151,Zed,jun,17.1%,D,46.3%,-1.8%,5.2%,574
Bronze,VN,16.3,152,Maokai,sup,81.0%,D,49.2%,+0.0%,1.2%,128
Bronze,VN,16.3,153,Warwick,jun,89.1%,D,47.4%,+1.0%,5.4%,597
Bronze,VN,16.3,154,Pantheon,sup,51.9%,D,47.1%,-1.9%,6.2%,686
Bronze,VN,16.3,155,Ekko,mid,49.7%,D,47.6%,-5.8%,4.1%,454
Bronze,VN,16.3,156,Mel,mid,47.1%,D,45.2%,-3.6%,6.6%,739
Bronze,VN,16.3,157,Alistar,sup,94.7%,D,47.6%,-1.2%,3.5%,393
Bronze,VN,16.3,158,Lulu,sup,96.6%,D,48.2%,-0.8%,2.2%,245
Bronze,VN,16.3,159,Riven,top,87.0%,D,48.1%,+3.2%,2.6%,285
Bronze,VN,16.3,160,Kennen,top,71.3%,D,48.4%,+0.1%,1.6%,182
Bronze,VN,16.3,161,Twisted Fate,mid,85.2%,D,48.1%,+0.2%,2.5%,283
Bronze,VN,16.3,162,Hwei,mid,76.2%,D,48.1%,-4.5%,1.9%,214
Bronze,VN,16.3,163,Shyvana,jun,91.3%,D,48.4%,-2.2%,1.2%,128
Bronze,VN,16.3,164,Xayah,adc,98.4%,D,47.6%,-4.1%,2.7%,296
Bronze,VN,16.3,165,Taliyah,mid,77.3%,D,47.9%,+3.2%,1.3%,146
Bronze,VN,16.3,166,Cho'Gath,top,66.7%,D,46.7%,-4.1%,3.4%,377
Bronze,VN,16.3,167,Pantheon,jun,14.5%,D,47.4%,-5.1%,1.2%,137
Bronze,VN,16.3,168,Vayne,top,26.7%,D,45.9%,-3.2%,3.1%,344
Bronze,VN,16.3,169,Kalista,adc,88.7%,D,47.2%,+0.7%,1.4%,161
Bronze,VN,16.3,170,Ryze,mid,83.7%,D,45.9%,-2.0%,5.6%,617
Bronze,VN,16.3,171,Singed,top,83.8%,D,46.7%,-3.4%,1.6%,182
Bronze,VN,16.3,172,Gwen,top,60.5%,D,46.4%,-4.7%,2.1%,237
Bronze,VN,16.3,173,Fiddlesticks,jun,76.7%,D,46.6%,-6.5%,1.0%,116
Bronze,VN,16.3,174,Galio,sup,16.9%,D,46.3%,-5.2%,1.5%,164
Bronze,VN,16.3,175,Nidalee,jun,61.7%,D,46.1%,+0.9%,2.0%,219
Bronze,VN,16.3,176,Twitch,adc,88.4%,D,45.8%,-7.7%,2.6%,286
Bronze,VN,16.3,177,Jayce,top,44.0%,D,45.1%,-1.7%,3.7%,415
Bronze,VN,16.3,178,Senna,sup,85.4%,D,45.5%,-1.4%,3.8%,426
Bronze,VN,16.3,179,Varus,adc,58.1%,D,44.2%,-2.2%,7.1%,791
Bronze,VN,16.3,180,Qiyana,mid,63.9%,D,45.3%,-1.4%,3.5%,393
Bronze,VN,16.3,181,K'Sante,top,93.8%,D,44.4%,+1.3%,4.5%,500
Bronze,VN,16.3,182,Zoe,mid,83.2%,D,44.7%,-0.8%,2.6%,293
Bronze,VN,16.3,183,Cassiopeia,mid,74.1%,D,45.5%,+0.3%,1.0%,112
Bronze,VN,16.3,184,Rakan,sup,97.3%,D,45.2%,-4.9%,2.2%,248
Bronze,VN,16.3,185,Olaf,top,84.3%,D,44.9%,+1.3%,1.1%,118
Bronze,VN,16.3,186,Orianna,mid,94.2%,D,44.3%,-3.4%,2.9%,325
Bronze,VN,16.3,187,Draven,adc,95.2%,D,44.0%,-0.9%,2.5%,273
Bronze,VN,16.3,188,Poppy,sup,64.8%,D,43.9%,-4.0%,2.0%,221
Bronze,VN,16.3,189,Qiyana,jun,33.4%,D,43.9%,+6.1%,1.4%,157
Bronze,VN,16.3,190,Gnar,top,95.1%,D,43.8%,-2.5%,2.0%,224
Bronze,VN,16.3,191,Hecarim,jun,98.7%,D,44.0%,+4.2%,1.3%,141
Bronze,VN,16.3,192,Rumble,top,84.7%,D,43.5%,-6.4%,1.9%,207
Bronze,VN,16.3,193,Sylas,sup,4.6%,D,41.5%,-9.1%,1.7%,188
Bronze,VN,16.3,194,Talon,jun,55.3%,D,43.3%,-0.8%,1.3%,141
Bronze,VN,16.3,195,Yasuo,sup,0.7%,D,41.3%,+0.5%,1.2%,138
Bronze,VN,16.3,196,Azir,mid,93.2%,D,42.0%,-3.2%,3.3%,369
Bronze,VN,16.3,197,Gangplank,top,85.6%,D,42.3%,-7.6%,1.5%,168
Bronze,VN,16.3,198,Bard,sup,96.8%,D,40.7%,-5.3%,2.4%,270
Bronze,VN,16.3,199,Rengar,jun,91.8%,D,40.6%,-1.7%,2.0%,217
Bronze,VN,16.3,200,Miss Fortune,sup,1.7%,D,39.9%,-4.1%,1.5%,163
Bronze,VN,15.24,1,Brand,mid,21.1%,S+,57.3%,-1.9%,2.4%,1 509
Bronze,VN,15.24,2,Brand,sup,68.1%,S+,54.6%,+0.2%,7.2%,4 587
Bronze,VN,15.24,3,Lux,sup,72.1%,S+,52.9%,+2.1%,15.9%,10 117
Bronze,VN,15.24,4,Mordekaiser,top,88.5%,S+,53.1%,-1.0%,9.8%,6 197
Bronze,VN,15.24,5,Yorick,top,88.5%,S+,55.8%,+3.5%,3.1%,1 965
Bronze,VN,15.24,6,Smolder,adc,82.2%,S+,52.4%,-0.6%,14.8%,9 377
Bronze,VN,15.24,7,Xerath,sup,48.0%,S+,54.0%,+2.6%,4.9%,3 132
Bronze,VN,15.24,8,Morgana,sup,78.1%,S+,52.7%,+1.3%,9.0%,5 712
Bronze,VN,15.24,9,Master Yi,jun,91.2%,S+,51.7%,-1.7%,15.1%,9 592
Bronze,VN,15.24,10,Sett,top,90.8%,S+,54.1%,+0.5%,7.9%,5 032
Bronze,VN,15.24,11,Sylas,sup,4.6%,S+,54.5%,-9.1%,2.4%,1 503
Bronze,VN,15.24,12,Xerath,mid,49.1%,S+,54.1%,-2.3%,3.6%,2 302
Bronze,VN,15.24,13,Teemo,top,63.8%,S+,53.4%,+0.4%,5.5%,3 516
Bronze,VN,15.24,14,Lux,mid,24.6%,S+,53.5%,+1.4%,4.9%,3 139
Bronze,VN,15.24,15,Teemo,sup,15.7%,S+,53.9%,+2.3%,3.2%,2 016
Bronze,VN,15.24,16,Viktor,mid,94.7%,S+,54.7%,+0.3%,4.5%,2 834
Bronze,VN,15.24,17,Vex,mid,94.3%,S+,55.6%,+5.5%,2.0%,1 281
Bronze,VN,15.24,18,Malphite,jun,33.5%,S+,51.7%,-0.4%,9.5%,6 007
Bronze,VN,15.24,19,Garen,top,91.1%,S+,51.7%,+0.4%,13.6%,8 666
Bronze,VN,15.24,20,Morgana,mid,16.7%,S+,53.7%,+6.4%,2.2%,1 403
Bronze,VN,15.24,21,Graves,jun,89.4%,S+,51.3%,-0.2%,13.6%,8 663
Bronze,VN,15.24,22,Miss Fortune,adc,96.9%,S+,52.0%,-1.3%,20.1%,12 749
Bronze,VN,15.24,23,Caitlyn,adc,95.4%,S+,50.4%,-1.6%,20.5%,13 033
Bronze,VN,15.24,24,Briar,jun,92.6%,S,54.6%,+0.5%,1.7%,1 109
Bronze,VN,15.24,25,Nasus,jun,15.9%,S,53.6%,-3.0%,2.0%,1 264
Bronze,VN,15.24,26,Malzahar,mid,88.1%,S,52.9%,-2.3%,4.5%,2 868
Bronze,VN,15.24,27,Sylas,mid,48.0%,S,50.4%,-1.3%,10.6%,6 731
Bronze,VN,15.24,28,Jinx,adc,98.6%,S,51.4%,+0.1%,15.9%,10 071
Bronze,VN,15.24,29,Kayle,top,81.3%,S,54.4%,+0.5%,2.3%,1 486
Bronze,VN,15.24,30,Jhin,adc,96.2%,S,51.3%,-1.3%,16.8%,10 661
Bronze,VN,15.24,31,Veigar,mid,80.6%,S,51.8%,-0.3%,8.1%,5 145
Bronze,VN,15.24,32,Malphite,top,44.0%,S,51.3%,+0.4%,6.5%,4 112
Bronze,VN,15.24,33,Jax,jun,60.6%,S,52.0%,-0.6%,7.3%,4 654
Bronze,VN,15.24,34,Aurelion Sol,mid,82.3%,S,53.9%,+6.4%,2.5%,1 587
Bronze,VN,15.24,35,Malphite,mid,8.2%,S,52.4%,-0.2%,2.4%,1 509
Bronze,VN,15.24,36,Yasuo,mid,71.9%,S,49.4%,-0.1%,17.7%,11 248
Bronze,VN,15.24,37,Aatrox,jun,32.2%,S,51.5%,-3.2%,4.8%,3 048
Bronze,VN,15.24,38,Nasus,top,78.5%,S,51.4%,-3.9%,7.1%,4 492
Bronze,VN,15.24,39,Dr.Mundo,top,59.4%,A,51.1%,+2.2%,6.1%,3 889
Bronze,VN,15.24,40,Dr.Mundo,jun,35.4%,A,51.7%,-2.3%,3.9%,2 449
Bronze,VN,15.24,41,Diana,jun,55.1%,A,52.8%,-3.9%,4.0%,2 547
Bronze,VN,15.24,42,Cho'Gath,mid,10.7%,A,53.3%,-1.7%,1.1%,724
Bronze,VN,15.24,43,Zaahen,top,68.9%,A,50.1%,+1.4%,8.0%,5 093
Bronze,VN,15.24,44,Rammus,jun,92.5%,A,53.6%,-7.4%,1.6%,1 015
Bronze,VN,15.24,45,Teemo,jun,12.3%,A,51.9%,+4.6%,1.7%,1 102
Bronze,VN,15.24,46,Aatrox,top,65.0%,A,49.1%,-1.5%,10.9%,6 936
Bronze,VN,15.24,47,Sylas,jun,42.4%,A,50.1%,+0.3%,7.4%,4 690
Bronze,VN,15.24,48,Warwick,jun,87.3%,A,52.2%,+1.0%,5.2%,3 317
Bronze,VN,15.24,49,Ziggs,adc,56.9%,A,53.1%,+7.9%,2.4%,1 513
Bronze,VN,15.24,50,Mel,sup,40.2%,A,50.2%,-1.1%,6.8%,4 296
Bronze,VN,15.24,51,Malphite,sup,14.0%,A,49.2%,-3.2%,9.7%,6 150
Bronze,VN,15.24,52,Lillia,jun,93.1%,A,52.8%,-0.9%,2.8%,1 768
Bronze,VN,15.24,53,Fizz,mid,90.3%,A,50.5%,+0.6%,6.9%,4 358
Bronze,VN,15.24,54,Jarvan IV,jun,89.9%,A,51.7%,+2.7%,6.1%,3 879
Bronze,VN,15.24,55,Nocturne,jun,97.0%,A,50.7%,+2.2%,5.6%,3 587
Bronze,VN,15.24,56,Ashe,adc,88.1%,A,50.1%,-1.4%,11.0%,7 004
Bronze,VN,15.24,57,Sion,top,72.8%,A,52.8%,+1.4%,2.3%,1 446
Bronze,VN,15.24,58,Shaco,sup,18.0%,A,51.4%,+8.1%,1.4%,904
Bronze,VN,15.24,59,Amumu,jun,89.4%,A,53.0%,-5.6%,1.5%,953
Bronze,VN,15.24,60,Illaoi,top,94.8%,A,51.2%,+2.9%,3.8%,2 400
Bronze,VN,15.24,61,Swain,sup,59.7%,A,52.0%,+1.7%,4.3%,2 736
Bronze,VN,15.24,62,Wukong,jun,79.3%,A,52.4%,+1.7%,3.4%,2 142
Bronze,VN,15.24,63,Nautilus,sup,96.2%,A,49.6%,-3.3%,9.3%,5 913
Bronze,VN,15.24,64,Teemo,mid,5.5%,B,51.3%,-4.3%,1.2%,772
Bronze,VN,15.24,65,Vel'Koz,sup,69.1%,B,52.6%,-1.1%,2.2%,1 376
Bronze,VN,15.24,66,Ahri,mid,95.4%,B,51.0%,-0.1%,6.1%,3 888
Bronze,VN,15.24,67,Kai'Sa,adc,96.5%,B,49.4%,+3.8%,18.0%,11 454
Bronze,VN,15.24,68,Zyra,sup,85.4%,B,52.5%,-4.1%,2.2%,1 376
Bronze,VN,15.24,69,Leona,sup,99.1%,B,50.6%,-5.5%,6.4%,4 064
Bronze,VN,15.24,70,Ezreal,adc,92.9%,B,49.2%,+1.2%,14.9%,9 489
Bronze,VN,15.24,71,Naafiri,mid,57.7%,B,52.3%,-1.3%,1.1%,684
Bronze,VN,15.24,72,Mel,mid,48.8%,B,49.0%,-3.6%,7.8%,4 957
Bronze,VN,15.24,73,Sylas,top,4.5%,B,50.9%,-1.4%,1.5%,933
Bronze,VN,15.24,74,Kha'Zix,jun,99.0%,B,50.3%,-0.1%,7.1%,4 528
Bronze,VN,15.24,75,Jayce,jun,26.7%,B,52.1%,+2.2%,1.4%,866
Bronze,VN,15.24,76,Yone,mid,60.4%,B,48.4%,+2.6%,10.5%,6 693
Bronze,VN,15.24,77,Smolder,mid,10.9%,B,50.2%,+0.5%,4.8%,3 067
Bronze,VN,15.24,78,Darius,top,91.0%,B,47.6%,-1.0%,12.0%,7 652
Bronze,VN,15.24,79,Viego,jun,97.5%,C,51.2%,-0.7%,5.0%,3 162
Bronze,VN,15.24,80,Vayne,adc,77.7%,C,50.2%,+1.0%,6.7%,4 227
Bronze,VN,15.24,81,Soraka,sup,97.4%,C,52.3%,-0.5%,1.1%,707
Bronze,VN,15.24,82,Smolder,top,6.3%,C,50.5%,-4.7%,2.7%,1 704
Bronze,VN,15.24,83,LeeSin,jun,89.8%,C,47.4%,+1.6%,17.1%,10 859
Bronze,VN,15.24,84,Urgot,top,92.8%,C,52.2%,+4.8%,1.3%,847
Bronze,VN,15.24,85,Trundle,jun,68.4%,C,51.8%,+3.4%,2.3%,1 451
Bronze,VN,15.24,86,Pantheon,top,21.1%,C,51.6%,-0.1%,1.7%,1 056
Bronze,VN,15.24,87,Yasuo,top,18.8%,C,48.8%,-1.2%,6.5%,4 135
Bronze,VN,15.24,88,Sejuani,jun,82.5%,C,52.0%,+3.1%,1.5%,940
Bronze,VN,15.24,89,Volibear,jun,60.4%,C,51.6%,-1.3%,2.2%,1 416
Bronze,VN,15.24,90,Ziggs,mid,30.8%,C,51.6%,+1.9%,2.1%,1 346
Bronze,VN,15.24,91,Zed,mid,71.6%,C,47.3%,+0.6%,11.0%,6 967
Bronze,VN,15.24,92,Renekton,top,92.8%,C,50.3%,+4.4%,5.9%,3 740
Bronze,VN,15.24,93,Leblanc,mid,88.5%,C,49.4%,+1.2%,4.3%,2 724
Bronze,VN,15.24,94,Nami,sup,99.6%,C,51.9%,+8.8%,1.3%,825
Bronze,VN,15.24,95,Yone,top,36.8%,C,48.3%,+1.4%,8.5%,5 403
Bronze,VN,15.24,96,Cho'Gath,top,64.0%,C,50.4%,-4.1%,4.1%,2 581
Bronze,VN,15.24,97,Anivia,mid,71.1%,C,51.6%,-0.6%,1.6%,1 006
Bronze,VN,15.24,98,Blitzcrank,sup,97.9%,C,48.6%,+2.3%,6.1%,3 902
Bronze,VN,15.24,99,Lissandra,mid,87.9%,C,51.5%,+2.8%,1.6%,986
Bronze,VN,15.24,100,Milio,sup,99.0%,C,51.6%,+6.2%,1.4%,886
Bronze,VN,15.24,101,Maokai,sup,81.1%,C,51.6%,+0.0%,1.2%,763
Bronze,VN,15.24,102,Shaco,jun,76.3%,C,49.0%,-1.9%,4.2%,2 659
Bronze,VN,15.24,103,Cho'Gath,jun,15.9%,C,50.9%,-1.8%,1.6%,996
Bronze,VN,15.24,104,Samira,adc,97.9%,C,50.7%,+2.7%,3.3%,2 076
Bronze,VN,15.24,105,Kayn,jun,94.2%,C,50.0%,+2.0%,5.8%,3 658
Bronze,VN,15.24,106,Veigar,sup,9.5%,C,50.4%,-0.7%,2.3%,1 431
Bronze,VN,15.24,107,Seraphine,sup,94.0%,C,50.8%,+4.5%,3.4%,2 160
Bronze,VN,15.24,108,Jax,top,37.2%,C,49.6%,-2.4%,4.9%,3 125
Bronze,VN,15.24,109,Zed,jun,24.6%,C,48.0%,-1.8%,6.9%,4 399
Bronze,VN,15.24,110,Evelynn,jun,96.9%,C,51.4%,+6.5%,1.0%,658
Bronze,VN,15.24,111,Thresh,sup,97.4%,C,48.6%,+0.5%,8.8%,5 570
Bronze,VN,15.24,112,Tahm Kench,sup,72.0%,C,50.2%,-1.0%,3.5%,2 229
Bronze,VN,15.24,113,Tryndamere,top,75.3%,C,49.9%,+4.0%,3.9%,2 507
Bronze,VN,15.24,114,Hwei,mid,75.2%,C,50.9%,-4.5%,1.8%,1 148
Bronze,VN,15.24,115,Senna,sup,84.9%,C,50.1%,-1.4%,4.5%,2 879
Bronze,VN,15.24,116,Naafiri,jun,34.7%,C,50.2%,-1.4%,2.4%,1 537
Bronze,VN,15.24,117,Rumble,top,81.2%,D,50.7%,-6.4%,1.9%,1 199
Bronze,VN,15.24,118,Dr.Mundo,sup,1.9%,D,49.2%,-4.0%,1.2%,764
Bronze,VN,15.24,119,Ambessa,top,69.5%,D,49.4%,+3.5%,3.1%,1 979
Bronze,VN,15.24,120,Aurora,mid,81.3%,D,50.4%,-3.2%,1.6%,1 013
Bronze,VN,15.24,121,Sivir,adc,97.3%,D,50.3%,-3.0%,3.1%,1 979
Bronze,VN,15.24,122,Ekko,mid,50.8%,D,50.2%,-5.8%,3.1%,1 993
Bronze,VN,15.24,123,Poppy,sup,67.2%,D,50.4%,-4.0%,2.1%,1 354
Bronze,VN,15.24,124,Twisted Fate,mid,83.3%,D,50.1%,+0.2%,3.2%,2 016
Bronze,VN,15.24,125,Ziggs,sup,10.1%,D,50.3%,+0.5%,1.7%,1 101
Bronze,VN,15.24,126,Braum,sup,98.6%,D,50.1%,+3.2%,2.6%,1 650
Bronze,VN,15.24,127,Pantheon,sup,48.2%,D,48.7%,-1.9%,6.0%,3 788
Bronze,VN,15.24,128,Diana,mid,43.2%,D,49.8%,-3.4%,2.3%,1 439
Bronze,VN,15.24,129,Zaahen,jun,25.9%,D,48.4%,-4.9%,2.2%,1 428
Bronze,VN,15.24,130,Bard,sup,96.1%,D,50.2%,-5.3%,1.4%,883
Bronze,VN,15.24,131,Irelia,mid,49.4%,D,49.8%,+0.7%,2.0%,1 256
Bronze,VN,15.24,132,Katarina,mid,96.0%,D,49.8%,-0.8%,2.5%,1 573
Bronze,VN,15.24,133,Neeko,sup,78.3%,D,49.4%,+2.6%,3.6%,2 315
Bronze,VN,15.24,134,Shyvana,jun,91.4%,D,50.3%,-2.2%,1.1%,724
Bronze,VN,15.24,135,Fiora,top,96.6%,D,50.1%,+2.2%,1.4%,920
Bronze,VN,15.24,136,Lucian,adc,94.9%,D,48.4%,+0.2%,7.0%,4 418
Bronze,VN,15.24,137,Karma,sup,90.7%,D,49.9%,-2.0%,2.2%,1 366
Bronze,VN,15.24,138,Jayce,top,52.5%,D,48.7%,-1.7%,4.6%,2 925
Bronze,VN,15.24,139,Tryndamere,jun,17.7%,D,49.4%,-1.6%,2.0%,1 242
Bronze,VN,15.24,140,Akali,mid,87.8%,D,47.2%,+1.2%,6.7%,4 278
Bronze,VN,15.24,141,Rakan,sup,97.9%,D,49.7%,-4.9%,2.2%,1 373
Bronze,VN,15.24,142,Xin Zhao,jun,88.6%,D,49.2%,+6.9%,3.4%,2 143
Bronze,VN,15.24,143,Pyke,sup,97.6%,D,47.0%,-1.8%,7.6%,4 855
Bronze,VN,15.24,144,Tristana,mid,5.8%,D,49.8%,-3.4%,1.1%,675
Bronze,VN,15.24,145,Irelia,top,48.9%,D,49.2%,+2.0%,2.3%,1 493
Bronze,VN,15.24,146,Heimerdinger,top,61.1%,D,49.0%,-1.8%,1.1%,668
Bronze,VN,15.24,147,Sona,sup,98.5%,D,49.5%,-3.5%,1.1%,717
Bronze,VN,15.24,148,Karthus,jun,71.3%,D,49.4%,-2.7%,1.2%,763
Bronze,VN,15.24,149,Tristana,adc,92.3%,D,47.1%,+0.9%,8.6%,5 435
Bronze,VN,15.24,150,Xayah,adc,98.5%,D,48.7%,-4.1%,3.2%,2 054
Bronze,VN,15.24,151,Quinn,top,72.5%,D,49.2%,-1.1%,1.0%,662
Bronze,VN,15.24,152,Kindred,jun,95.6%,D,48.5%,+1.9%,3.4%,2 155
Bronze,VN,15.24,153,Vayne,top,19.3%,D,48.3%,-3.2%,2.1%,1 365
Bronze,VN,15.24,154,Yunara,adc,97.0%,D,47.4%,+0.4%,5.9%,3 727
Bronze,VN,15.24,155,Volibear,top,37.0%,D,48.6%,-2.2%,2.3%,1 472
Bronze,VN,15.24,156,Cassiopeia,mid,72.7%,D,48.8%,+0.3%,1.1%,711
Bronze,VN,15.24,157,Lulu,sup,96.6%,D,48.5%,-0.8%,2.1%,1 329
Bronze,VN,15.24,158,LeeSin,sup,4.1%,D,47.0%,+2.2%,1.8%,1 133
Bronze,VN,15.24,159,Varus,adc,78.0%,D,47.3%,-2.2%,5.7%,3 599
Bronze,VN,15.24,160,Cho'Gath,sup,7.9%,D,47.9%,+1.2%,1.8%,1 173
Bronze,VN,15.24,161,Orianna,mid,94.5%,D,48.3%,-3.4%,2.5%,1 581
Bronze,VN,15.24,162,Aphelios,adc,96.7%,D,47.6%,+1.5%,4.4%,2 776
Bronze,VN,15.24,163,Galio,sup,17.8%,D,48.5%,-5.2%,1.3%,831
Bronze,VN,15.24,164,Galio,mid,76.5%,D,47.5%,+1.2%,4.4%,2 792
Bronze,VN,15.24,165,Syndra,mid,93.4%,D,48.0%,+3.6%,2.5%,1 616
Bronze,VN,15.24,166,Vi,jun,92.5%,D,48.1%,+4.3%,2.5%,1 596
Bronze,VN,15.24,167,Ryze,mid,82.2%,D,47.9%,-2.0%,2.9%,1 848
Bronze,VN,15.24,168,Taliyah,mid,77.1%,D,48.5%,+3.2%,1.1%,710
Bronze,VN,15.24,169,Alistar,sup,93.0%,D,47.5%,-1.2%,3.4%,2 154
Bronze,VN,15.24,170,Ekko,jun,45.3%,D,48.0%,+2.9%,2.3%,1 493
Bronze,VN,15.24,171,Zoe,mid,81.2%,D,47.6%,-0.8%,2.7%,1 724
Bronze,VN,15.24,172,Gnar,top,93.9%,D,48.2%,-2.5%,1.4%,881
Bronze,VN,15.24,173,Ezreal,mid,4.7%,D,47.7%,+9.5%,1.7%,1 076
Bronze,VN,15.24,174,Rell,sup,98.5%,D,47.9%,+3.9%,1.8%,1 126
Bronze,VN,15.24,175,Ashe,sup,7.6%,D,47.5%,+6.9%,2.2%,1 386
Bronze,VN,15.24,176,Singed,top,84.1%,D,47.7%,-3.4%,1.7%,1 064
Bronze,VN,15.24,177,Akali,top,11.2%,D,46.5%,-1.4%,1.2%,782
Bronze,VN,15.24,178,Gangplank,top,83.0%,D,47.5%,-7.6%,1.4%,869
Bronze,VN,15.24,179,Zeri,adc,94.6%,D,47.1%,+3.3%,1.8%,1 137
Bronze,VN,15.24,180,Ornn,top,83.3%,D,47.0%,-1.7%,1.8%,1 124
Bronze,VN,15.24,181,Nidalee,jun,67.1%,D,46.7%,+0.9%,2.6%,1 644
Bronze,VN,15.24,182,Draven,adc,94.2%,D,46.4%,-0.9%,2.3%,1 473
Bronze,VN,15.24,183,Pantheon,jun,20.2%,D,46.3%,-5.1%,1.9%,1 214
Bronze,VN,15.24,184,Kalista,adc,90.2%,D,46.2%,+0.7%,2.1%,1 329
Bronze,VN,15.24,185,Miss Fortune,sup,1.7%,D,46.0%,-4.1%,1.7%,1 076
Bronze,VN,15.24,186,Shen,top,63.8%,D,46.2%,+9.7%,1.2%,760
Bronze,VN,15.24,187,Twitch,adc,81.9%,D,45.6%,-7.7%,2.0%,1 297
Bronze,VN,15.24,188,Gwen,top,79.6%,D,45.8%,-4.7%,1.9%,1 180
Bronze,VN,15.24,189,Gragas,top,55.8%,D,46.0%,+3.7%,1.0%,657
Bronze,VN,15.24,190,Riven,top,82.0%,D,45.5%,+3.2%,2.7%,1 705
Bronze,VN,15.24,191,Qiyana,mid,52.2%,D,44.9%,-1.4%,3.9%,2 488
Bronze,VN,15.24,192,Yasuo,sup,0.9%,D,44.1%,+0.5%,1.3%,836
Bronze,VN,15.24,193,Talon,jun,60.2%,D,45.9%,-0.8%,1.0%,658
Bronze,VN,15.24,194,Camille,top,83.7%,D,45.5%,+1.5%,1.2%,789
Bronze,VN,15.24,195,Azir,mid,92.4%,D,44.2%,-3.2%,2.6%,1 642
Bronze,VN,15.24,196,K'Sante,top,93.8%,D,43.3%,+1.3%,3.2%,2 010
Bronze,VN,15.24,197,Yuumi,sup,97.9%,D,43.2%,+5.9%,2.6%,1 644
Bronze,VN,15.24,198,Qiyana,jun,44.8%,D,42.7%,+6.1%,1.9%,1 225
Bronze,VN,15.24,199,Hecarim,jun,98.5%,D,42.9%,+4.2%,1.1%,697
Bronze,VN,15.24,200,Rengar,jun,91.3%,D,39.3%,-1.7%,2.2%,1 426
Bronze,KR,16.3,1,Milio,sup,99.2%,S+,57.8%,+5.0%,1.3%,417
Bronze,KR,16.3,2,Swain,sup,62.6%,S+,54.5%,+1.8%,5.7%,1 889
Bronze,KR,16.3,3,Morgana,sup,86.4%,S+,52.5%,+0.5%,9.7%,3 201
Bronze,KR,16.3,4,Miss Fortune,adc,96.8%,S+,51.7%,+0.3%,17.9%,5 865
Bronze,KR,16.3,5,Mordekaiser,top,88.2%,S+,51.9%,+0.4%,10.7%,3 510
Bronze,KR,16.3,6,Yasuo,mid,74.9%,S+,51.3%,-0.5%,16.2%,5 323
Bronze,KR,16.3,7,Swain,adc,12.9%,S+,54.8%,-1.6%,2.1%,675
Bronze,KR,16.3,8,Malphite,mid,7.9%,S+,54.5%,+1.5%,1.3%,426
Bronze,KR,16.3,9,Samira,adc,98.1%,S+,53.4%,+1.2%,6.9%,2 264
Bronze,KR,16.3,10,Braum,sup,99.1%,S+,53.8%,+0.9%,5.1%,1 689
Bronze,KR,16.3,11,Caitlyn,adc,96.8%,S+,51.2%,+1.0%,22.6%,7 419
Bronze,KR,16.3,12,Zyra,sup,81.7%,S+,55.8%,+1.6%,1.8%,581
Bronze,KR,16.3,13,Sett,top,92.2%,S+,51.8%,+0.9%,12.0%,3 953
Bronze,KR,16.3,14,Leona,sup,99.3%,S+,51.8%,-1.2%,9.2%,3 031
Bronze,KR,16.3,15,Sion,top,74.2%,S+,55.3%,+1.9%,2.8%,930
Bronze,KR,16.3,16,Rammus,jun,94.1%,S+,54.4%,-1.0%,2.9%,969
Bronze,KR,16.3,17,Malphite,top,45.2%,S+,52.0%,+0.9%,7.5%,2 464
Bronze,KR,16.3,18,Nautilus,sup,97.5%,S+,50.6%,-0.1%,13.1%,4 288
Bronze,KR,16.3,19,Lux,sup,72.3%,S+,50.6%,+0.2%,17.8%,5 846
Bronze,KR,16.3,20,Jinx,adc,98.8%,S+,51.0%,-1.1%,13.3%,4 383
Bronze,KR,16.3,21,Briar,jun,92.3%,S+,53.7%,+1.1%,5.1%,1 669
Bronze,KR,16.3,22,Aphelios,adc,97.7%,S+,51.3%,-0.0%,9.3%,3 066
Bronze,KR,16.3,23,Yone,top,34.7%,S,50.4%,+1.3%,12.6%,4 143
Bronze,KR,16.3,24,Yorick,top,90.1%,S,53.1%,+0.8%,4.5%,1 483
Bronze,KR,16.3,25,Malphite,jun,31.3%,S,51.7%,-0.0%,6.9%,2 262
Bronze,KR,16.3,26,Syndra,mid,95.1%,S,54.4%,+3.2%,2.4%,774
Bronze,KR,16.3,27,Blitzcrank,sup,98.3%,S,50.6%,+0.4%,10.2%,3 353
Bronze,KR,16.3,28,Irelia,mid,48.5%,S,52.5%,+0.5%,3.7%,1 213
Bronze,KR,16.3,29,Veigar,mid,78.9%,S,53.9%,+2.4%,3.7%,1 208
Bronze,KR,16.3,30,Xin Zhao,jun,89.0%,S,51.6%,+3.0%,10.0%,3 295
Bronze,KR,16.3,31,Akali,mid,83.5%,S,49.9%,+1.0%,16.6%,5 464
Bronze,KR,16.3,32,Teemo,sup,13.4%,S,52.9%,+2.0%,1.8%,603
Bronze,KR,16.3,33,Ahri,mid,96.6%,S,50.9%,+1.1%,12.3%,4 027
Bronze,KR,16.3,34,Viego,jun,97.1%,S,50.2%,+0.2%,15.6%,5 139
Bronze,KR,16.3,35,Gwen,jun,36.6%,S,54.2%,+4.9%,1.7%,555
Bronze,KR,16.3,36,Teemo,jun,9.6%,S,52.9%,+0.2%,1.5%,503
Bronze,KR,16.3,37,Brand,sup,64.0%,S,54.0%,+0.8%,2.6%,865
Bronze,KR,16.3,38,Ornn,top,91.3%,S,53.8%,+1.0%,3.6%,1 187
Bronze,KR,16.3,39,Vex,mid,95.4%,S,52.0%,+0.8%,5.9%,1 952
Bronze,KR,16.3,40,Diana,mid,40.0%,S,53.2%,+1.4%,4.0%,1 317
Bronze,KR,16.3,41,Ekko,jun,47.2%,S,52.8%,-0.2%,4.3%,1 410
Bronze,KR,16.3,42,Amumu,jun,91.9%,S,53.4%,+0.5%,4.2%,1 389
Bronze,KR,16.3,43,Nocturne,jun,97.3%,S,51.6%,+1.4%,6.5%,2 138
Bronze,KR,16.3,44,Heimerdinger,top,59.9%,S,53.0%,+4.6%,1.7%,549
Bronze,KR,16.3,45,Lillia,jun,92.8%,A,53.1%,-1.2%,3.9%,1 277
Bronze,KR,16.3,46,Yone,mid,62.8%,A,49.3%,+0.4%,15.6%,5 134
Bronze,KR,16.3,47,Sylas,jun,32.2%,A,49.5%,+1.1%,11.1%,3 654
Bronze,KR,16.3,48,Rakan,sup,97.3%,A,53.5%,+3.7%,2.9%,960
Bronze,KR,16.3,49,Zaahen,jun,33.3%,A,53.5%,+6.0%,1.9%,632
Bronze,KR,16.3,50,Vi,jun,93.1%,A,52.3%,+1.6%,6.4%,2 104
Bronze,KR,16.3,51,Singed,top,83.8%,A,53.9%,-1.4%,1.1%,356
Bronze,KR,16.3,52,Naafiri,jun,19.0%,A,52.3%,+2.6%,1.9%,627
Bronze,KR,16.3,53,Kayle,top,87.6%,A,53.3%,-0.9%,2.6%,840
Bronze,KR,16.3,54,Volibear,jun,67.1%,A,51.4%,-2.9%,5.1%,1 671
Bronze,KR,16.3,55,Yasuo,adc,7.2%,A,52.0%,+3.4%,1.4%,446
Bronze,KR,16.3,56,Sett,mid,2.3%,A,52.8%,-1.6%,1.1%,358
Bronze,KR,16.3,57,Sylas,mid,58.3%,A,48.7%,+0.5%,12.2%,3 994
Bronze,KR,16.3,58,Master Yi,jun,91.1%,A,49.3%,+0.8%,10.0%,3 275
Bronze,KR,16.3,59,Aurelion Sol,mid,82.9%,A,53.6%,+4.9%,1.3%,416
Bronze,KR,16.3,60,Talon,mid,42.9%,A,53.2%,+2.8%,2.0%,660
Bronze,KR,16.3,61,Garen,top,92.0%,A,51.8%,-0.4%,5.4%,1 777
Bronze,KR,16.3,62,Amumu,sup,7.6%,A,53.4%,-0.7%,1.2%,401
Bronze,KR,16.3,63,Viktor,mid,95.1%,A,52.6%,+0.8%,2.9%,969
Bronze,KR,16.3,64,Xayah,adc,98.4%,A,53.0%,+0.9%,2.8%,914
Bronze,KR,16.3,65,Malzahar,mid,90.6%,A,51.6%,-3.4%,3.9%,1 297
Bronze,KR,16.3,66,Jax,top,43.3%,A,50.7%,-0.1%,5.8%,1 920
Bronze,KR,16.3,67,Kai'Sa,adc,96.9%,A,49.6%,+1.3%,19.9%,6 527
Bronze,KR,16.3,68,Naafiri,mid,73.4%,A,50.5%,-1.2%,5.9%,1 942
Bronze,KR,16.3,69,Nasus,top,74.9%,A,52.1%,+0.4%,4.0%,1 308
Bronze,KR,16.3,70,Galio,mid,78.3%,A,50.9%,+0.4%,7.1%,2 345
Bronze,KR,16.3,71,Xerath,mid,51.3%,A,50.9%,+0.3%,3.3%,1 074
Bronze,KR,16.3,72,Neeko,sup,78.0%,A,50.9%,+1.3%,6.4%,2 089
Bronze,KR,16.3,73,Galio,sup,16.9%,B,52.3%,+0.3%,1.4%,457
Bronze,KR,16.3,74,Jhin,adc,96.2%,B,49.3%,-1.6%,12.4%,4 058
Bronze,KR,16.3,75,Darius,top,92.5%,B,48.6%,+0.3%,9.8%,3 217
Bronze,KR,16.3,76,Xerath,sup,45.5%,B,49.7%,-3.0%,6.1%,1 991
Bronze,KR,16.3,77,Rell,sup,98.6%,B,52.4%,+1.1%,2.1%,694
Bronze,KR,16.3,78,Seraphine,sup,94.5%,B,50.5%,+0.0%,8.2%,2 682
Bronze,KR,16.3,79,Ezreal,adc,92.9%,B,48.2%,+1.5%,21.3%,7 008
Bronze,KR,16.3,80,Dr.Mundo,jun,42.6%,B,50.8%,-1.1%,4.1%,1 332
Bronze,KR,16.3,81,Nami,sup,99.7%,B,52.3%,+3.4%,2.2%,708
Bronze,KR,16.3,82,Irelia,top,50.0%,B,50.1%,-2.2%,3.7%,1 213
Bronze,KR,16.3,83,Illaoi,top,95.1%,B,50.7%,-1.1%,3.9%,1 277
Bronze,KR,16.3,84,Renekton,top,93.8%,B,50.4%,+0.1%,5.5%,1 803
Bronze,KR,16.3,85,Kayn,jun,95.4%,C,51.3%,+1.8%,4.8%,1 573
Bronze,KR,16.3,86,Shen,top,63.6%,C,52.3%,+2.7%,1.9%,618
Bronze,KR,16.3,87,Ashe,adc,87.4%,C,48.5%,-1.5%,11.7%,3 834
Bronze,KR,16.3,88,Dr.Mundo,top,53.8%,C,50.7%,+0.4%,4.0%,1 316
Bronze,KR,16.3,89,Akali,top,15.6%,C,49.8%,+0.8%,4.2%,1 374
Bronze,KR,16.3,90,Lux,mid,24.9%,C,50.2%,-1.7%,2.9%,949
Bronze,KR,16.3,91,Shaco,jun,80.0%,C,49.7%,+1.4%,4.2%,1 383
Bronze,KR,16.3,92,Tristana,adc,92.3%,C,50.8%,+0.9%,5.3%,1 757
Bronze,KR,16.3,93,Pantheon,mid,13.1%,C,51.7%,-0.7%,2.4%,773
Bronze,KR,16.3,94,Shaco,sup,14.8%,C,50.6%,-0.5%,1.3%,425
Bronze,KR,16.3,95,Veigar,sup,7.4%,C,52.0%,+0.7%,1.3%,427
Bronze,KR,16.3,96,Sylas,top,4.5%,C,50.5%,-0.6%,1.3%,440
Bronze,KR,16.3,97,Teemo,top,68.4%,C,49.4%,+0.1%,4.8%,1 562
Bronze,KR,16.3,98,Sivir,adc,97.5%,C,50.1%,-2.3%,5.1%,1 686
Bronze,KR,16.3,99,Zac,jun,81.8%,C,51.4%,+0.1%,3.3%,1 088
Bronze,KR,16.3,100,LeeSin,jun,90.3%,C,47.2%,-0.4%,13.3%,4 361
Bronze,KR,16.3,101,Sona,sup,98.9%,C,51.9%,+1.0%,1.8%,584
Bronze,KR,16.3,102,Vayne,adc,70.4%,C,50.5%,-0.4%,3.7%,1 203
Bronze,KR,16.3,103,Zed,mid,79.2%,C,48.1%,+1.0%,8.4%,2 767
Bronze,KR,16.3,104,Thresh,sup,97.6%,C,49.5%,+0.1%,7.9%,2 597
Bronze,KR,16.3,105,Vel'Koz,sup,71.0%,C,51.6%,+1.4%,2.0%,647
Bronze,KR,16.3,106,Warwick,jun,89.1%,C,49.1%,-0.9%,7.1%,2 349
Bronze,KR,16.3,107,Wukong,jun,77.3%,C,51.3%,-0.5%,3.0%,997
Bronze,KR,16.3,108,Jax,jun,54.6%,C,49.3%,-2.5%,4.9%,1 606
Bronze,KR,16.3,109,Yunara,adc,97.6%,C,49.4%,+1.5%,7.5%,2 467
Bronze,KR,16.3,110,Varus,mid,8.3%,C,49.8%,-1.8%,1.4%,454
Bronze,KR,16.3,111,Aatrox,top,82.9%,C,49.2%,+2.2%,7.0%,2 295
Bronze,KR,16.3,112,Malphite,sup,15.1%,C,49.4%,-1.9%,2.4%,803
Bronze,KR,16.3,113,Volibear,top,31.1%,C,49.0%,-2.7%,5.4%,1 769
Bronze,KR,16.3,114,Vladimir,mid,60.4%,C,51.3%,+1.6%,1.1%,355
Bronze,KR,16.3,115,Gwen,top,60.5%,C,50.6%,+2.0%,2.7%,901
Bronze,KR,16.3,116,Ziggs,adc,54.6%,C,51.0%,-1.3%,2.1%,677
Bronze,KR,16.3,117,Gangplank,top,85.6%,C,51.0%,+1.0%,1.4%,461
Bronze,KR,16.3,118,Twisted Fate,mid,85.2%,C,50.9%,-0.2%,2.0%,646
Bronze,KR,16.3,119,Varus,adc,58.1%,C,47.6%,-1.6%,7.3%,2 396
Bronze,KR,16.3,120,Soraka,sup,97.5%,C,51.0%,-1.4%,1.7%,563
Bronze,KR,16.3,121,Smolder,adc,86.4%,C,50.0%,-2.1%,4.1%,1 357
Bronze,KR,16.3,122,Warwick,top,10.1%,C,50.0%,+0.2%,1.2%,392
Bronze,KR,16.3,123,Tahm Kench,sup,56.7%,C,50.5%,-0.3%,2.7%,872
Bronze,KR,16.3,124,Lucian,adc,95.3%,C,48.5%,-0.5%,7.9%,2 607
Bronze,KR,16.3,125,Pyke,sup,98.3%,C,47.3%,-1.5%,7.9%,2 589
Bronze,KR,16.3,126,Maokai,sup,81.0%,D,50.4%,-0.0%,2.4%,795
Bronze,KR,16.3,127,Diana,jun,58.7%,D,49.3%,-1.6%,4.6%,1 505
Bronze,KR,16.3,128,Tahm Kench,top,40.0%,D,50.3%,-2.0%,1.9%,634
Bronze,KR,16.3,129,Karma,sup,90.1%,D,50.1%,+0.3%,2.5%,822
Bronze,KR,16.3,130,Evelynn,jun,97.2%,D,50.3%,+1.5%,1.8%,586
Bronze,KR,16.3,131,Leblanc,mid,90.7%,D,47.8%,-0.9%,5.0%,1 628
Bronze,KR,16.3,132,Cho'Gath,top,66.7%,D,50.6%,+2.0%,1.3%,425
Bronze,KR,16.3,133,Jarvan IV,jun,91.1%,D,50.1%,-1.8%,2.9%,943
Bronze,KR,16.3,134,Kennen,top,71.3%,D,49.2%,-0.2%,3.4%,1 128
Bronze,KR,16.3,135,Alistar,sup,94.7%,D,49.6%,-1.3%,3.0%,978
Bronze,KR,16.3,136,Kha'Zix,jun,99.4%,D,48.8%,-0.7%,4.7%,1 542
Bronze,KR,16.3,137,Tryndamere,top,75.7%,D,49.9%,+2.5%,1.9%,629
Bronze,KR,16.3,138,Yasuo,top,16.9%,D,47.1%,-0.8%,6.0%,1 973
Bronze,KR,16.3,139,Sejuani,jun,83.3%,D,49.9%,-4.0%,2.1%,681
Bronze,KR,16.3,140,Zaahen,top,63.9%,D,48.8%,-1.9%,4.4%,1 432
Bronze,KR,16.3,141,Varus,top,32.4%,D,47.6%,-4.8%,4.0%,1 303
Bronze,KR,16.3,142,Graves,jun,85.1%,D,49.6%,+0.8%,2.2%,722
Bronze,KR,16.3,143,Ekko,mid,49.7%,D,48.9%,-2.0%,2.3%,750
Bronze,KR,16.3,144,Twitch,adc,88.4%,D,49.5%,-2.8%,2.1%,683
Bronze,KR,16.3,145,Sylas,sup,4.6%,D,48.1%,+1.3%,1.5%,497
Bronze,KR,16.3,146,Aurora,mid,81.8%,D,49.3%,+1.4%,2.5%,823
Bronze,KR,16.3,147,Gnar,top,95.1%,D,49.4%,-0.1%,2.2%,717
Bronze,KR,16.3,148,Fiora,top,96.2%,D,49.3%,+0.9%,1.7%,568
Bronze,KR,16.3,149,Zed,jun,17.1%,D,47.7%,+1.0%,1.7%,572
Bronze,KR,16.3,150,Zilean,sup,89.1%,D,49.6%,-2.9%,1.1%,377
Bronze,KR,16.3,151,Poppy,sup,64.8%,D,49.2%,-0.2%,1.6%,516
Bronze,KR,16.3,152,Pantheon,sup,51.9%,D,48.1%,+0.3%,5.0%,1 645
Bronze,KR,16.3,153,Karthus,jun,71.7%,D,49.4%,+2.1%,1.1%,362
Bronze,KR,16.3,154,Mel,mid,47.1%,D,46.6%,-1.3%,4.8%,1 569
Bronze,KR,16.3,155,Fiddlesticks,jun,76.7%,D,49.2%,-2.0%,1.6%,541
Bronze,KR,16.3,156,Mel,sup,43.6%,D,46.1%,-1.5%,6.4%,2 106
Bronze,KR,16.3,157,Olaf,top,84.3%,D,48.7%,-2.6%,2.3%,758
Bronze,KR,16.3,158,Rumble,top,84.7%,D,48.5%,-1.7%,2.4%,782
Bronze,KR,16.3,159,Lulu,sup,96.6%,D,47.7%,-1.1%,4.4%,1 443
Bronze,KR,16.3,160,Trundle,jun,52.9%,D,48.3%,-0.1%,2.8%,918
Bronze,KR,16.3,161,Senna,sup,85.4%,D,48.3%,-0.7%,2.9%,944
Bronze,KR,16.3,162,Bard,sup,96.8%,D,48.4%,+1.6%,1.9%,610
Bronze,KR,16.3,163,Ryze,mid,83.7%,D,47.7%,-1.3%,3.5%,1 154
Bronze,KR,16.3,164,Vayne,top,26.7%,D,47.2%,-1.5%,2.6%,847
Bronze,KR,16.3,165,Trundle,top,41.8%,D,48.0%,-1.7%,2.1%,683
Bronze,KR,16.3,166,Lissandra,mid,87.7%,D,48.4%,-3.2%,1.1%,349
Bronze,KR,16.3,167,Hwei,mid,76.2%,D,48.0%,-0.9%,1.8%,587
Bronze,KR,16.3,168,Katarina,mid,95.5%,D,47.5%,-0.3%,2.5%,813
Bronze,KR,16.3,169,Cassiopeia,mid,74.1%,D,48.0%,+0.7%,1.3%,417
Bronze,KR,16.3,170,Ambessa,jun,44.4%,D,47.5%,-1.4%,2.4%,790
Bronze,KR,16.3,171,Pantheon,jun,14.5%,D,47.6%,-1.7%,1.8%,586
Bronze,KR,16.3,172,Zeri,adc,95.4%,D,47.8%,+1.3%,1.8%,575
Bronze,KR,16.3,173,Fizz,mid,93.9%,D,47.0%,-4.5%,2.7%,891
Bronze,KR,16.3,174,Miss Fortune,sup,1.7%,D,46.1%,+1.1%,1.3%,436
Bronze,KR,16.3,175,Jayce,jun,36.5%,D,47.2%,-2.4%,1.6%,523
Bronze,KR,16.3,176,Ambessa,top,51.6%,D,47.1%,-0.3%,2.9%,947
Bronze,KR,16.3,177,Kalista,adc,88.7%,D,47.6%,-0.7%,1.2%,410
Bronze,KR,16.3,178,Orianna,mid,94.2%,D,46.4%,-3.8%,3.8%,1 237
Bronze,KR,16.3,179,Kindred,jun,95.1%,D,47.3%,-1.0%,1.3%,414
Bronze,KR,16.3,180,Anivia,mid,70.4%,D,47.2%,-3.4%,1.4%,447
Bronze,KR,16.3,181,Vladimir,top,36.1%,D,47.0%,-2.2%,1.1%,351
Bronze,KR,16.3,182,Talon,jun,55.3%,D,46.7%,+1.3%,1.9%,613
Bronze,KR,16.3,183,Nunu,jun,95.4%,D,46.5%,-1.6%,2.3%,772
Bronze,KR,16.3,184,K'Sante,top,93.8%,D,45.7%,+1.2%,4.6%,1 524
Bronze,KR,16.3,185,Jayce,top,44.0%,D,45.9%,-0.1%,1.5%,501
Bronze,KR,16.3,186,Yuumi,sup,98.5%,D,44.2%,+0.6%,6.8%,2 240
Bronze,KR,16.3,187,Nidalee,jun,61.7%,D,46.2%,+3.3%,1.1%,346
Bronze,KR,16.3,188,Ashe,sup,8.5%,D,44.7%,-3.8%,1.2%,405
Bronze,KR,16.3,189,Azir,mid,93.2%,D,44.9%,+0.4%,2.6%,859
Bronze,KR,16.3,190,Zoe,mid,83.2%,D,44.2%,-3.5%,3.3%,1 080
Bronze,KR,16.3,191,Draven,adc,95.2%,D,44.8%,-1.7%,1.4%,464
Bronze,KR,16.3,192,Pantheon,top,19.7%,D,44.4%,-6.4%,1.0%,342
Bronze,KR,16.3,193,Hecarim,jun,98.7%,D,44.4%,+1.1%,1.2%,378
Bronze,KR,16.3,194,Shyvana,jun,91.3%,D,43.8%,-8.9%,1.0%,331
Bronze,KR,16.3,195,Corki,adc,83.3%,D,43.2%,-2.7%,1.2%,384
Bronze,KR,15.24,1,Miss Fortune,adc,96.9%,S+,52.6%,+0.3%,22.4%,37 958
Bronze,KR,15.24,2,Malphite,top,44.0%,S+,52.8%,+0.9%,10.0%,17 009
Bronze,KR,15.24,3,Leona,sup,99.1%,S+,52.5%,-1.2%,9.1%,15 481
Bronze,KR,15.24,4,Teemo,sup,15.7%,S+,54.0%,+2.0%,2.4%,4 133
Bronze,KR,15.24,5,Xerath,sup,48.0%,S+,52.3%,-3.0%,6.8%,11 525
Bronze,KR,15.24,6,Lillia,jun,93.1%,S+,54.1%,-1.2%,5.0%,8 527
Bronze,KR,15.24,7,Dr.Mundo,jun,35.4%,S+,53.0%,-1.1%,5.4%,9 200
Bronze,KR,15.24,8,Morgana,sup,78.1%,S+,51.7%,+0.5%,8.4%,14 316
Bronze,KR,15.24,9,Mordekaiser,top,88.5%,S+,52.1%,+0.4%,8.8%,14 882
Bronze,KR,15.24,10,Sett,top,90.8%,S+,52.0%,+0.9%,10.2%,17 326
Bronze,KR,15.24,11,Ashe,adc,88.1%,S+,50.4%,-1.5%,17.0%,28 901
Bronze,KR,15.24,12,Brand,sup,68.1%,S+,54.5%,+0.8%,3.1%,5 310
Bronze,KR,15.24,13,Jhin,adc,96.2%,S,51.5%,-1.6%,14.2%,24 192
Bronze,KR,15.24,14,Malphite,jun,33.5%,S,51.8%,-0.0%,6.4%,10 886
Bronze,KR,15.24,15,Warwick,jun,87.3%,S,52.6%,-0.9%,6.7%,11 400
Bronze,KR,15.24,16,Naafiri,mid,57.7%,S,53.5%,-1.2%,3.1%,5 303
Bronze,KR,15.24,17,Akali,mid,87.8%,S,50.1%,+1.0%,14.1%,24 019
Bronze,KR,15.24,18,Yasuo,mid,71.9%,S,50.0%,-0.5%,13.2%,22 395
Bronze,KR,15.24,19,Brand,mid,21.1%,S,54.7%,+1.0%,1.2%,1 997
Bronze,KR,15.24,20,Lux,sup,72.1%,S,49.8%,+0.2%,16.1%,27 332
Bronze,KR,15.24,21,Teemo,top,63.8%,S,51.6%,+0.1%,6.2%,10 466
Bronze,KR,15.24,22,Nautilus,sup,96.2%,S,50.2%,-0.1%,10.6%,18 078
Bronze,KR,15.24,23,Milio,sup,99.0%,S,54.4%,+5.0%,2.2%,3 753
Bronze,KR,15.24,24,Jax,jun,60.6%,S,52.5%,-2.5%,4.8%,8 127
Bronze,KR,15.24,25,Malzahar,mid,88.1%,S,52.3%,-3.4%,4.9%,8 332
Bronze,KR,15.24,26,Sylas,jun,42.4%,S,49.5%,+1.1%,15.4%,26 094
Bronze,KR,15.24,27,Swain,sup,59.7%,S,52.9%,+1.8%,4.7%,8 018
Bronze,KR,15.24,28,Darius,top,91.0%,S,50.1%,+0.3%,9.7%,16 444
Bronze,KR,15.24,29,Sylas,mid,48.0%,S,49.4%,+0.5%,12.2%,20 648
Bronze,KR,15.24,30,Rammus,jun,92.5%,S,53.0%,-1.0%,2.9%,4 981
Bronze,KR,15.24,31,Irelia,mid,49.4%,S,51.9%,+0.5%,3.7%,6 254
Bronze,KR,15.24,32,Zyra,sup,85.4%,S,53.6%,+1.6%,2.7%,4 664
Bronze,KR,15.24,33,Xerath,mid,49.1%,S,51.9%,+0.3%,3.6%,6 070
Bronze,KR,15.24,34,Singed,top,84.1%,A,54.1%,-1.4%,1.5%,2 565
Bronze,KR,15.24,35,Yorick,top,88.5%,A,52.3%,+0.8%,3.6%,6 162
Bronze,KR,15.24,36,Heimerdinger,top,61.1%,A,52.7%,+4.6%,1.7%,2 956
Bronze,KR,15.24,37,Malphite,mid,8.2%,A,52.1%,+1.5%,1.6%,2 771
Bronze,KR,15.24,38,Irelia,top,48.9%,A,51.5%,-2.2%,3.8%,6 491
Bronze,KR,15.24,39,Blitzcrank,sup,97.9%,A,49.8%,+0.4%,9.4%,15 900
Bronze,KR,15.24,40,Caitlyn,adc,95.4%,A,49.0%,+1.0%,16.8%,28 602
Bronze,KR,15.24,41,Briar,jun,92.6%,A,52.4%,+1.1%,4.4%,7 466
Bronze,KR,15.24,42,Warwick,top,11.9%,A,52.9%,+0.2%,1.4%,2 367
Bronze,KR,15.24,43,Viego,jun,97.5%,A,50.3%,+0.2%,11.0%,18 646
Bronze,KR,15.24,44,Nocturne,jun,97.0%,A,50.9%,+1.4%,6.3%,10 712
Bronze,KR,15.24,45,Jayce,jun,26.7%,A,52.4%,-2.4%,3.4%,5 852
Bronze,KR,15.24,46,Jinx,adc,98.6%,A,50.4%,-1.1%,10.7%,18 226
Bronze,KR,15.24,47,Shaco,sup,18.0%,A,51.8%,-0.5%,1.8%,3 090
Bronze,KR,15.24,48,Volibear,top,37.0%,A,51.7%,-2.7%,5.9%,10 010
Bronze,KR,15.24,49,Kai'Sa,adc,96.5%,A,50.0%,+1.3%,19.6%,33 366
Bronze,KR,15.24,50,Garen,top,91.1%,A,51.6%,-0.4%,6.2%,10 475
Bronze,KR,15.24,51,Swain,mid,18.4%,A,53.2%,-1.7%,1.0%,1 759
Bronze,KR,15.24,52,Yone,mid,60.4%,A,48.8%,+0.4%,13.2%,22 339
Bronze,KR,15.24,53,Master Yi,jun,91.2%,A,49.7%,+0.8%,8.1%,13 730
Bronze,KR,15.24,54,Dr.Mundo,top,59.4%,A,51.0%,+0.4%,4.8%,8 111
Bronze,KR,15.24,55,Morgana,mid,16.7%,A,51.6%,+3.8%,1.5%,2 558
Bronze,KR,15.24,56,Samira,adc,97.9%,A,51.0%,+1.2%,5.9%,10 005
Bronze,KR,15.24,57,Veigar,mid,80.6%,A,52.5%,+2.4%,3.5%,6 000
Bronze,KR,15.24,58,Leblanc,mid,88.5%,A,50.3%,-0.9%,5.5%,9 382
Bronze,KR,15.24,59,LeeSin,jun,89.8%,A,48.3%,-0.4%,13.6%,23 161
Bronze,KR,15.24,60,Sivir,adc,97.3%,A,51.8%,-2.3%,4.3%,7 360
Bronze,KR,15.24,61,Shen,sup,26.0%,A,53.2%,+0.5%,1.0%,1 777
Bronze,KR,15.24,62,Yone,top,36.8%,A,49.0%,+1.3%,10.0%,17 010
Bronze,KR,15.24,63,Ezreal,adc,92.9%,A,48.6%,+1.5%,19.8%,33 691
Bronze,KR,15.24,64,Illaoi,top,94.8%,A,51.2%,-1.1%,3.7%,6 246
Bronze,KR,15.24,65,Syndra,mid,93.4%,A,52.1%,+3.2%,3.3%,5 529
Bronze,KR,15.24,66,Sona,sup,98.5%,B,53.0%,+1.0%,1.4%,2 365
Bronze,KR,15.24,67,Naafiri,jun,34.7%,B,51.6%,+2.6%,2.9%,4 890
Bronze,KR,15.24,68,Viktor,mid,94.7%,B,50.8%,+0.8%,6.3%,10 740
Bronze,KR,15.24,69,Lux,mid,24.6%,B,50.7%,-1.7%,3.0%,5 123
Bronze,KR,15.24,70,Jax,top,37.2%,B,50.6%,-0.1%,5.3%,8 943
Bronze,KR,15.24,71,Anivia,mid,71.1%,B,52.7%,-3.4%,1.7%,2 816
Bronze,KR,15.24,72,Ahri,mid,95.4%,B,50.0%,+1.1%,9.5%,16 167
Bronze,KR,15.24,73,Smolder,adc,82.2%,B,51.1%,-2.1%,6.3%,10 715
Bronze,KR,15.24,74,Sion,top,72.8%,B,52.0%,+1.9%,3.5%,5 890
Bronze,KR,15.24,75,Nasus,top,78.5%,B,51.8%,+0.4%,3.3%,5 603
Bronze,KR,15.24,76,Xin Zhao,jun,88.6%,B,50.7%,+3.0%,7.1%,12 039
Bronze,KR,15.24,77,Thresh,sup,97.4%,B,50.5%,+0.1%,7.0%,11 947
Bronze,KR,15.24,78,Sejuani,jun,82.5%,B,52.3%,-4.0%,2.3%,3 830
Bronze,KR,15.24,79,Vex,mid,94.3%,B,50.5%,+0.8%,5.3%,9 082
Bronze,KR,15.24,80,Amumu,jun,89.4%,B,51.7%,+0.5%,3.9%,6 588
Bronze,KR,15.24,81,Diana,mid,43.2%,B,51.4%,+1.4%,3.8%,6 413
Bronze,KR,15.24,82,Poppy,sup,67.2%,C,51.9%,-0.2%,2.4%,4 040
Bronze,KR,15.24,83,Maokai,sup,81.1%,C,52.1%,-0.0%,2.3%,3 976
Bronze,KR,15.24,84,Teemo,jun,12.3%,C,50.5%,+0.2%,1.9%,3 203
Bronze,KR,15.24,85,Fizz,mid,90.3%,C,51.3%,-4.5%,3.3%,5 609
Bronze,KR,15.24,86,Urgot,top,92.8%,C,52.3%,+4.1%,1.1%,1 880
Bronze,KR,15.24,87,Tristana,adc,92.3%,C,50.4%,+0.9%,6.3%,10 664
Bronze,KR,15.24,88,Wukong,jun,79.3%,C,51.4%,-0.5%,3.9%,6 675
Bronze,KR,15.24,89,Aatrox,top,65.0%,C,49.0%,+2.2%,6.9%,11 789
Bronze,KR,15.24,90,Aatrox,jun,32.2%,C,49.6%,-6.3%,5.1%,8 669
Bronze,KR,15.24,91,Senna,sup,84.9%,C,51.8%,-0.7%,2.7%,4 533
Bronze,KR,15.24,92,Lucian,adc,94.9%,C,49.5%,-0.5%,8.3%,14 093
Bronze,KR,15.24,93,Volibear,jun,60.4%,C,51.2%,-2.9%,2.7%,4 634
Bronze,KR,15.24,94,Zaahen,top,68.9%,C,49.1%,-1.9%,5.9%,10 097
Bronze,KR,15.24,95,Renekton,top,92.8%,C,50.5%,+0.1%,4.9%,8 261
Bronze,KR,15.24,96,Amumu,sup,9.9%,C,52.1%,-0.7%,1.3%,2 164
Bronze,KR,15.24,97,Mel,mid,48.8%,C,48.5%,-1.3%,7.7%,13 065
Bronze,KR,15.24,98,Zed,mid,71.6%,C,48.7%,+1.0%,7.1%,11 990
Bronze,KR,15.24,99,Yasuo,adc,7.9%,C,50.4%,+3.4%,1.1%,1 808
Bronze,KR,15.24,100,Galio,sup,17.8%,C,51.6%,+0.3%,1.1%,1 920
Bronze,KR,15.24,101,Ornn,top,83.3%,C,51.5%,+1.0%,2.8%,4 746
Bronze,KR,15.24,102,Karma,sup,90.7%,C,51.1%,+0.3%,3.6%,6 038
Bronze,KR,15.24,103,Trundle,jun,68.4%,C,51.2%,-0.1%,3.0%,5 100
Bronze,KR,15.24,104,Vel'Koz,sup,69.1%,C,51.5%,+1.4%,2.2%,3 748
Bronze,KR,15.24,105,Aphelios,adc,96.7%,C,50.4%,-0.0%,5.4%,9 187
Bronze,KR,15.24,106,Vayne,adc,77.7%,C,50.1%,-0.4%,5.1%,8 609
Bronze,KR,15.24,107,Soraka,sup,97.4%,C,51.5%,-1.4%,2.2%,3 665
Bronze,KR,15.24,108,Galio,mid,76.5%,C,50.3%,+0.4%,4.7%,7 962
Bronze,KR,15.24,109,Vayne,top,19.3%,C,50.8%,-1.5%,2.2%,3 651
Bronze,KR,15.24,110,Pyke,sup,97.6%,C,47.9%,-1.5%,7.6%,12 874
Bronze,KR,15.24,111,Braum,sup,98.6%,C,50.8%,+0.9%,3.0%,5 084
Bronze,KR,15.24,112,Yasuo,top,18.8%,C,48.7%,-0.8%,4.8%,8 214
Bronze,KR,15.24,113,Twisted Fate,mid,83.3%,C,51.0%,-0.2%,2.6%,4 368
Bronze,KR,15.24,114,Malphite,sup,14.0%,C,49.4%,-1.9%,2.6%,4 393
Bronze,KR,15.24,115,Seraphine,sup,94.0%,C,49.2%,+0.0%,8.1%,13 802
Bronze,KR,15.24,116,Diana,jun,55.1%,C,50.1%,-1.6%,4.6%,7 772
Bronze,KR,15.24,117,Ziggs,adc,56.9%,C,50.8%,-1.3%,2.5%,4 313
Bronze,KR,15.24,118,Mel,sup,40.2%,C,47.9%,-1.5%,7.2%,12 229
Bronze,KR,15.24,119,Kayn,jun,94.2%,C,50.1%,+1.8%,5.0%,8 494
Bronze,KR,15.24,120,Xayah,adc,98.5%,C,50.6%,+0.9%,3.7%,6 205
Bronze,KR,15.24,121,Fiora,top,96.6%,C,50.6%,+0.9%,2.7%,4 605
Bronze,KR,15.24,122,Neeko,sup,78.3%,C,49.1%,+1.3%,6.0%,10 225
Bronze,KR,15.24,123,Nami,sup,99.6%,C,50.8%,+3.4%,2.8%,4 678
Bronze,KR,15.24,124,Jarvan IV,jun,89.9%,C,50.8%,-1.8%,3.0%,5 020
Bronze,KR,15.24,125,Sylas,top,4.5%,C,49.4%,-0.6%,1.6%,2 696
Bronze,KR,15.24,126,Sylas,sup,4.6%,C,49.5%,+1.3%,1.6%,2 647
Bronze,KR,15.24,127,Kayle,top,81.3%,C,51.0%,-0.9%,1.9%,3 200
Bronze,KR,15.24,128,Rell,sup,98.5%,C,50.8%,+1.1%,2.0%,3 413
Bronze,KR,15.24,129,Zilean,sup,87.8%,C,51.1%,-2.9%,1.2%,2 049
Bronze,KR,15.24,130,Shaco,jun,76.3%,C,48.8%,+1.4%,3.5%,5 936
Bronze,KR,15.24,131,Katarina,mid,96.0%,C,50.3%,-0.3%,2.7%,4 669
Bronze,KR,15.24,132,Zaahen,jun,25.9%,C,49.1%,+6.0%,2.2%,3 666
Bronze,KR,15.24,133,Orianna,mid,94.5%,D,48.9%,-3.8%,6.0%,10 242
Bronze,KR,15.24,134,Bard,sup,96.1%,D,50.7%,+1.6%,1.7%,2 957
Bronze,KR,15.24,135,Lulu,sup,96.6%,D,49.2%,-1.1%,5.2%,8 746
Bronze,KR,15.24,136,Alistar,sup,93.0%,D,49.9%,-1.3%,3.6%,6 062
Bronze,KR,15.24,137,Ekko,jun,45.3%,D,50.2%,-0.2%,2.8%,4 694
Bronze,KR,15.24,138,Vladimir,mid,60.2%,D,50.2%,+1.6%,1.8%,3 065
Bronze,KR,15.24,139,Akali,top,11.2%,D,48.6%,+0.8%,2.2%,3 789
Bronze,KR,15.24,140,Graves,jun,89.4%,D,49.6%,+0.8%,3.2%,5 427
Bronze,KR,15.24,141,Pantheon,mid,9.8%,D,50.0%,-0.7%,1.8%,2 972
Bronze,KR,15.24,142,Ekko,mid,50.8%,D,50.1%,-2.0%,2.0%,3 376
Bronze,KR,15.24,143,Olaf,top,83.3%,D,49.9%,-2.6%,2.0%,3 472
Bronze,KR,15.24,144,Fiddlesticks,jun,71.5%,D,50.3%,-2.0%,1.4%,2 338
Bronze,KR,15.24,145,Ryze,mid,82.2%,D,49.7%,-1.3%,2.8%,4 686
Bronze,KR,15.24,146,Pantheon,sup,48.2%,D,48.9%,+0.3%,4.2%,7 210
Bronze,KR,15.24,147,Riven,top,82.0%,D,50.1%,+3.8%,1.4%,2 349
Bronze,KR,15.24,148,Vi,jun,92.5%,D,49.1%,+1.6%,4.0%,6 753
Bronze,KR,15.24,149,Aurelion Sol,mid,82.3%,D,50.0%,+4.9%,1.4%,2 345
Bronze,KR,15.24,150,Vladimir,top,38.3%,D,49.5%,-2.2%,1.8%,3 086
Bronze,KR,15.24,151,Rakan,sup,97.9%,D,49.2%,+3.7%,3.0%,5 135
Bronze,KR,15.24,152,Quinn,top,72.5%,D,49.7%,-1.2%,1.1%,1 804
Bronze,KR,15.24,153,Kennen,top,57.6%,D,49.1%,-0.2%,2.4%,4 116
Bronze,KR,15.24,154,Kha'Zix,jun,99.0%,D,49.0%,-0.7%,2.6%,4 467
Bronze,KR,15.24,155,Zac,jun,75.8%,D,48.9%,+0.1%,3.2%,5 360
Bronze,KR,15.24,156,Yunara,adc,97.0%,D,47.0%,+1.5%,7.5%,12 722
Bronze,KR,15.24,157,Twitch,adc,81.9%,D,49.3%,-2.8%,1.2%,2 083
Bronze,KR,15.24,158,Pantheon,jun,20.2%,D,48.5%,-1.7%,3.1%,5 248
Bronze,KR,15.24,159,Evelynn,jun,96.9%,D,49.0%,+1.5%,2.0%,3 346
Bronze,KR,15.24,160,Gangplank,top,83.0%,D,49.1%,+1.0%,1.5%,2 485
Bronze,KR,15.24,161,Zed,jun,24.6%,D,47.2%,+1.0%,2.3%,3 928
Bronze,KR,15.24,162,Zeri,adc,94.6%,D,48.6%,+1.3%,3.2%,5 448
Bronze,KR,15.24,163,Tahm Kench,sup,72.0%,D,48.7%,-0.3%,2.5%,4 193
Bronze,KR,15.24,164,Talon,mid,37.8%,D,48.8%,+2.8%,2.1%,3 510
Bronze,KR,15.24,165,Nunu,jun,93.5%,D,48.7%,-1.6%,2.3%,3 884
Bronze,KR,15.24,166,Ambessa,top,69.5%,D,48.0%,-0.3%,4.0%,6 721
Bronze,KR,15.24,167,Aurora,mid,81.3%,D,48.8%,+1.4%,1.9%,3 221
Bronze,KR,15.24,168,Hwei,mid,75.2%,D,48.4%,-0.9%,2.4%,4 150
Bronze,KR,15.24,169,Ashe,sup,7.6%,D,47.0%,-3.8%,1.6%,2 672
Bronze,KR,15.24,170,Cassiopeia,mid,72.7%,D,48.7%,+0.7%,1.3%,2 130
Bronze,KR,15.24,171,Rumble,top,81.2%,D,48.4%,-1.7%,2.0%,3 434
Bronze,KR,15.24,172,Pantheon,top,21.1%,D,48.3%,-6.4%,1.6%,2 658
Bronze,KR,15.24,173,Gwen,top,79.6%,D,48.1%,+2.0%,2.6%,4 401
Bronze,KR,15.24,174,Shen,top,63.8%,D,48.3%,+2.7%,2.2%,3 668
Bronze,KR,15.24,175,Zoe,mid,81.2%,D,47.2%,-3.5%,3.9%,6 559
Bronze,KR,15.24,176,Lissandra,mid,87.9%,D,48.4%,-3.2%,1.2%,2 110
Bronze,KR,15.24,177,Cho'Gath,top,64.0%,D,48.3%,+2.0%,1.6%,2 652
Bronze,KR,15.24,178,Jayce,top,52.5%,D,47.2%,-0.1%,3.0%,5 139
Bronze,KR,15.24,179,Gragas,top,55.8%,D,48.2%,-1.8%,1.3%,2 169
Bronze,KR,15.24,180,Gnar,top,93.9%,D,47.7%,-0.1%,2.1%,3 640
Bronze,KR,15.24,181,Kalista,adc,90.2%,D,47.8%,-0.7%,1.8%,3 021
Bronze,KR,15.24,182,Veigar,sup,9.5%,D,47.7%,+0.7%,1.5%,2 604
Bronze,KR,15.24,183,Draven,adc,94.2%,D,47.6%,-1.7%,1.7%,2 878
Bronze,KR,15.24,184,Smolder,top,6.3%,D,47.7%,-4.8%,1.1%,1 812
Bronze,KR,15.24,185,Varus,adc,78.0%,D,46.1%,-1.6%,5.8%,9 932
Bronze,KR,15.24,186,Tryndamere,top,75.3%,D,47.4%,+2.5%,2.0%,3 317
Bronze,KR,15.24,187,Varus,top,12.1%,D,47.2%,-4.8%,1.5%,2 581
Bronze,KR,15.24,188,Karthus,jun,71.3%,D,47.5%,+2.1%,1.3%,2 208
Bronze,KR,15.24,189,Akshan,mid,86.9%,D,47.3%,-5.7%,1.0%,1 714
Bronze,KR,15.24,190,Yuumi,sup,97.9%,D,44.9%,+0.6%,6.5%,10 961
Bronze,KR,15.24,191,Azir,mid,92.4%,D,46.1%,+0.4%,2.8%,4 817
Bronze,KR,15.24,192,Talon,jun,60.2%,D,46.0%,+1.3%,2.5%,4 314
Bronze,KR,15.24,193,Kindred,jun,95.6%,D,46.2%,-1.0%,1.9%,3 162
Bronze,KR,15.24,194,Taliyah,mid,77.1%,D,46.3%,-0.2%,1.3%,2 222
Bronze,KR,15.24,195,Nidalee,jun,67.1%,D,45.9%,+3.3%,2.1%,3 648
Bronze,KR,15.24,196,Camille,top,83.7%,D,45.9%,-0.7%,1.7%,2 813
Bronze,KR,15.24,197,Hecarim,jun,98.5%,D,46.0%,+1.1%,1.1%,1 943
Bronze,KR,15.24,198,Miss Fortune,sup,1.7%,D,44.1%,+1.1%,1.7%,2 834
Bronze,KR,15.24,199,K'Sante,top,93.8%,D,44.2%,+1.2%,4.5%,7 706
Bronze,KR,15.24,200,Qiyana,jun,44.8%,D,44.6%,+5.3%,1.4%,2 348
Bronze,EUW,16.3,1,Briar,jun,92.3%,S+,54.2%,+2.2%,8.3%,24 834
Bronze,EUW,16.3,2,Dr.Mundo,jun,42.6%,S+,54.7%,-0.2%,6.2%,18 673
Bronze,EUW,16.3,3,Malzahar,mid,90.6%,S+,53.5%,+0.3%,9.1%,27 234
Bronze,EUW,16.3,4,Miss Fortune,adc,96.8%,S+,52.5%,-0.3%,28.6%,85 922
Bronze,EUW,16.3,5,Veigar,mid,78.9%,S+,53.2%,+0.2%,11.4%,34 285
Bronze,EUW,16.3,6,Yorick,top,90.1%,S+,53.9%,-0.0%,6.7%,20 172
Bronze,EUW,16.3,7,Amumu,jun,91.9%,S+,54.3%,-0.1%,7.2%,21 734
Bronze,EUW,16.3,8,Volibear,jun,67.1%,S+,52.4%,-2.3%,8.8%,26 394
Bronze,EUW,16.3,9,Leona,sup,99.3%,S+,52.8%,+0.9%,8.7%,26 127
Bronze,EUW,16.3,10,Swain,adc,12.9%,S+,54.6%,-0.8%,1.3%,3 980
Bronze,EUW,16.3,11,Mordekaiser,top,88.2%,S+,51.5%,+0.6%,11.6%,34 664
Bronze,EUW,16.3,12,Morgana,sup,86.4%,S+,51.2%,+0.2%,13.5%,40 538
Bronze,EUW,16.3,13,Sett,top,92.2%,S+,52.6%,+0.1%,9.8%,29 455
Bronze,EUW,16.3,14,Dr.Mundo,top,53.8%,S+,52.7%,-0.4%,6.9%,20 704
Bronze,EUW,16.3,15,Swain,mid,16.6%,S+,53.9%,-0.4%,1.8%,5 498
Bronze,EUW,16.3,16,Viego,jun,97.1%,S+,50.5%,+0.3%,16.6%,49 952
Bronze,EUW,16.3,17,Garen,top,92.0%,S+,51.6%,+0.7%,10.0%,29 895
Bronze,EUW,16.3,18,Lux,sup,72.3%,S+,50.4%,-0.0%,18.5%,55 600
Bronze,EUW,16.3,19,Jinx,adc,98.8%,S,50.6%,+0.3%,17.1%,51 348
Bronze,EUW,16.3,20,Yasuo,mid,74.9%,S,50.7%,-0.8%,10.4%,31 117
Bronze,EUW,16.3,21,Veigar,adc,11.7%,S,53.6%,-1.7%,2.0%,5 870
Bronze,EUW,16.3,22,Brand,sup,64.0%,S,52.4%,-0.5%,6.0%,17 912
Bronze,EUW,16.3,23,Jax,jun,54.6%,S,51.2%,-0.4%,8.0%,24 010
Bronze,EUW,16.3,24,Rammus,jun,94.1%,S,53.6%,-0.9%,2.8%,8 257
Bronze,EUW,16.3,25,Fizz,mid,93.9%,S,51.5%,+0.8%,6.6%,19 879
Bronze,EUW,16.3,26,Zyra,sup,81.7%,S,52.8%,+0.2%,5.2%,15 464
Bronze,EUW,16.3,27,Lux,mid,24.9%,S,51.6%,-0.1%,6.3%,18 982
Bronze,EUW,16.3,28,Nasus,jun,19.8%,S,53.7%,+0.8%,2.7%,8 008
Bronze,EUW,16.3,29,Caitlyn,adc,96.8%,S,49.8%,-0.3%,23.8%,71 531
Bronze,EUW,16.3,30,Brand,mid,23.1%,S,53.2%,+0.0%,2.2%,6 623
Bronze,EUW,16.3,31,Master Yi,jun,91.1%,S,49.9%,+0.0%,11.1%,33 443
Bronze,EUW,16.3,32,Teemo,top,68.4%,S,50.8%,+0.0%,7.5%,22 637
Bronze,EUW,16.3,33,Swain,sup,62.6%,S,51.2%,-0.2%,6.3%,18 758
Bronze,EUW,16.3,34,Diana,mid,40.0%,S,51.3%,+0.6%,5.9%,17 761
Bronze,EUW,16.3,35,Sion,top,74.2%,S,53.7%,+1.5%,3.2%,9 611
Bronze,EUW,16.3,36,Aurelion Sol,mid,82.9%,S,53.5%,+0.6%,3.3%,9 954
Bronze,EUW,16.3,37,Jhin,adc,96.2%,A,50.2%,+0.2%,12.6%,37 673
Bronze,EUW,16.3,38,Seraphine,sup,94.5%,A,50.3%,+0.5%,11.8%,35 526
Bronze,EUW,16.3,39,Nautilus,sup,97.5%,A,50.0%,+0.0%,10.0%,30 062
Bronze,EUW,16.3,40,Nami,sup,99.7%,A,51.9%,+0.4%,7.3%,21 907
Bronze,EUW,16.3,41,Twitch,adc,88.4%,A,50.9%,+0.3%,5.8%,17 442
Bronze,EUW,16.3,42,Teemo,sup,13.4%,A,52.1%,-1.1%,1.5%,4 559
Bronze,EUW,16.3,43,Yone,mid,62.8%,A,50.4%,+0.7%,9.5%,28 624
Bronze,EUW,16.3,44,Teemo,jun,9.6%,A,52.2%,+0.3%,1.1%,3 163
Bronze,EUW,16.3,45,Xerath,mid,51.3%,A,52.1%,+0.4%,4.0%,12 036
Bronze,EUW,16.3,46,Naafiri,mid,73.4%,A,50.5%,-0.2%,6.7%,20 009
Bronze,EUW,16.3,47,Illaoi,top,95.1%,A,51.2%,-0.3%,4.4%,13 067
Bronze,EUW,16.3,48,Heimerdinger,top,59.9%,A,51.8%,+0.8%,2.8%,8 416
Bronze,EUW,16.3,49,Ahri,mid,96.6%,A,49.6%,+0.4%,12.8%,38 294
Bronze,EUW,16.3,50,Yasuo,adc,7.2%,A,51.9%,+0.3%,1.2%,3 679
Bronze,EUW,16.3,51,Jax,top,43.3%,A,50.2%,-0.2%,6.6%,19 664
Bronze,EUW,16.3,52,Diana,jun,58.7%,A,49.2%,-1.3%,9.8%,29 271
Bronze,EUW,16.3,53,Nasus,top,74.9%,A,51.5%,-0.5%,5.7%,17 072
Bronze,EUW,16.3,54,Braum,sup,99.1%,A,51.7%,-0.2%,5.1%,15 245
Bronze,EUW,16.3,55,Kayle,top,87.6%,A,50.9%,-0.7%,6.5%,19 493
Bronze,EUW,16.3,56,Singed,top,83.8%,A,53.0%,-0.6%,1.9%,5 769
Bronze,EUW,16.3,57,Malphite,jun,31.3%,A,50.9%,+0.5%,3.5%,10 480
Bronze,EUW,16.3,58,Heimerdinger,mid,26.1%,A,51.9%,+1.5%,1.1%,3 326
Bronze,EUW,16.3,59,Blitzcrank,sup,98.3%,A,50.2%,+0.4%,5.8%,17 358
Bronze,EUW,16.3,60,Nilah,adc,97.6%,A,52.4%,-0.7%,2.4%,7 225
Bronze,EUW,16.3,61,Warwick,jun,89.1%,A,49.4%,-0.2%,8.4%,25 197
Bronze,EUW,16.3,62,Samira,adc,98.1%,A,49.9%,+0.1%,6.6%,19 743
Bronze,EUW,16.3,63,Smolder,adc,86.4%,A,50.6%,-1.4%,7.8%,23 410
Bronze,EUW,16.3,64,Vayne,adc,70.4%,B,50.0%,+0.3%,6.8%,20 522
Bronze,EUW,16.3,65,Malphite,top,45.2%,B,49.8%,-0.2%,6.2%,18 663
Bronze,EUW,16.3,66,Taric,sup,92.0%,B,52.9%,-0.3%,1.3%,3 978
Bronze,EUW,16.3,67,Urgot,top,93.9%,B,51.8%,-0.9%,3.7%,11 173
Bronze,EUW,16.3,68,Maokai,sup,81.0%,B,52.6%,+2.1%,2.3%,6 752
Bronze,EUW,16.3,69,Ekko,mid,49.7%,B,50.8%,-0.6%,4.8%,14 457
Bronze,EUW,16.3,70,Ashe,adc,87.4%,B,49.2%,+0.0%,11.1%,33 285
Bronze,EUW,16.3,71,Volibear,top,31.1%,B,50.5%,-1.3%,3.2%,9 550
Bronze,EUW,16.3,72,Shaco,sup,14.8%,B,51.0%,+0.1%,1.1%,3 391
Bronze,EUW,16.3,73,Morgana,mid,9.3%,B,51.0%,-0.8%,1.3%,4 009
Bronze,EUW,16.3,74,Milio,sup,99.2%,B,51.7%,-0.3%,3.7%,11 092
Bronze,EUW,16.3,75,Kog'Maw,adc,87.9%,B,52.5%,+0.5%,1.5%,4 477
Bronze,EUW,16.3,76,Ornn,top,91.3%,B,52.0%,+0.4%,3.1%,9 307
Bronze,EUW,16.3,77,Yone,top,34.7%,B,50.3%,+0.9%,5.3%,15 834
Bronze,EUW,16.3,78,Kayn,jun,95.4%,B,49.4%,+0.6%,9.1%,27 454
Bronze,EUW,16.3,79,Sona,sup,98.9%,B,51.6%,-0.6%,4.0%,12 111
Bronze,EUW,16.3,80,Xerath,sup,45.5%,C,51.0%,+1.3%,2.9%,8 626
Bronze,EUW,16.3,81,Kennen,mid,23.7%,C,52.3%,+0.7%,1.0%,3 042
Bronze,EUW,16.3,82,Kled,top,92.0%,C,52.3%,+0.2%,1.4%,4 147
Bronze,EUW,16.3,83,Syndra,mid,95.1%,C,51.0%,-0.4%,4.2%,12 464
Bronze,EUW,16.3,84,Shaco,jun,80.0%,C,49.4%,+0.6%,5.3%,15 921
Bronze,EUW,16.3,85,Aphelios,adc,97.7%,C,50.6%,+0.2%,4.7%,14 130
Bronze,EUW,16.3,86,Viktor,mid,95.1%,C,51.7%,-0.3%,2.5%,7 465
Bronze,EUW,16.3,87,Sejuani,jun,83.3%,C,51.9%,+0.8%,1.9%,5 600
Bronze,EUW,16.3,88,Warwick,top,10.1%,C,50.5%,+1.1%,1.2%,3 542
Bronze,EUW,16.3,89,Tahm Kench,sup,56.7%,C,49.9%,+0.5%,5.2%,15 732
Bronze,EUW,16.3,90,Zaahen,jun,33.3%,C,51.1%,+3.0%,2.3%,6 892
Bronze,EUW,16.3,91,Xin Zhao,jun,89.0%,C,51.0%,+2.9%,4.4%,13 276
Bronze,EUW,16.3,92,Nocturne,jun,97.3%,C,50.0%,+0.1%,5.6%,16 729
Bronze,EUW,16.3,93,Darius,top,92.5%,C,48.0%,-0.5%,8.4%,25 336
Bronze,EUW,16.3,94,Lillia,jun,92.8%,C,51.1%,+0.1%,3.2%,9 484
Bronze,EUW,16.3,95,Akali,mid,83.5%,C,48.1%,+0.3%,8.1%,24 362
Bronze,EUW,16.3,96,Trundle,jun,52.9%,C,51.1%,+1.5%,2.9%,8 675
Bronze,EUW,16.3,97,Pyke,sup,98.3%,C,48.5%,-0.1%,6.7%,20 152
Bronze,EUW,16.3,98,Mel,adc,8.1%,C,50.1%,+1.4%,1.4%,4 197
Bronze,EUW,16.3,99,Tahm Kench,top,40.0%,C,50.0%,-0.1%,3.8%,11 257
Bronze,EUW,16.3,100,Ziggs,adc,54.6%,C,51.2%,+0.9%,2.5%,7 418
Bronze,EUW,16.3,101,Poppy,sup,64.8%,C,51.4%,+1.0%,2.1%,6 164
Bronze,EUW,16.3,102,Tristana,adc,92.3%,C,48.5%,+1.0%,8.5%,25 482
Bronze,EUW,16.3,103,Ekko,jun,47.2%,C,49.8%,-0.8%,4.3%,13 017
Bronze,EUW,16.3,104,Kai'Sa,adc,96.9%,C,48.4%,-0.0%,10.9%,32 592
Bronze,EUW,16.3,105,Wukong,jun,77.3%,C,51.2%,+0.3%,2.3%,6 930
Bronze,EUW,16.3,106,Anivia,mid,70.4%,C,51.3%,+1.2%,1.5%,4 559
Bronze,EUW,16.3,107,Yasuo,top,16.9%,C,49.4%,+0.4%,2.3%,6 820
Bronze,EUW,16.3,108,Shyvana,jun,91.3%,C,51.1%,+0.7%,2.0%,5 901
Bronze,EUW,16.3,109,Renekton,top,93.8%,C,50.3%,+1.3%,4.0%,11 886
Bronze,EUW,16.3,110,Vel'Koz,mid,23.9%,C,50.9%,-0.6%,1.6%,4 822
Bronze,EUW,16.3,111,Zaahen,top,63.9%,C,49.6%,+0.2%,4.5%,13 507
Bronze,EUW,16.3,112,Irelia,mid,48.5%,C,49.9%,-0.4%,2.9%,8 678
Bronze,EUW,16.3,113,Vex,mid,95.4%,C,49.3%,+0.4%,5.3%,16 044
Bronze,EUW,16.3,114,Mel,mid,47.1%,C,47.7%,+0.9%,7.0%,21 015
Bronze,EUW,16.3,115,Jarvan IV,jun,91.1%,C,50.6%,+0.8%,2.7%,8 081
Bronze,EUW,16.3,116,Soraka,sup,97.5%,C,50.3%,-0.6%,3.3%,9 806
Bronze,EUW,16.3,117,Vel'Koz,sup,71.0%,C,50.0%,-0.9%,3.6%,10 829
Bronze,EUW,16.3,118,Gwen,top,60.5%,C,49.0%,+0.6%,4.9%,14 627
Bronze,EUW,16.3,119,Tryndamere,top,75.7%,D,49.5%,+0.9%,4.3%,12 866
Bronze,EUW,16.3,120,Thresh,sup,97.6%,D,49.0%,+0.3%,6.7%,20 010
Bronze,EUW,16.3,121,Galio,mid,78.3%,D,49.8%,-1.0%,3.9%,11 639
Bronze,EUW,16.3,122,Sivir,adc,97.5%,D,49.9%,+0.3%,3.6%,10 803
Bronze,EUW,16.3,123,Trundle,top,41.8%,D,50.1%,+0.8%,2.5%,7 427
Bronze,EUW,16.3,124,Kassadin,mid,95.5%,D,50.2%,+0.4%,2.2%,6 695
Bronze,EUW,16.3,125,Cho'Gath,top,66.7%,D,49.6%,+0.4%,3.9%,11 680
Bronze,EUW,16.3,126,Katarina,mid,95.5%,D,48.3%,+0.2%,5.2%,15 591
Bronze,EUW,16.3,127,Pantheon,sup,51.9%,D,49.5%,+1.0%,4.2%,12 599
Bronze,EUW,16.3,128,Vi,jun,93.1%,D,49.7%,+1.5%,4.2%,12 455
Bronze,EUW,16.3,129,Rell,sup,98.6%,D,50.2%,-0.6%,2.2%,6 595
Bronze,EUW,16.3,130,Zilean,sup,89.1%,D,50.4%,+0.1%,1.4%,4 067
Bronze,EUW,16.3,131,Shen,top,63.6%,D,50.0%,-0.2%,2.0%,6 100
Bronze,EUW,16.3,132,Hwei,mid,76.2%,D,49.8%,+0.0%,2.3%,6 871
Bronze,EUW,16.3,133,Yunara,adc,97.6%,D,47.8%,+0.3%,7.1%,21 259
Bronze,EUW,16.3,134,Zac,jun,81.8%,D,49.8%,-1.0%,1.7%,5 147
Bronze,EUW,16.3,135,Malphite,sup,15.1%,D,48.2%,-0.4%,1.6%,4 856
Bronze,EUW,16.3,136,Irelia,top,50.0%,D,48.4%,-0.6%,3.5%,10 620
Bronze,EUW,16.3,137,Gwen,jun,36.6%,D,48.5%,-0.7%,2.8%,8 402
Bronze,EUW,16.3,138,Fiddlesticks,jun,76.7%,D,49.3%,+0.2%,2.8%,8 382
Bronze,EUW,16.3,139,Janna,sup,96.7%,D,49.8%,-1.3%,1.2%,3 685
Bronze,EUW,16.3,140,Draven,adc,95.2%,D,48.3%,+1.5%,2.6%,7 713
Bronze,EUW,16.3,141,Nunu,jun,95.4%,D,49.2%,+1.4%,2.8%,8 255
Bronze,EUW,16.3,142,Fiora,top,96.2%,D,49.0%,+1.1%,2.9%,8 750
Bronze,EUW,16.3,143,Zeri,adc,95.4%,D,49.7%,-0.9%,1.5%,4 503
Bronze,EUW,16.3,144,Zed,mid,79.2%,D,47.0%,-1.4%,4.8%,14 368
Bronze,EUW,16.3,145,Ziggs,mid,32.7%,D,49.4%,-1.0%,1.4%,4 054
Bronze,EUW,16.3,146,Naafiri,jun,19.0%,D,47.7%,+1.0%,1.6%,4 885
Bronze,EUW,16.3,147,Akshan,mid,86.9%,D,48.9%,-0.1%,2.3%,6 937
Bronze,EUW,16.3,148,Varus,adc,58.1%,D,47.0%,-0.8%,5.2%,15 599
Bronze,EUW,16.3,149,Leblanc,mid,90.7%,D,48.4%,+0.5%,2.6%,7 825
Bronze,EUW,16.3,150,Alistar,sup,94.7%,D,49.1%,-0.5%,2.1%,6 162
Bronze,EUW,16.3,151,Senna,sup,85.4%,D,48.2%,-0.9%,4.4%,13 104
Bronze,EUW,16.3,152,Rakan,sup,97.3%,D,48.8%,-0.3%,2.8%,8 451
Bronze,EUW,16.3,153,Xayah,adc,98.4%,D,48.8%,+0.3%,2.7%,7 992
Bronze,EUW,16.3,154,Akali,top,15.6%,D,47.4%,-1.2%,1.6%,4 651
Bronze,EUW,16.3,155,Ezreal,adc,92.9%,D,47.1%,+1.3%,7.2%,21 652
Bronze,EUW,16.3,156,Sylas,mid,58.3%,D,47.8%,+1.1%,3.9%,11 797
Bronze,EUW,16.3,157,Gangplank,top,85.6%,D,48.8%,+2.2%,2.1%,6 374
Bronze,EUW,16.3,158,Bel'Veth,jun,95.3%,D,48.9%,+2.7%,1.4%,4 217
Bronze,EUW,16.3,159,Karma,sup,90.1%,D,48.5%,+0.0%,2.5%,7 433
Bronze,EUW,16.3,160,Lissandra,mid,87.7%,D,48.9%,-0.5%,1.3%,3 852
Bronze,EUW,16.3,161,Annie,mid,81.6%,D,48.8%,+1.0%,1.2%,3 718
Bronze,EUW,16.3,162,Neeko,sup,78.0%,D,47.4%,+0.2%,4.9%,14 614
Bronze,EUW,16.3,163,Gnar,top,95.1%,D,48.4%,+0.3%,2.1%,6 425
Bronze,EUW,16.3,164,Pantheon,jun,14.5%,D,48.2%,-0.3%,1.3%,4 016
Bronze,EUW,16.3,165,Aurora,mid,81.8%,D,47.9%,-0.9%,2.2%,6 463
Bronze,EUW,16.3,166,Lulu,sup,96.6%,D,47.8%,-0.3%,2.5%,7 545
Bronze,EUW,16.3,167,Evelynn,jun,97.2%,D,47.6%,-1.1%,2.7%,8 020
Bronze,EUW,16.3,168,Kennen,top,71.3%,D,47.9%,+0.9%,2.0%,6 140
Bronze,EUW,16.3,169,Olaf,top,84.3%,D,47.9%,-1.7%,2.1%,6 259
Bronze,EUW,16.3,170,Vladimir,mid,60.4%,D,48.0%,-1.0%,1.1%,3 362
Bronze,EUW,16.3,171,Ryze,mid,83.7%,D,47.6%,-1.0%,3.1%,9 183
Bronze,EUW,16.3,172,Bard,sup,96.8%,D,47.7%,-0.1%,2.5%,7 496
Bronze,EUW,16.3,173,Ambessa,jun,44.4%,D,47.8%,+0.2%,1.6%,4 662
Bronze,EUW,16.3,174,Quinn,top,69.3%,D,47.9%,-0.2%,1.4%,4 180
Bronze,EUW,16.3,175,Graves,jun,85.1%,D,48.1%,+1.9%,1.1%,3 417
Bronze,EUW,16.3,176,Mel,sup,43.6%,D,45.0%,-1.0%,5.8%,17 493
Bronze,EUW,16.3,177,Rumble,top,84.7%,D,47.8%,-0.4%,1.4%,4 214
Bronze,EUW,16.3,178,Udyr,jun,81.6%,D,47.9%,-0.9%,1.2%,3 534
Bronze,EUW,16.3,179,Kha'Zix,jun,99.4%,D,46.0%,-0.5%,5.7%,17 066
Bronze,EUW,16.3,180,Varus,top,32.4%,D,45.8%,-4.3%,3.2%,9 697
Bronze,EUW,16.3,181,Pantheon,top,19.7%,D,47.2%,-1.0%,1.8%,5 330
Bronze,EUW,16.3,182,Vayne,top,26.7%,D,45.9%,-0.7%,2.4%,7 246
Bronze,EUW,16.3,183,Zoe,mid,83.2%,D,46.6%,-0.5%,2.6%,7 736
Bronze,EUW,16.3,184,Kindred,jun,95.1%,D,46.8%,-0.4%,2.4%,7 156
Bronze,EUW,16.3,185,Twisted Fate,mid,85.2%,D,47.2%,+0.4%,1.4%,4 302
Bronze,EUW,16.3,186,Cassiopeia,mid,74.1%,D,47.1%,-1.6%,1.1%,3 277
Bronze,EUW,16.3,187,Orianna,mid,94.2%,D,46.6%,-1.0%,2.9%,8 677
Bronze,EUW,16.3,188,Ambessa,top,51.6%,D,46.6%,+1.0%,1.8%,5 355
Bronze,EUW,16.3,189,Ashe,sup,8.5%,D,46.4%,-1.3%,1.0%,3 148
Bronze,EUW,16.3,190,Talon,mid,42.9%,D,46.8%,+0.2%,1.1%,3 239
Bronze,EUW,16.3,191,Aatrox,top,82.9%,D,45.9%,+0.1%,2.8%,8 314
Bronze,EUW,16.3,192,Lucian,adc,95.3%,D,46.0%,-0.9%,3.3%,9 770
Bronze,EUW,16.3,193,Corki,adc,83.3%,D,46.7%,-0.2%,1.4%,4 180
Bronze,EUW,16.3,194,Talon,jun,55.3%,D,46.4%,+0.9%,1.7%,4 998
Bronze,EUW,16.3,195,Hecarim,jun,98.7%,D,45.8%,+0.9%,1.9%,5 604
Bronze,EUW,16.3,196,Yuumi,sup,98.5%,D,45.0%,-1.4%,3.4%,10 191
Bronze,EUW,16.3,197,Riven,top,87.0%,D,45.5%,-0.5%,2.0%,6 140
Bronze,EUW,16.3,198,Zed,jun,17.1%,D,44.1%,-2.4%,1.0%,3 111
Bronze,EUW,16.3,199,Taliyah,mid,77.3%,D,45.3%,+0.8%,1.3%,3 855
Bronze,EUW,16.3,200,LeeSin,jun,90.3%,D,44.6%,-0.3%,2.8%,8 491
Bronze,EUW,16.3,201,Sylas,jun,32.2%,D,44.4%,-0.7%,1.9%,5 792
Bronze,EUW,16.3,202,Rengar,jun,91.8%,D,44.5%,-1.1%,2.4%,7 080
Bronze,EUW,16.3,203,Qiyana,mid,63.9%,D,44.1%,-1.8%,1.5%,4 445
Bronze,EUW,16.3,204,Azir,mid,93.2%,D,42.8%,-0.3%,1.8%,5 348
Bronze,EUW,16.3,205,K'Sante,top,93.8%,D,42.3%,-1.3%,1.3%,3 941
Bronze,EUW,15.24,1,Miss Fortune,adc,96.9%,S+,52.9%,-0.3%,31.2%,298 361
Bronze,EUW,15.24,2,Briar,jun,92.6%,S+,54.1%,+2.2%,8.0%,76 661
Bronze,EUW,15.24,3,Dr.Mundo,jun,35.4%,S+,54.9%,-0.2%,5.1%,48 947
Bronze,EUW,15.24,4,Dr.Mundo,top,59.4%,S+,53.5%,-0.4%,8.4%,79 991
Bronze,EUW,15.24,5,Malzahar,mid,88.1%,S+,52.9%,+0.3%,8.9%,85 003
Bronze,EUW,15.24,6,Yorick,top,88.5%,S+,53.3%,-0.0%,6.2%,59 762
Bronze,EUW,15.24,7,Amumu,jun,89.4%,S+,53.9%,-0.1%,6.9%,65 787
Bronze,EUW,15.24,8,Jax,jun,60.6%,S+,52.2%,-0.4%,9.4%,89 859
Bronze,EUW,15.24,9,Sett,top,90.8%,S+,52.8%,+0.1%,9.8%,93 483
Bronze,EUW,15.24,10,Teemo,sup,15.7%,S+,54.2%,-1.1%,2.2%,21 504
Bronze,EUW,15.24,11,Viego,jun,97.5%,S+,51.1%,+0.3%,13.7%,131 023
Bronze,EUW,15.24,12,Garen,top,91.1%,S+,51.8%,+0.7%,11.1%,106 704
Bronze,EUW,15.24,13,Veigar,mid,80.6%,S+,52.4%,+0.2%,10.5%,100 166
Bronze,EUW,15.24,14,Warwick,jun,87.3%,S+,51.7%,-0.2%,9.8%,93 490
Bronze,EUW,15.24,15,Swain,mid,18.4%,S+,54.4%,-0.4%,2.1%,20 258
Bronze,EUW,15.24,16,Morgana,sup,78.1%,S+,51.0%,+0.2%,11.7%,112 130
Bronze,EUW,15.24,17,Mordekaiser,top,88.5%,S+,51.2%,+0.6%,10.5%,100 966
Bronze,EUW,15.24,18,Malphite,jun,33.5%,S+,52.5%,+0.5%,6.0%,57 063
Bronze,EUW,15.24,19,Swain,adc,10.8%,S+,54.3%,-0.8%,1.4%,13 639
Bronze,EUW,15.24,20,Malphite,top,44.0%,S+,51.7%,-0.2%,8.2%,78 857
Bronze,EUW,15.24,21,Teemo,jun,12.3%,S+,53.5%,+0.3%,1.9%,17 937
Bronze,EUW,15.24,22,Teemo,top,63.8%,S+,51.4%,+0.0%,8.5%,81 343
Bronze,EUW,15.24,23,Lux,sup,72.1%,S+,50.4%,-0.0%,18.1%,173 039
Bronze,EUW,15.24,24,Brand,sup,68.1%,S,52.6%,-0.5%,6.1%,58 065
Bronze,EUW,15.24,25,Lux,mid,24.6%,S,51.8%,-0.1%,6.2%,59 206
Bronze,EUW,15.24,26,Zyra,sup,85.4%,S,52.7%,+0.2%,5.5%,52 706
Bronze,EUW,15.24,27,Yasuo,mid,71.9%,S,50.7%,-0.8%,9.4%,90 089
Bronze,EUW,15.24,28,Jhin,adc,96.2%,S,50.8%,+0.2%,13.8%,132 070
Bronze,EUW,15.24,29,Fizz,mid,90.3%,S,51.3%,+0.8%,7.0%,66 938
Bronze,EUW,15.24,30,Leona,sup,99.1%,S,51.4%,+0.9%,8.3%,79 781
Bronze,EUW,15.24,31,Swain,sup,59.7%,S,51.9%,-0.2%,6.3%,60 198
Bronze,EUW,15.24,32,Master Yi,jun,91.2%,S,50.2%,+0.0%,10.3%,99 011
Bronze,EUW,15.24,33,Veigar,adc,7.4%,S,53.9%,-1.7%,1.1%,10 577
Bronze,EUW,15.24,34,Illaoi,top,94.8%,S,51.8%,-0.3%,4.3%,40 733
Bronze,EUW,15.24,35,Caitlyn,adc,95.4%,S,49.3%,-0.3%,19.8%,189 642
Bronze,EUW,15.24,36,Malphite,mid,8.2%,A,52.5%,-0.5%,1.4%,13 520
Bronze,EUW,15.24,37,Rammus,jun,92.5%,A,53.2%,-0.9%,2.3%,22 050
Bronze,EUW,15.24,38,Smolder,adc,82.2%,A,51.5%,-1.4%,8.5%,81 248
Bronze,EUW,15.24,39,Vayne,adc,77.7%,A,50.9%,+0.3%,8.0%,76 865
Bronze,EUW,15.24,40,Jinx,adc,98.6%,A,50.0%,+0.3%,15.3%,146 304
Bronze,EUW,15.24,41,Shaco,sup,18.0%,A,52.2%,+0.1%,1.5%,13 893
Bronze,EUW,15.24,42,Milio,sup,99.0%,A,52.4%,-0.3%,5.2%,49 727
Bronze,EUW,15.24,43,Morgana,mid,16.7%,A,51.9%,-0.8%,2.4%,23 187
Bronze,EUW,15.24,44,Urgot,top,92.8%,A,52.7%,-0.9%,3.8%,36 243
Bronze,EUW,15.24,45,Taric,sup,92.7%,A,53.8%,-0.3%,1.4%,13 779
Bronze,EUW,15.24,46,Warwick,top,11.9%,A,52.0%,+1.1%,1.6%,15 040
Bronze,EUW,15.24,47,Diana,jun,55.1%,A,50.2%,-1.3%,8.1%,77 717
Bronze,EUW,15.24,48,Diana,mid,43.2%,A,50.7%,+0.6%,6.2%,59 347
Bronze,EUW,15.24,49,Yasuo,adc,7.9%,A,52.0%,+0.3%,1.3%,12 506
Bronze,EUW,15.24,50,Nami,sup,99.6%,A,51.7%,+0.4%,7.3%,69 616
Bronze,EUW,15.24,51,Heimerdinger,mid,24.7%,A,52.3%,+1.5%,1.1%,10 390
Bronze,EUW,15.24,52,Kayn,jun,94.2%,A,50.2%,+0.6%,9.4%,90 453
Bronze,EUW,15.24,53,Swain,top,10.9%,A,52.3%,-1.5%,1.2%,11 771
Bronze,EUW,15.24,54,Ahri,mid,95.4%,A,49.8%,+0.4%,11.0%,105 663
Bronze,EUW,15.24,55,Volibear,jun,60.4%,A,51.6%,-2.3%,5.5%,52 873
Bronze,EUW,15.24,56,Sion,top,72.8%,A,52.6%,+1.5%,3.6%,34 832
Bronze,EUW,15.24,57,Brand,mid,21.1%,A,52.1%,+0.0%,1.9%,18 581
Bronze,EUW,15.24,58,Ashe,adc,88.1%,A,49.2%,+0.0%,12.8%,122 510
Bronze,EUW,15.24,59,Vel'Koz,sup,69.1%,A,51.9%,-0.9%,4.2%,40 363
Bronze,EUW,15.24,60,Kayle,top,81.3%,A,51.6%,-0.7%,5.3%,50 633
Bronze,EUW,15.24,61,Singed,top,84.1%,A,52.7%,-0.6%,2.3%,21 844
Bronze,EUW,15.24,62,Kayle,mid,15.7%,A,52.7%,+0.9%,1.2%,11 608
Bronze,EUW,15.24,63,Samira,adc,97.9%,A,49.9%,+0.1%,6.2%,59 422
Bronze,EUW,15.24,64,Nautilus,sup,96.2%,B,49.3%,+0.0%,9.0%,86 135
Bronze,EUW,15.24,65,Heimerdinger,top,61.1%,B,51.1%,+0.8%,3.0%,28 381
Bronze,EUW,15.24,66,Naafiri,mid,57.7%,B,51.4%,-0.2%,4.1%,39 320
Bronze,EUW,15.24,67,Yone,mid,60.4%,B,49.8%,+0.7%,8.3%,79 239
Bronze,EUW,15.24,68,Shen,sup,26.0%,B,52.8%,+1.2%,1.0%,9 771
Bronze,EUW,15.24,69,Darius,top,91.0%,B,48.5%,-0.5%,9.7%,93 256
Bronze,EUW,15.24,70,Xerath,mid,49.1%,B,51.0%,+0.4%,4.0%,38 639
Bronze,EUW,15.24,71,Zaahen,top,68.9%,B,49.2%,+0.2%,7.2%,69 113
Bronze,EUW,15.24,72,Xerath,sup,48.0%,B,51.2%,+1.3%,3.0%,28 713
Bronze,EUW,15.24,73,Nilah,adc,97.2%,B,52.0%,-0.7%,2.1%,20 442
Bronze,EUW,15.24,74,Nasus,top,78.5%,B,51.1%,-0.5%,4.9%,47 096
Bronze,EUW,15.24,75,Seraphine,sup,94.0%,B,49.7%,+0.5%,9.5%,90 542
Bronze,EUW,15.24,76,Akali,mid,87.8%,B,48.7%,+0.3%,8.4%,80 776
Bronze,EUW,15.24,77,Ziggs,adc,56.9%,B,51.8%,+0.9%,2.8%,26 495
Bronze,EUW,15.24,78,Syndra,mid,93.4%,C,51.1%,-0.4%,4.2%,40 375
Bronze,EUW,15.24,79,Trundle,jun,68.4%,C,51.5%,+1.5%,3.4%,32 398
Bronze,EUW,15.24,80,Aurelion Sol,mid,82.3%,C,51.8%,+0.6%,2.9%,27 284
Bronze,EUW,15.24,81,Soraka,sup,97.4%,C,51.4%,-0.6%,3.6%,34 832
Bronze,EUW,15.24,82,Jax,top,37.2%,C,49.3%,-0.2%,5.4%,51 375
Bronze,EUW,15.24,83,Kled,top,91.3%,C,52.1%,+0.2%,1.3%,12 843
Bronze,EUW,15.24,84,Kai'Sa,adc,96.5%,C,48.8%,-0.0%,11.3%,107 908
Bronze,EUW,15.24,85,Vel'Koz,mid,25.7%,C,51.5%,-0.6%,2.0%,19 513
Bronze,EUW,15.24,86,Nasus,jun,15.9%,C,51.7%,+0.8%,1.3%,12 461
Bronze,EUW,15.24,87,Ekko,mid,50.8%,C,50.8%,-0.6%,4.3%,40 880
Bronze,EUW,15.24,88,Lillia,jun,93.1%,C,50.9%,+0.1%,3.6%,34 644
Bronze,EUW,15.24,89,Nocturne,jun,97.0%,C,49.9%,+0.1%,5.6%,53 172
Bronze,EUW,15.24,90,Tristana,adc,92.3%,C,48.6%,+1.0%,9.2%,88 227
Bronze,EUW,15.24,91,Cho'Gath,top,64.0%,C,50.5%,+0.4%,4.6%,43 752
Bronze,EUW,15.24,92,Blitzcrank,sup,97.9%,C,48.8%,+0.4%,5.8%,55 183
Bronze,EUW,15.24,93,Viktor,mid,94.7%,C,51.2%,-0.3%,3.0%,28 302
Bronze,EUW,15.24,94,Tahm Kench,sup,72.0%,C,50.0%,+0.5%,4.7%,45 168
Bronze,EUW,15.24,95,Malphite,sup,14.0%,C,49.8%,-0.4%,2.1%,19 842
Bronze,EUW,15.24,96,Sona,sup,98.5%,C,51.4%,-0.6%,2.7%,25 811
Bronze,EUW,15.24,97,Twitch,adc,81.9%,C,49.4%,+0.3%,4.5%,43 439
Bronze,EUW,15.24,98,Yone,top,36.8%,C,49.8%,+0.9%,4.9%,47 051
Bronze,EUW,15.24,99,Mel,mid,48.8%,C,47.8%,+0.9%,8.7%,83 236
Bronze,EUW,15.24,100,Shaco,jun,76.3%,C,48.7%,+0.6%,5.6%,53 587
Bronze,EUW,15.24,101,Shyvana,jun,91.4%,C,51.4%,+0.7%,1.8%,17 406
Bronze,EUW,15.24,102,Pyke,sup,97.6%,C,48.0%,-0.1%,7.5%,71 529
Bronze,EUW,15.24,103,Galio,mid,76.5%,C,50.5%,-1.0%,3.5%,33 812
Bronze,EUW,15.24,104,Aphelios,adc,96.7%,C,50.4%,+0.2%,4.2%,40 150
Bronze,EUW,15.24,105,Braum,sup,98.6%,C,50.8%,-0.2%,3.2%,30 815
Bronze,EUW,15.24,106,Maokai,sup,81.1%,C,51.3%,+2.1%,2.0%,19 214
Bronze,EUW,15.24,107,Irelia,mid,49.4%,C,50.3%,-0.4%,2.7%,25 891
Bronze,EUW,15.24,108,Tahm Kench,top,24.4%,C,50.6%,-0.1%,1.6%,15 491
Bronze,EUW,15.24,109,Jarvan IV,jun,89.9%,C,50.7%,+0.8%,2.9%,27 844
Bronze,EUW,15.24,110,Ziggs,mid,30.8%,C,50.9%,-1.0%,1.4%,13 626
Bronze,EUW,15.24,111,Katarina,mid,96.0%,C,48.5%,+0.2%,6.3%,59 915
Bronze,EUW,15.24,112,Wukong,jun,79.3%,C,50.8%,+0.3%,2.5%,24 244
Bronze,EUW,15.24,113,Kog'Maw,adc,87.7%,C,51.0%,+0.5%,1.6%,15 386
Bronze,EUW,15.24,114,Vex,mid,94.3%,C,49.5%,+0.4%,4.7%,44 648
Bronze,EUW,15.24,115,Janna,sup,95.1%,C,51.0%,-1.3%,1.6%,15 450
Bronze,EUW,15.24,116,Sejuani,jun,82.5%,C,50.9%,+0.8%,1.8%,16 888
Bronze,EUW,15.24,117,Poppy,sup,67.2%,C,50.6%,+1.0%,2.3%,22 125
Bronze,EUW,15.24,118,Ornn,top,83.3%,D,50.6%,+0.4%,2.2%,20 879
Bronze,EUW,15.24,119,Thresh,sup,97.4%,D,48.8%,+0.3%,6.6%,63 504
Bronze,EUW,15.24,120,Anivia,mid,71.1%,D,50.5%,+1.2%,1.7%,16 287
Bronze,EUW,15.24,121,Zed,mid,71.6%,D,47.9%,-1.4%,4.8%,45 992
Bronze,EUW,15.24,122,Yasuo,top,18.8%,D,48.6%,+0.4%,2.4%,22 836
Bronze,EUW,15.24,123,Rell,sup,98.5%,D,50.2%,-0.6%,2.4%,23 450
Bronze,EUW,15.24,124,Sylas,mid,48.0%,D,48.3%,+1.1%,4.9%,47 224
Bronze,EUW,15.24,125,Mel,adc,9.6%,D,48.6%,+1.4%,2.1%,20 281
Bronze,EUW,15.24,126,Veigar,sup,9.5%,D,49.7%,-0.1%,1.0%,9 935
Bronze,EUW,15.24,127,Pantheon,sup,48.2%,D,49.1%,+1.0%,4.3%,41 636
Bronze,EUW,15.24,128,Renekton,top,92.8%,D,49.6%,+1.3%,3.2%,30 683
Bronze,EUW,15.24,129,Tryndamere,top,75.3%,D,49.3%,+0.9%,3.7%,35 648
Bronze,EUW,15.24,130,Zaahen,jun,25.9%,D,48.3%,+3.0%,2.6%,24 899
Bronze,EUW,15.24,131,Kassadin,mid,96.3%,D,50.1%,+0.4%,1.7%,16 406
Bronze,EUW,15.24,132,Kennen,mid,36.8%,D,49.9%,+0.7%,1.8%,17 094
Bronze,EUW,15.24,133,Hwei,mid,75.2%,D,49.7%,+0.0%,2.6%,25 230
Bronze,EUW,15.24,134,Xin Zhao,jun,88.6%,D,49.7%,+2.9%,2.9%,28 078
Bronze,EUW,15.24,135,Zilean,sup,87.8%,D,50.1%,+0.1%,1.5%,14 362
Bronze,EUW,15.24,136,Fiddlesticks,jun,71.5%,D,49.7%,+0.2%,2.4%,23 275
Bronze,EUW,15.24,137,Lissandra,mid,87.9%,D,49.9%,-0.5%,1.5%,14 509
Bronze,EUW,15.24,138,Volibear,top,37.0%,D,49.1%,-1.3%,2.5%,23 756
Bronze,EUW,15.24,139,Vladimir,mid,60.2%,D,49.5%,-1.0%,1.6%,15 410
Bronze,EUW,15.24,140,Zeri,adc,94.6%,D,49.6%,-0.9%,2.4%,23 013
Bronze,EUW,15.24,141,Shen,top,63.8%,D,49.6%,-0.2%,2.4%,22 744
Bronze,EUW,15.24,142,Cho'Gath,jun,15.9%,D,49.5%,-0.4%,1.3%,12 816
Bronze,EUW,15.24,143,Akali,top,11.2%,D,48.2%,-1.2%,1.1%,10 192
Bronze,EUW,15.24,144,Sivir,adc,97.3%,D,49.0%,+0.3%,3.4%,32 559
Bronze,EUW,15.24,145,Karma,sup,90.7%,D,49.3%,+0.0%,2.9%,27 399
Bronze,EUW,15.24,146,Cassiopeia,mid,72.7%,D,49.4%,-1.6%,1.8%,17 443
Bronze,EUW,15.24,147,Senna,sup,84.9%,D,48.8%,-0.9%,4.4%,41 955
Bronze,EUW,15.24,148,Irelia,top,48.9%,D,48.5%,-0.6%,3.1%,29 462
Bronze,EUW,15.24,149,Ekko,jun,45.3%,D,48.5%,-0.8%,3.9%,37 367
Bronze,EUW,15.24,150,Olaf,top,83.3%,D,49.3%,-1.7%,2.4%,22 496
Bronze,EUW,15.24,151,Ezreal,adc,92.9%,D,47.7%,+1.3%,6.7%,64 355
Bronze,EUW,15.24,152,Udyr,jun,83.6%,D,49.5%,-0.9%,1.6%,15 607
Bronze,EUW,15.24,153,Xayah,adc,98.5%,D,48.9%,+0.3%,3.4%,32 920
Bronze,EUW,15.24,154,Smolder,mid,10.9%,D,49.1%,+1.1%,1.1%,10 402
Bronze,EUW,15.24,155,Mel,sup,40.2%,D,46.2%,-1.0%,6.4%,60 947
Bronze,EUW,15.24,156,Bel'Veth,jun,96.6%,D,49.1%,+2.7%,1.7%,16 743
Bronze,EUW,15.24,157,Nunu,jun,93.5%,D,48.9%,+1.4%,3.0%,28 626
Bronze,EUW,15.24,158,Bard,sup,96.1%,D,48.8%,-0.1%,2.9%,27 748
Bronze,EUW,15.24,159,Draven,adc,94.2%,D,47.5%,+1.5%,2.9%,28 154
Bronze,EUW,15.24,160,Vi,jun,92.5%,D,48.8%,+1.5%,3.0%,29 004
Bronze,EUW,15.24,161,Trundle,top,28.8%,D,48.9%,+0.8%,1.6%,15 221
Bronze,EUW,15.24,162,Sylas,jun,42.4%,D,47.0%,-0.7%,4.7%,44 754
Bronze,EUW,15.24,163,Fiora,top,96.6%,D,48.4%,+1.1%,3.2%,30 602
Bronze,EUW,15.24,164,Ryze,mid,82.2%,D,49.1%,-1.0%,1.7%,15 918
Bronze,EUW,15.24,165,Lulu,sup,96.6%,D,48.6%,-0.3%,2.7%,26 055
Bronze,EUW,15.24,166,Rakan,sup,97.9%,D,48.8%,-0.3%,2.5%,24 182
Bronze,EUW,15.24,167,Leblanc,mid,88.5%,D,47.7%,+0.5%,3.1%,30 000
Bronze,EUW,15.24,168,Akshan,mid,86.9%,D,48.4%,-0.1%,2.4%,22 720
Bronze,EUW,15.24,169,Evelynn,jun,96.9%,D,48.2%,-1.1%,3.0%,28 355
Bronze,EUW,15.24,170,Zac,jun,75.8%,D,48.7%,-1.0%,1.7%,16 739
Bronze,EUW,15.24,171,Naafiri,jun,34.7%,D,47.9%,+1.0%,2.0%,19 474
Bronze,EUW,15.24,172,Kha'Zix,jun,99.0%,D,47.9%,-0.5%,3.7%,35 620
Bronze,EUW,15.24,173,Yunara,adc,97.0%,D,47.2%,+0.3%,5.2%,49 675
Bronze,EUW,15.24,174,Alistar,sup,93.0%,D,48.5%,-0.5%,1.8%,17 679
Bronze,EUW,15.24,175,Neeko,sup,78.3%,D,47.4%,+0.2%,4.4%,42 443
Bronze,EUW,15.24,176,Vayne,top,19.3%,D,47.2%,-0.7%,2.0%,19 536
Bronze,EUW,15.24,177,Graves,jun,89.4%,D,48.5%,+1.9%,1.5%,14 744
Bronze,EUW,15.24,178,Gnar,top,93.9%,D,48.1%,+0.3%,1.9%,17 783
Bronze,EUW,15.24,179,Annie,mid,81.5%,D,48.2%,+1.0%,1.4%,13 429
Bronze,EUW,15.24,180,Kennen,top,57.6%,D,47.9%,+0.9%,1.8%,17 663
Bronze,EUW,15.24,181,Aurora,mid,81.3%,D,47.8%,-0.9%,2.1%,19 820
Bronze,EUW,15.24,182,Zed,jun,24.6%,D,46.4%,-2.4%,1.6%,15 712
Bronze,EUW,15.24,183,Lucian,adc,94.9%,D,47.1%,-0.9%,4.3%,41 121
Bronze,EUW,15.24,184,Pantheon,top,21.1%,D,47.5%,-1.0%,1.9%,18 601
Bronze,EUW,15.24,185,Quinn,top,72.5%,D,47.4%,-0.2%,2.1%,19 748
Bronze,EUW,15.24,186,Orianna,mid,94.5%,D,47.5%,-1.0%,2.8%,27 207
Bronze,EUW,15.24,187,Elise,jun,64.8%,D,48.0%,-1.1%,1.2%,11 212
Bronze,EUW,15.24,188,Ashe,sup,7.6%,D,46.7%,-1.3%,1.1%,10 308
Bronze,EUW,15.24,189,Zoe,mid,81.2%,D,46.7%,-0.5%,2.9%,27 448
Bronze,EUW,15.24,190,Aatrox,top,65.0%,D,46.3%,+0.1%,3.3%,31 849
Bronze,EUW,15.24,191,Pantheon,jun,20.2%,D,47.0%,-0.3%,1.6%,15 520
Bronze,EUW,15.24,192,Gwen,top,79.6%,D,46.1%,+0.6%,4.1%,39 061
Bronze,EUW,15.24,193,Talon,mid,37.8%,D,47.4%,+0.2%,1.0%,9 907
Bronze,EUW,15.24,194,Kindred,jun,95.6%,D,46.8%,-0.4%,2.8%,27 280
Bronze,EUW,15.24,195,Talon,jun,60.2%,D,46.9%,+0.9%,2.0%,19 588
Bronze,EUW,15.24,196,Ambessa,top,69.5%,D,46.7%,+1.0%,1.9%,18 357
Bronze,EUW,15.24,197,Yuumi,sup,97.9%,D,46.2%,-1.4%,3.4%,32 638
Bronze,EUW,15.24,198,Vladimir,top,38.3%,D,46.7%,+0.9%,1.2%,11 653
Bronze,EUW,15.24,199,Rumble,top,81.2%,D,47.1%,-0.4%,1.1%,10 294
Bronze,EUW,15.24,200,Hecarim,jun,98.5%,D,46.9%,+0.9%,1.7%,16 631
Bronze,EUW,15.24,201,Aatrox,jun,32.2%,D,46.2%,-0.9%,1.6%,15 042
Bronze,EUW,15.24,202,Twisted Fate,mid,83.3%,D,46.6%,+0.4%,1.5%,14 575
Bronze,EUW,15.24,203,Varus,adc,78.0%,D,45.5%,-0.8%,3.6%,34 549
Bronze,EUW,15.24,204,Kalista,adc,90.2%,D,46.3%,+0.1%,1.1%,10 978
Bronze,EUW,15.24,205,Gangplank,top,83.0%,D,45.8%,+2.2%,1.6%,15 362
Bronze,EUW,15.24,206,Riven,top,82.0%,D,45.5%,-0.5%,2.4%,23 204
Bronze,EUW,15.24,207,LeeSin,jun,89.8%,D,44.5%,-0.3%,3.4%,32 581
Bronze,EUW,15.24,208,Jayce,top,52.5%,D,44.9%,+0.5%,1.0%,9 844
Bronze,EUW,15.24,209,Qiyana,mid,52.2%,D,44.6%,-1.8%,1.6%,15 519
Bronze,EUW,15.24,210,Rengar,jun,91.3%,D,43.7%,-1.1%,3.1%,29 267
Bronze,EUW,15.24,211,K'Sante,top,93.8%,D,43.8%,-1.3%,1.2%,11 640
Bronze,EUW,15.24,212,Azir,mid,92.4%,D,43.6%,-0.3%,1.4%,13 205
Bronze,EUW,15.24,213,Qiyana,jun,44.8%,D,41.9%,-0.1%,1.4%,13 658
Bronze,EUW,15.24,214,Nidalee,jun,67.1%,D,41.7%,+0.8%,1.1%,10 568
